RUN,crystal_name,RealCrystalName,smiles,new_smiles,alternate_name,site_name,pdb_entry
RUN0,Mpro-6lu7_0C,Mpro-6lu7,CC1CC(CO)NO1,NA,NA,P1 - PDB Structures,6LU7
RUN1,Mpro-6lu7_1C,Mpro-6lu7,N[C@H](CCCO)C[C@@H]1CCNC1O,NA,NA,P1 - PDB Structures,6LU7
RUN2,Mpro-6lu7_2C,Mpro-6lu7,OCC1CCCCC1,NA,NA,P1 - PDB Structures,6LU7
RUN3,Mpro-6lze_0A,Mpro-6lze,OC[C@H](C[C@@H]1CCNC1O)NC(O)[C@H](CC1CCCCC1)N[C@H](O)[C@H]1CC2CCCCC2N1,NA,NA,P1 - PDB Structures,6LZE
RUN4,Mpro-6m0k_0A,Mpro-6m0k,OC[C@H](C[C@@H]1CCNC1O)NC(O)[C@H](CC1CCCC(F)C1)NC(O)C1CC2CCCCC2N1,NA,NA,P1 - PDB Structures,6M0K
RUN5,Mpro-6m2n_0A,Mpro-6m2n,OC1CC2OC(C3CCCCC3)CC(O)C2C(O)C1O,NA,NA,P1 - PDB Structures,6M2N
RUN6,Mpro-6m2n_0B,Mpro-6m2n,OC1CC2OC(C3CCCCC3)CC(O)C2C(O)C1O,NA,NA,P1 - PDB Structures,6M2N
RUN7,Mpro-6m2n_0C,Mpro-6m2n,OC1CC2OC(C3CCCCC3)CC(O)C2C(O)C1O,NA,NA,P1 - PDB Structures,6M2N
RUN8,Mpro-6m2n_0D,Mpro-6m2n,OC1CC2OC(C3CCCCC3)CC(O)C2C(O)C1O,NA,NA,P1 - PDB Structures,6M2N
RUN9,Mpro-6w63_0A,Mpro-6w63,CC(C)(C)C1CCC(N(C(O)C2CNCN2)[C@H](C2CCCNC2)C(O)NC2CCCCC2)CC1,NA,NA,P1 - PDB Structures,6W63
RUN10,Mpro-6wnp_0A,Mpro-6wnp,CC(C)(C)NC(O)N[C@H](C(O)N1C[C@H]2[C@@H]([C@H]1C(O)N[C@@H](CC1CCC1)[C@@H](O)C(N)O)C2(C)C)C(C)(C)C,NA,NA,P1 - PDB Structures,6WNP
RUN11,Mpro-6wtj_0A,Mpro-6wtj,CC(C)C[C@H](NC(O)OCC1CCCCC1)C(O)N[C@H](CO)C[C@@H]1CCNC1O,NA,NA,P1 - PDB Structures,6WTJ
RUN12,Mpro-6wtk_0A,Mpro-6wtk,CC(C)C[C@H](NC(O)OCC1CCCCC1)C(O)N[C@H](CO)C[C@@H]1CCNC1O,NA,NA,P1 - PDB Structures,6WTK
RUN13,Mpro-6wtt_0A,Mpro-6wtt,CC(C)C[C@H](N[C@H](O)OCC1CCCCC1)[C@H](O)N[C@H](CO)C[C@@H]1CCNC1O,NA,NA,P1 - PDB Structures,6WTT
RUN14,Mpro-6wtt_0B,Mpro-6wtt,CC(C)C[C@H](NC(O)OCC1CCCCC1)[C@@H](O)N[C@H](CO)C[C@@H]1CCNC1O,NA,NA,P1 - PDB Structures,6WTT
RUN15,Mpro-6wtt_0C,Mpro-6wtt,CC(C)C[C@H](NC(O)OCC1CCCCC1)C(O)N[C@H](CO)C[C@@H]1CCNC1O,NA,NA,P1 - PDB Structures,6WTT
RUN16,Mpro-6xa4_0B,Mpro-6xa4,CSCC[C@H](N)CO,NA,NA,P1 - PDB Structures,6XA4
RUN17,Mpro-6xb0_0A,Mpro-6xb0,N[C@H](CO)CSOO,NA,NA,P1 - PDB Structures,6XB0
RUN18,Mpro-6xb1_0A,Mpro-6xb1,CCN1C(O)CCC1O,NA,NA,P1 - PDB Structures,6XB1
RUN19,Mpro-6xb1_1A,Mpro-6xb1,N[C@H](CO)CSOO,NA,NA,P1 - PDB Structures,6XB1
RUN20,Mpro-6xb2_0A,Mpro-6xb2,CCN1C(O)CCC1O,NA,NA,P1 - PDB Structures,6XB2
RUN21,Mpro-6xb2_1A,Mpro-6xb2,CCN1C(O)CCC1O,NA,NA,P1 - PDB Structures,6XB2
RUN22,Mpro-6xbg_0C,Mpro-6xbg,OCOCC1CCCCC1,NA,NA,P1 - PDB Structures,6XBG
RUN23,Mpro-6xbg_0E,Mpro-6xbg,NC1CC1,NA,NA,P1 - PDB Structures,6XBG
RUN24,Mpro-6xbg_1C,Mpro-6xbg,N[C@@H](C[C@@H]1CCNC1O)[C@@H](O)CO,NA,NA,P1 - PDB Structures,6XBG
RUN25,Mpro-6xbg_1E,Mpro-6xbg,N[C@@H](C[C@@H]1CCNC1O)[C@@H](O)CO,NA,NA,P1 - PDB Structures,6XBG
RUN26,Mpro-6xbg_2C,Mpro-6xbg,NC1CC1,NA,NA,P1 - PDB Structures,6XBG
RUN27,Mpro-6xbg_2E,Mpro-6xbg,OCOCC1CCCCC1,NA,NA,P1 - PDB Structures,6XBG
RUN28,Mpro-6xbh_0C,Mpro-6xbh,OCOCC1CCCCC1,NA,NA,P1 - PDB Structures,6XBH
RUN29,Mpro-6xbh_1C,Mpro-6xbh,N[C@H](CO)C[C@@H]1CCNC1O,NA,NA,P1 - PDB Structures,6XBH
RUN30,Mpro-6xbi_0D,Mpro-6xbi,NC1CC1,NA,NA,P1 - PDB Structures,6XBI
RUN31,Mpro-6xbi_0E,Mpro-6xbi,NC1CC1,NA,NA,P1 - PDB Structures,6XBI
RUN32,Mpro-6xbi_1D,Mpro-6xbi,N[C@@H](C[C@@H]1CCNC1O)[C@@H](O)CO,NA,NA,P1 - PDB Structures,6XBI
RUN33,Mpro-6xbi_1E,Mpro-6xbi,N[C@@H](C[C@@H]1CCNC1O)[C@@H](O)CO,NA,NA,P1 - PDB Structures,6XBI
RUN34,Mpro-6xbi_2D,Mpro-6xbi,OCOC1CCCCC1,NA,NA,P1 - PDB Structures,6XBI
RUN35,Mpro-6xbi_2E,Mpro-6xbi,OCOC1CCCCC1,NA,NA,P1 - PDB Structures,6XBI
RUN36,Mpro-6xch_0C,Mpro-6xch,NC(N)NCCC[C@H](N)CO,NA,NA,P1 - PDB Structures,6XCH
RUN37,Mpro-6xfn_0B,Mpro-6xfn,CCC[C@H](N)[C@H](O)CO,NA,NA,P1 - PDB Structures,6XFN
RUN38,Mpro-6xfn_1B,Mpro-6xfn,OCOC1CCCCC1,NA,NA,P1 - PDB Structures,6XFN
RUN39,Mpro-6xfn_2B,Mpro-6xfn,NCC1CCCCN1,NA,NA,P1 - PDB Structures,6XFN
RUN40,Mpro-6xhm_0A,Mpro-6xhm,COC1CCCC2NC(C(O)N[C@@H](CC(C)C)C(O)N[C@@H](C[C@@H]3CCNC3O)[C@H](O)CO)CC21,NA,NA,P1 - PDB Structures,6XHM
RUN41,Mpro-6xhm_0B,Mpro-6xhm,COC1CCCC2NC(C(O)N[C@@H](CC(C)C)C(O)N[C@@H](C[C@@H]3CCNC3O)[C@H](O)CO)CC21,NA,NA,P1 - PDB Structures,6XHM
RUN42,Mpro-6xkf_0A,Mpro-6xkf,N[C@H](CO)CSO,NA,NA,P1 - PDB Structures,6XKF
RUN43,Mpro-6xkf_0B,Mpro-6xkf,N[C@H](CO)CSO,NA,NA,P1 - PDB Structures,6XKF
RUN44,Mpro-6xmk_0A,Mpro-6xmk,CC(C)C[C@H](NC(O)OCC1CCC(F)(F)CC1)[C@@H](O)N[C@H](CO)C[C@@H]1CCNC1O,NA,NA,P1 - PDB Structures,6XMK
RUN45,Mpro-6xmk_0B,Mpro-6xmk,CC(C)C[C@H](NC(O)OCC1CCC(F)(F)CC1)C(O)N[C@H](CO)C[C@@H]1CCNC1O,NA,NA,P1 - PDB Structures,6XMK
RUN46,Mpro-6xmk_1B,Mpro-6xmk,OCCOCCOCCOCCO,NA,NA,P1 - PDB Structures,6XMK
RUN47,Mpro-6xqs_0A,Mpro-6xqs,CCC[C@H](NC(O)[C@@H]1[C@H]2CCC[C@H]2CN1C(O)[C@@H](NC(O)[C@@H](NC(O)[C@@H]1CNCCN1)C1CCCCC1)C(C)(C)C)[C@@H](O)C(O)NC1CC1,NA,NA,P1 - PDB Structures,6XQS
RUN48,Mpro-6xqt_0A,Mpro-6xqt,CCCC[C@H](N[C@H](O)[C@@H]1[C@@H]2[C@H](CN1C(O)[C@@H](NC(O)NC1(CS(O)(O)C(C)(C)C)CCCCC1)C(C)(C)C)C2(C)C)[C@@H](O)C(O)NC1CC1,NA,NA,P1 - PDB Structures,6XQT
RUN49,Mpro-6xqt_0B,Mpro-6xqt,CCCC[C@H](NC(O)[C@@H]1[C@@H]2[C@H](CN1C(O)[C@@H](NC(O)NC1(CS(O)(O)C(C)(C)C)CCCCC1)C(C)(C)C)C2(C)C)[C@@H](O)C(O)NC1CC1,NA,NA,P1 - PDB Structures,6XQT
RUN50,Mpro-6xqu_0A,Mpro-6xqu,CC(C)(C)NC(O)N[C@H](C(O)N1C[C@H]2[C@@H]([C@H]1C(O)N[C@@H](CC1CCC1)[C@@H](O)[C@H](N)O)C2(C)C)C(C)(C)C,NA,NA,P1 - PDB Structures,6XQU
RUN51,Mpro-6xr3_0A,Mpro-6xr3,COC1CCCC2NC(C(O)N[C@@H](CC(C)C)C(O)N[C@@H](C[C@@H]3CCNC3O)[C@H](O)C3NC4CCCCC4S3)CC21,NA,NA,P1 - PDB Structures,6XR3
RUN52,Mpro-6y2f_0A,Mpro-6y2f,CC(C)(C)OC(O)NC1CCCN([C@@H](CC2CC2)C(O)N[C@@H](C[C@@H]2CCNC2O)[C@@H](O)C(O)NCC2CCCCC2)C1O,NA,NA,P1 - PDB Structures,6Y2F
RUN53,Mpro-6y2g_0A,Mpro-6y2g,CC(C)(C)OC(O)NC1CCCN([C@@H](CC2CC2)C(O)N[C@@H](C[C@@H]2CCNC2O)[C@@H](O)[C@@H](O)NCC2CCCCC2)C1O,NA,NA,P1 - PDB Structures,6Y2G
RUN54,Mpro-6y2g_0B,Mpro-6y2g,CC(C)(C)OC(O)NC1CCCN([C@@H](CC2CC2)C(O)N[C@@H](C[C@@H]2CCNC2O)[C@@H](O)C(O)NCC2CCCCC2)C1O,NA,NA,P1 - PDB Structures,6Y2G
RUN55,Mpro-6y2g_1A,Mpro-6y2g,NCCO,NA,NA,P1 - PDB Structures,6Y2G
RUN56,Mpro-6ynq_0A,Mpro-6ynq,C[C@H]1CCC2CCCCC2C1O,NA,NA,P1 - PDB Structures,6YNQ
RUN57,Mpro-6yt8_0A,Mpro-6yt8,C1CCN2O[Zn]SC2C1,NA,NA,P1 - PDB Structures,6YT8
RUN58,Mpro-6yt8_2A,Mpro-6yt8,C1CCN2O[Zn]SC2C1,NA,NA,P1 - PDB Structures,6YT8
RUN59,Mpro-6yt8_4A,Mpro-6yt8,C1CNCN1,NA,NA,P1 - PDB Structures,6YT8
RUN60,Mpro-6yvf_0A,Mpro-6yvf,CC1CC([C@@H](C)NC2CCCCC2C(O)O)C2NC(N3CCOCC3)CC(O)N2C1,NA,NA,P1 - PDB Structures,6YVF
RUN61,Mpro-6yz6_0A,Mpro-6yz6,C1CNCN1,NA,NA,P1 - PDB Structures,6YZ6
RUN62,Mpro-6yz6_0C,Mpro-6yz6,NC(N)NCCC[C@H](N)C(O)O,NA,NA,P1 - PDB Structures,6YZ6
RUN63,Mpro-6yz6_3C,Mpro-6yz6,NC(N)NCCC[C@H](N)C(O)O,NA,NA,P1 - PDB Structures,6YZ6
RUN64,Mpro-6zrt_0A,Mpro-6zrt,CCC[C@H](NC(O)[C@@H]1[C@H]2CCC[C@H]2CN1C(O)[C@@H](NC(O)[C@@H](NC(O)C1CNCCN1)C1CCCCC1)C(C)(C)C)[C@@H](O)C(O)NC1CC1,NA,NA,P1 - PDB Structures,6ZRT
RUN65,Mpro-6zru_0A,Mpro-6zru,CC(C)(C)NC(O)N[C@H](C(O)N1C[C@H]2[C@@H]([C@H]1C(O)N[C@@H](CC1CCC1)[C@@H](O)C([NH3+])O)C2(C)C)C(C)(C)C,NA,NA,P1 - PDB Structures,6ZRU
RUN66,Mpro-7bqy_0C,Mpro-7bqy,CC1CC(C[O-])NO1,NA,NA,P1 - PDB Structures,7BQY
RUN67,Mpro-7bqy_1C,Mpro-7bqy,N[C@H](CCCO)C[C@@H]1CCNC1O,NA,NA,P1 - PDB Structures,7BQY
RUN68,Mpro-7bqy_2C,Mpro-7bqy,OCC1CCCCC1,NA,NA,P1 - PDB Structures,7BQY
RUN69,Mpro-7brp_0A,Mpro-7brp,CC(C)(C)NC(O)N[C@H](C(O)N1C[C@H]2[C@@H]([C@H]1C(O)N[C@@H](CC1CCC1)[C@@H](O)C(N)O)C2(C)C)C(C)(C)C,NA,NA,P1 - PDB Structures,7BRP
RUN70,Mpro-7brp_0B,Mpro-7brp,CC(C)(C)NC(O)N[C@H](C(O)N1C[C@H]2[C@@H]([C@H]1C(O)N[C@@H](CC1CCC1)[C@@H](O)C(N)O)C2(C)C)C(C)(C)C,NA,NA,P1 - PDB Structures,7BRP
RUN71,Mpro-7brr_0A,Mpro-7brr,CC(C)C[C@H](NC(O)OCC1CCCCC1)C(O)N[C@H](CO)C[C@@H]1CCN[C@H]1O,NA,NA,P1 - PDB Structures,7BRR
RUN72,Mpro-7brr_0B,Mpro-7brr,CC(C)C[C@H](NC(O)OCC1CCCCC1)C(O)N[C@H](CO)C[C@@H]1CCN[C@H]1O,NA,NA,P1 - PDB Structures,7BRR
RUN73,Mpro-7buy_0A,Mpro-7buy,CCCCCCNCO,NA,NA,P1 - PDB Structures,7BUY
RUN74,Mpro-7c6s_0A,Mpro-7c6s,CC(C)(C)NC(O)N[C@H](C(O)N1C[C@H]2[C@@H]([C@H]1C(O)N[C@@H](CC1CCC1)[C@@H](O)C(N)O)C2(C)C)C(C)(C)C,NA,NA,P1 - PDB Structures,7C6S
RUN75,Mpro-7c6u_0A,Mpro-7c6u,CC(C)C[C@H](NC(O)OCC1CCCCC1)C(O)N[C@H](CO)C[C@@H]1CCNC1O,NA,NA,P1 - PDB Structures,7C6U
RUN76,Mpro-7c7p_0A,Mpro-7c7p,CCC[C@H](NC(O)[C@@H]1[C@H]2CCC[C@H]2CN1C(O)[C@@H](N[C@H](O)[C@@H](NC(O)C1CNCCN1)C1CCCCC1)C(C)(C)C)[C@@H](O)[C@@H](O)NC1CC1,NA,NA,P1 - PDB Structures,7C7P
RUN77,Mpro-7c7p_0B,Mpro-7c7p,CCC[C@H](NC(O)[C@@H]1[C@H]2CCC[C@H]2CN1CO)[C@@H](O)C(O)NC1CC1,NA,NA,P1 - PDB Structures,7C7P
RUN78,Mpro-7c8b_0D,Mpro-7c8b,OCOCC1CCCCC1,NA,NA,P1 - PDB Structures,7C8B
RUN79,Mpro-7c8b_1D,Mpro-7c8b,C,NA,NA,P1 - PDB Structures,7C8B
RUN80,Mpro-7c8b_2D,Mpro-7c8b,COC(O)C[C@H](N)CO,NA,NA,P1 - PDB Structures,7C8B
RUN81,Mpro-7c8r_0A,Mpro-7c8r,CCOC(O)CC[C@H](C[C@@H]1CCNC1O)NC(O)[C@H](CC(C)C)NC(O)[C@@H](N[C@@H](O)OCC1CCCCC1)[C@@H](C)OC(C)(C)C,NA,NA,P1 - PDB Structures,7C8R
RUN82,Mpro-7c8t_0A,Mpro-7c8t,C[C@@H](OC(C)(C)C)[C@H](NC(O)OCC1CCCCC1)C(O)N[C@@H](CC1CCCCC1)C(O)N[C@H](CO)C[C@@H]1CCNC1O,NA,NA,P1 - PDB Structures,7C8T
RUN83,Mpro-7c8u_0A,Mpro-7c8u,CC(C)C[C@H](NC(O)OCC1CCCCC1)C(O)N[C@H](CO)C[C@@H]1CCNC1O,NA,NA,P1 - PDB Structures,7C8U
RUN84,Mpro-7cbt_0A,Mpro-7cbt,CC(C)C[C@H](NC(O)OCC1CCCCC1)C(O)N[C@H](CO)C[C@@H]1CCNC1O,NA,NA,P1 - PDB Structures,7CBT
RUN85,Mpro-7cbt_0B,Mpro-7cbt,CC(C)C[C@H](NC(O)OCC1CCCCC1)C(O)N[C@H](CO)C[C@@H]1CCN[C@H]1O,NA,NA,P1 - PDB Structures,7CBT
RUN86,Mpro-7com_0A,Mpro-7com,CC(C)(C)NC(O)N[C@H]([C@@H](O)N1C[C@H]2[C@@H]([C@H]1C(O)N[C@@H](CC1CCC1)[C@@H](O)C(N)O)C2(C)C)C(C)(C)C,NA,NA,P1 - PDB Structures,7COM
RUN87,Mpro-7com_0B,Mpro-7com,CC(C)(C)NC(O)N[C@H]([C@@H](O)N1C[C@H]2[C@@H]([C@H]1C(O)N[C@@H](CC1CCC1)[C@@H](O)C(N)O)C2(C)C)C(C)(C)C,NA,NA,P1 - PDB Structures,7COM
RUN88,Mpro-7cx9_0A,Mpro-7cx9,OCC1CCCC2C(I)NNC12,NA,NA,P1 - PDB Structures,7CX9
RUN89,Mpro-7jr4_0A,Mpro-7jr4,CCCCNC,NA,NA,P1 - PDB Structures,7JR4
RUN90,Mpro-7jr4_1A,Mpro-7jr4,CCCCNC,NA,NA,P1 - PDB Structures,7JR4
RUN91,Mpro-7jr4_2A,Mpro-7jr4,NCCO,NA,NA,P1 - PDB Structures,7JR4
RUN92,Mpro-7ju7_0A,Mpro-7ju7,CC1CCC(NC(O)C2CCC(CN3CCN(C)CC3)CC2)CC1NC1NC(C2CCCNC2)CS1,NA,NA,P1 - PDB Structures,7JU7
RUN93,Mpro-7jyc_0A,Mpro-7jyc,CCCC[C@H](N[C@H](O)[C@@H]1[C@@H]2[C@H](CN1C(O)[C@@H](NC(O)NC1(CS(O)(O)C(C)(C)C)CCCCC1)C(C)(C)C)C2(C)C)[C@@H](O)C(O)NC1CC1,NA,NA,P1 - PDB Structures,7JYC
RUN94,Mpro-x0072_0A,Mpro-x0072,CS(=O)(=O)NCCC=1C=CC=CC1,NA,AAR-POS-d2a4d1df-1,A8 - XChem screen - active site,5R7Y
RUN95,Mpro-x0104_0A,Mpro-x0104,CC(=O)NCCC1=CNC=2C=CC(F)=CC12,NA,AAR-POS-d2a4d1df-2,A8 - XChem screen - active site,5R7Z
RUN96,Mpro-x0107_0A,Mpro-x0107,CC(=O)NC=1C=NC=CC1C,NA,MAK-UNK-6435e6c2-8,A1 - Aminopyridine-like,5RE4
RUN97,Mpro-x0161_0A,Mpro-x0161,COC(=O)C=1C=CC(=CC1)S(=O)(=O)N,NA,MAT-POS-7dfc56d9-1,A8 - XChem screen - active site,5R80
RUN98,Mpro-x0165_0A,Mpro-x0165,CN1CCN(CC1)C(=O)NC=2C=CC=CC2,NA,AAR-POS-0daf6b7e-44,X1 - XChem Screen - xtal contact,5RGG
RUN99,Mpro-x0177_0A,Mpro-x0177,NC(=O)C1CCN(CC1)C(=O)NC=2C=CC=CC2,NA,AAR-POS-0daf6b7e-32,X1 - XChem Screen - xtal contact,5RE5
RUN100,Mpro-x0194_0A,Mpro-x0194,CC(=O)NC=1C=CC(OC=2N=CC=CN2)=CC1,NA,AAR-POS-0daf6b7e-33,X1 - XChem Screen - xtal contact,5RE6
RUN101,Mpro-x0195_0A,Mpro-x0195,CN1CCCC=2C=CC(=CC12)S(=O)(=O)N,NA,AAR-POS-d2a4d1df-4,A8 - XChem screen - active site,5R81
RUN102,Mpro-x0305_0A,Mpro-x0305,CCNC=1C=CC(C#N)=CN1,NA,AAR-POS-d2a4d1df-5,A8 - XChem screen - active site,5R82
RUN103,Mpro-x0336_0A,Mpro-x0336,CC(=O)NCC=1C=CC(=CC1)S(=O)(=O)N,NA,AAR-POS-0daf6b7e-45,X1 - XChem Screen - xtal contact,5RE7
RUN104,Mpro-x0350_0A,Mpro-x0350,FC=1C=CC=C(CNCC2=CC=CO2)C1,NA,AAR-POS-0daf6b7e-36,X1 - XChem Screen - xtal contact,5RE8
RUN105,Mpro-x0354_0A,Mpro-x0354,CN1CCN(CC1)C(=O)COC=2C=CC(C)=CC2,NA,AAR-POS-d2a4d1df-6,A8 - XChem screen - active site,5RE9
RUN106,Mpro-x0376_0A,Mpro-x0376,O=C(N1CCCCCC1)C=2C=CC=3OCOC3C2,NA,AAR-POS-0daf6b7e-43,X1 - XChem Screen - xtal contact,5REA
RUN107,Mpro-x0387_0A,Mpro-x0387,OC1CCN(CC=2C=CSC2)CC1,NA,AAR-POS-d2a4d1df-7,A8 - XChem screen - active site,5REB
RUN108,Mpro-x0390_0A,Mpro-x0390,OC=1C=CC=CC1CNC2=NC=3C=CC=CC3N2,NA,AAR-POS-0daf6b7e-25,S1 - XChem screen - surface,5REC
RUN109,Mpro-x0395_0A,Mpro-x0395,CC1=NN=C(CN2CCC=C(F)C2)S1,NA,AAR-POS-d2a4d1df-8,A8 - XChem screen - active site,5RGH
RUN110,Mpro-x0397_0A,Mpro-x0397,CN(CC=1C=C(C)ON1)C(=O)NC2CC2,NA,AAR-POS-d2a4d1df-9,A8 - XChem screen - active site,5RGI
RUN111,Mpro-x0398_0A,Mpro-x0398,C(CN1CCOCC1)SC=2C=CC=CC2,NA,AAR-POS-0daf6b7e-28,S1 - XChem screen - surface,5RED
RUN112,Mpro-x0425_0A,Mpro-x0425,C1CC2(CCN(C2)C=3C=NC=CN3)CO1,NA,AAR-POS-0daf6b7e-27,S1 - XChem screen - surface,5RGJ
RUN113,Mpro-x0426_0A,Mpro-x0426,FC=1C=CC=CC1C(=O)NCCC=2C=CN=CC2,NA,AAR-POS-d2a4d1df-10,A8 - XChem screen - active site,5RGK
RUN114,Mpro-x0434_0A,Mpro-x0434,O=C(NC=1C=CC=CC1)NC=2C=CC=NC2,NA,AAR-POS-d2a4d1df-11,A1 - Aminopyridine-like,5R83
RUN115,Mpro-x0464_0A,Mpro-x0464,CC1C(O)CCCN1CC=2C=CC=CC2,NA,MAK-UNK-6435e6c2-9,S1 - XChem screen - surface,5REE
RUN116,Mpro-x0478_0A,Mpro-x0478,COC(=O)C=1C=CC=C(NS(=O)(=O)C)C1,NA,MAK-UNK-6435e6c2-7,X1 - XChem Screen - xtal contact,5REF
RUN117,Mpro-x0499_0A,Mpro-x0499,NC(=O)C=1C=CC(NC(=O)[C@@H]2CCCO2)=CC1,NA,AAR-POS-0daf6b7e-41,X1 - XChem Screen - xtal contact,5REG
RUN118,Mpro-x0540_0A,Mpro-x0540,O=C(NCCC=1C=CN=CC1)NC2CCCCC2,NA,AAR-POS-d2a4d1df-12,A8 - XChem screen - active site,5REH
RUN119,Mpro-x0669_0A,Mpro-x0669,ClC=1C=CC=C(CN2CCOCC2)C1,NA,AAR-POS-0daf6b7e-29,S1 - XChem screen - surface,5REI
RUN120,Mpro-x0678_0A,Mpro-x0678,O=C(CC1CCCCC1)NC=2C=CC=NC2,NA,ALE-HEI-f28a35b5-9,A1 - Aminopyridine-like,5R84
RUN121,Mpro-x0689_0A,Mpro-x0689,CC(=O)N1CCN(CC1)S(=O)(=O)c2cccs2,CC(=O)N1CCN(CC1)S(=O)(=O)c2cccs2,LON-WEI-8f408cad-3,A3 - Chloroacetamide,5REJ
RUN122,Mpro-x0691_0A,Mpro-x0691,Fc1cccc(c1)S(=O)(=O)N2CCN(CC2)C(=O)C,Fc1cccc(c1)S(=O)(=O)N2CCN(CC2)C(=O)C,LON-WEI-8f408cad-4,A3 - Chloroacetamide,5REK
RUN123,Mpro-x0692_0A,Mpro-x0692,Cc1cccc(CN2CCN(CC2)C(=O)C)c1,Cc1cccc(CN2CCN(CC2)C(=O)C)c1,AAR-POS-d2a4d1df-24,A3 - Chloroacetamide,5REL
RUN124,Mpro-x0705_0A,Mpro-x0705,CC(=O)N1CCN(CC1)C(=O)c1ccc(C)cc1,CC(=O)N1CCN(CC1)C(=O)c1ccc(C)cc1,AAR-POS-d2a4d1df-25,A3 - Chloroacetamide,5RGL
RUN125,Mpro-x0708_0A,Mpro-x0708,CC(=O)NNC(=O)c1cc2CCCCc2s1,CC(=O)NNC(=O)c1cc2CCCCc2s1,AAR-POS-d2a4d1df-26,A3 - Chloroacetamide,5RGM
RUN126,Mpro-x0731_0A,Mpro-x0731,CC(=O)N1CCN(CC1)S(=O)(=O)c1ccc(C)cc1,CC(=O)N1CCN(CC1)S(=O)(=O)c1ccc(C)cc1,AAR-POS-d2a4d1df-27,A3 - Chloroacetamide,5RGN
RUN127,Mpro-x0734_0A,Mpro-x0734,[O-][N+](=O)c1ccccc1N2CCN(CC2)C(=O)C,[O-][N+](=O)c1ccccc1N2CCN(CC2)C(=O)C,AAR-POS-d2a4d1df-28,A3 - Chloroacetamide,5REM
RUN128,Mpro-x0736_0A,Mpro-x0736,CC(=O)N1CCN(CC1)C(=O)c1ccco1,CC(=O)N1CCN(CC1)C(=O)c1ccco1,AAR-POS-d2a4d1df-29,A3 - Chloroacetamide,5RGO
RUN129,Mpro-x0749_0A,Mpro-x0749,CC(=O)N1CCCC(C1)c2nc3ccccc3s2,CC(=O)N1CCCC(C1)c2nc3ccccc3s2,AAR-POS-d2a4d1df-30,A3 - Chloroacetamide,5REN
RUN130,Mpro-x0752_0A,Mpro-x0752,CC(=O)NCc1ccc2OCOc2c1,CC(=O)NCc1ccc2OCOc2c1,AAR-POS-d2a4d1df-31,A3 - Chloroacetamide,5REO
RUN131,Mpro-x0755_0A,Mpro-x0755,Fc1cccc(F)c1S(=O)(=O)N2CCN(CC2)C(=O)C,Fc1cccc(F)c1S(=O)(=O)N2CCN(CC2)C(=O)C,LON-WEI-8f408cad-2,A3 - Chloroacetamide,5REP
RUN132,Mpro-x0759_0A,Mpro-x0759,Fc1ccc(cc1)C2CN(CCO2)C(=O)C,Fc1ccc(cc1)C2CN(CCO2)C(=O)C,AAR-POS-d2a4d1df-33,A3 - Chloroacetamide,5RER
RUN133,Mpro-x0769_0A,Mpro-x0769,Fc1ccccc1S(=O)(=O)N2CCN(CC2)C(=O)C,Fc1ccccc1S(=O)(=O)N2CCN(CC2)C(=O)C,AAR-POS-d2a4d1df-34,A3 - Chloroacetamide,5RES
RUN134,Mpro-x0770_0A,Mpro-x0770,CC(=O)N1CCN(Cc2cccc(Cl)c2)CC1,CC(=O)N1CCN(Cc2cccc(Cl)c2)CC1,MED-COV-4280ac29-15,A3 - Chloroacetamide,5RET
RUN135,Mpro-x0771_0A,Mpro-x0771,CC(=O)N1CCN(CC1)S(=O)(=O)c1ccc(C)cc1C,CC(=O)N1CCN(CC1)S(=O)(=O)c1ccc(C)cc1C,AAR-POS-d2a4d1df-36,A3 - Chloroacetamide,5RGP
RUN136,Mpro-x0774_0A,Mpro-x0774,CC(=O)N1CCN(CC1)S(=O)(=O)c2ccccc2C#N,CC(=O)N1CCN(CC1)S(=O)(=O)c2ccccc2C#N,AAR-POS-d2a4d1df-37,A3 - Chloroacetamide,5REU
RUN137,Mpro-x0786_0A,Mpro-x0786,CC(=O)Nc1cccc(c1)C(=O)N1CCSCC1,CC(=O)Nc1cccc(c1)C(=O)N1CCSCC1,AAR-POS-d2a4d1df-38,A3 - Chloroacetamide,5REV
RUN138,Mpro-x0820_0A,Mpro-x0820,CC(NC(=O)C)c1cccc2ccccc12,CC(NC(=O)C)c1cccc2ccccc12,AAR-POS-d2a4d1df-39,A3 - Chloroacetamide,5REW
RUN139,Mpro-x0830_0A,Mpro-x0830,CC(=O)N1CCN(Cc2cccc3ccccc23)CC1,CC(=O)N1CCN(Cc2cccc3ccccc23)CC1,MED-COV-4280ac29-31,A3 - Chloroacetamide,5REX
RUN140,Mpro-x0831_0A,Mpro-x0831,Cc1ccccc1CN2CCCN(CC2)C(=O)C,Cc1ccccc1CN2CCCN(CC2)C(=O)C,AAR-POS-d2a4d1df-41,A3 - Chloroacetamide,5REY
RUN141,Mpro-x0874_0A,Mpro-x0874,O=C([C@@H]1[C@H](C2=CSC=C2)CCC1)N,NA,AAR-POS-d2a4d1df-14,A8 - XChem screen - active site,5REZ
RUN142,Mpro-x0887_0A,Mpro-x0887,OCC1(C2=NC=CC=C2)CCCC1,NA,AAR-POS-0daf6b7e-22,D1 - XChem screen - dimer interface,5RF0
RUN143,Mpro-x0946_0A,Mpro-x0946,BrC1=CC=C(S(N)(=O)=O)C=C1,NA,AAR-POS-d2a4d1df-15,A8 - XChem screen - active site,5RF1
RUN144,Mpro-x0967_0A,Mpro-x0967,CC(=O)NC(Cc1ccc(cc1)O)C(=O)NCC#CBr,NA,AAR-POS-d2a4d1df-16,A8 - XChem screen - active site,5RG1
RUN145,Mpro-x0978_0A,Mpro-x0978,C[C@@H](O)[C@@H](NC(C)=O)C(=O)NCC=C,C[C@@H](O)[C@@H](NC(C)=O)C(=O)NCC=C,AAR-POS-d2a4d1df-42,A9 - XChem screen - covalent hits,5RG2
RUN146,Mpro-x0981_0A,Mpro-x0981,CC(=O)NC(CC(N)=O)C(=O)NCC=C,CC(=O)NC(CC(N)=O)C(=O)NCC=C,AAR-POS-d2a4d1df-43,A9 - XChem screen - covalent hits,5RG3
RUN147,Mpro-x0991_0A,Mpro-x0991,CCC(=N)N,CCC(=N)N,AAR-POS-d2a4d1df-17,A8 - XChem screen - active site,5RF2
RUN148,Mpro-x0995_0A,Mpro-x0995,NC=1C=NC=NC1,NA,AAR-POS-d2a4d1df-18,A1 - Aminopyridine-like,5RF3
RUN149,Mpro-x10019_0A,Mpro-x10019,CC=1C=CN=CC1NC(=O)CNC=2C=CN=C3C=CC=CC23,NA,GAB-REV-70cc3ca5-4,A1 - Aminopyridine-like,NA
RUN150,Mpro-x1002_0A,Mpro-x1002,OC=1C=CC=CN1,NA,AAR-POS-0daf6b7e-37,X1 - XChem Screen - xtal contact,5RF4
RUN151,Mpro-x10022_0A,Mpro-x10022,C=C(C(=O)NC=1C=CC=CC1)C=2C=CC=NC2,NA,BEN-DND-031a96cc-8,A1 - Aminopyridine-like,NA
RUN152,Mpro-x10049_0A,Mpro-x10049,CS(=O)(=O)NCCN1CCCC=2C=CC(=CC12)S(=O)(=O)N,NA,DUN-NEW-f8ce3686-14,A7 - Moonshot - active site,NA
RUN153,Mpro-x10082_0A,Mpro-x10082,CCC(N(C(C(NC(C)(C)C)=O)c1cnccc1)c1ccc(CCC#N)cc1)=O,CC(C)(C)NC(=O)C(Nc1ccc(CCC#N)cc1)c1cccnc1,MAT-POS-c0143b99-1,A6 - Ugi,NA
RUN154,Mpro-x1012_0A,Mpro-x1012,OC1CS(=O)(=O)C1,NA,AAR-POS-0daf6b7e-24,S1 - XChem screen - surface,5RF5
RUN155,Mpro-x10150_0A,Mpro-x10150,CC(N1CCN(CCNC(c2cccc3ccccc23)=O)CC1)=O,CC(N1CCN(CCNC(c2cccc3ccccc23)=O)CC1)=O,STE-KUL-2e0d2e88-2,A3 - Chloroacetamide,NA
RUN156,Mpro-x10155_0A,Mpro-x10155,CC(N1CCN(Cc2cnc(Cc3ccccc3)s2)CC1)=O,CC(N1CCN(Cc2cnc(Cc3ccccc3)s2)CC1)=O,MED-COV-4280ac29-25,A3 - Chloroacetamide,NA
RUN157,Mpro-x10172_0A,Mpro-x10172,CC(c1cc(Cl)cc(F)c1)NC(C)=O,CC(c1cc(Cl)cc(F)c1)NC(C)=O,DAV-CRI-3edb475e-6,A3 - Chloroacetamide,NA
RUN158,Mpro-x10178_0A,Mpro-x10178,O=C(CC=1C=CC=NC1)NC=2C=NC=C(C#N)C2,NA,DAR-DIA-23aa0b97-6,A1 - Aminopyridine-like,NA
RUN159,Mpro-x10201_0A,Mpro-x10201,ClC=1C=CC=C(CC(=O)NC=2C=CC=NC2)C1,NA,EDG-MED-0da5ad92-2,A1 - Aminopyridine-like,NA
RUN160,Mpro-x10236_0A,Mpro-x10236,ClC=1C=CC=C(C1)N(CCC2CCCCC2)C(=O)NC=3C=CC=NC3,NA,JOR-UNI-2fc98d0b-12,A1 - Aminopyridine-like,NA
RUN161,Mpro-x10237_0A,Mpro-x10237,ClC=1C=CC=C(C1)N(CCN2CCOCC2)C(=O)NC=3C=CC=NC3,NA,JOR-UNI-2fc98d0b-6,A1 - Aminopyridine-like,NA
RUN162,Mpro-x10247_0A,Mpro-x10247,CC=1C=CN=CC1NC(=O)CC=2C=CC=C(C2)C(F)(F)F,NA,JAN-GHE-83b26c96-14,A1 - Aminopyridine-like,NA
RUN163,Mpro-x10248_0A,Mpro-x10248,CC=1C=CC(CC(=O)NC=2C=NC=CC2C)=CC1,NA,JAN-GHE-83b26c96-11,A1 - Aminopyridine-like,NA
RUN164,Mpro-x10306_0A,Mpro-x10306,CC(C)CC1CN(CCN1CC=2C=CC=C(Cl)C2)C(=O)CCl,NA,DAN-LON-a5fc619e-3,A3 - Chloroacetamide,NA
RUN165,Mpro-x10314_0A,Mpro-x10314,CC=1C=CN=CC1NC(=O)CC=2C=NC=C(C#N)C2,NA,TRY-UNI-2eddb1ff-1,A1 - Aminopyridine-like,NA
RUN166,Mpro-x10322_0A,Mpro-x10322,CC=1C=C(NC(=O)CC=2C=NC=NC2)C=C(OC3CC(=O)N3)C1,NA,RAL-MED-2de63afb-2,A1 - Aminopyridine-like,NA
RUN167,Mpro-x10324_0A,Mpro-x10324,ClC=1C=CC=2OCCC(C(=O)NC3=NN=CN3C4CC4)C2C1,NA,JAG-UCB-a3ef7265-20,A1 - Aminopyridine-like,NA
RUN168,Mpro-x10327_0A,Mpro-x10327,CC(C)C(C(=O)NC=1C=NC=CC1C)C=2C=CC=C(Cl)C2,NA,JAN-GHE-83b26c96-9,A1 - Aminopyridine-like,NA
RUN169,Mpro-x10334_0A,Mpro-x10334,CC=1C=CN=C(C)C1NC(=O)CC=2C=CC=C(Cl)C2,NA,EDJ-MED-49816e9b-2,A1 - Aminopyridine-like,NA
RUN170,Mpro-x10338_0A,Mpro-x10338,OCC=1C=CN=CC1NC(=O)C2COC=3C=CC(Cl)=CC23,NA,JAG-UCB-a3ef7265-3,A1 - Aminopyridine-like,NA
RUN171,Mpro-x10355_0A,Mpro-x10355,COC=1C=CC=CC1OCCNC(=O)C2=CC(=O)NC=3C=C(F)C=CC23,NA,MAT-POS-590ac91e-32,A5 - Quinolone,NA
RUN172,Mpro-x10359_0A,Mpro-x10359,CC=1C=CN=CC1NC(=O)CC=2C=CC=C(O)C2,NA,ALP-POS-95b75b4d-2,A5 - Quinolone,NA
RUN173,Mpro-x10371_0A,Mpro-x10371,O=C(CC=1C=CC=NC1)NC=2C=CC=C(OC3CC(=O)N3)C2,NA,RAL-MED-2de63afb-1,A1 - Aminopyridine-like,NA
RUN174,Mpro-x10377_0A,Mpro-x10377,CC(C(=O)NC=1C=NC=CC1N2C=CC=N2)C=3C=CC=C(Cl)C3,NA,JAN-GHE-83b26c96-3,A1 - Aminopyridine-like,NA
RUN175,Mpro-x10387_0A,Mpro-x10387,FC=1C=C(NC(=O)CC=2C=NC=NC2)C=C(OC3CC(=O)N3)C1,NA,RAL-MED-2de63afb-14,A1 - Aminopyridine-like,NA
RUN176,Mpro-x10392_0A,Mpro-x10392,CC=1C=CN=CC1NC(=O)C2(CC2)C=3C=CC=C(Cl)C3,NA,JAN-GHE-83b26c96-20,A1 - Aminopyridine-like,NA
RUN177,Mpro-x10395_0A,Mpro-x10395,CN(C)C(C(=O)NC=1C=NC=CC1C)C=2C=CC=C(Cl)C2,NA,JAN-GHE-83b26c96-10,A1 - Aminopyridine-like,NA
RUN178,Mpro-x10396_0A,Mpro-x10396,CC=1C=CN=CC1NC(=O)C(F)(F)C=2C=CC=C(Cl)C2,NA,JAN-GHE-83b26c96-23,A1 - Aminopyridine-like,NA
RUN179,Mpro-x10403_0A,Mpro-x10403,O=C(NCCNC=1C=CC=CC1)C2=CC(=O)NC=3C=CC=CC23,NA,BEN-DND-7e92b6ca-4,A5 - Quinolone,NA
RUN180,Mpro-x10417_0A,Mpro-x10417,CC=1C=CN=CC1NC(=O)CC=2C=CC=C(F)C2,NA,ALP-POS-95b75b4d-1,A1 - Aminopyridine-like,NA
RUN181,Mpro-x10419_0A,Mpro-x10419,COC=1C=CC=CC1OCCN(C)C(=O)C2=CC(=O)NC=3C=CC=CC23,NA,BEN-DND-7e92b6ca-2,A5 - Quinolone,NA
RUN182,Mpro-x10421_0A,Mpro-x10421,CNCCC(C(=O)NC=1C=CC=NC1)C=2C=CC=CC2,NA,ADA-UNI-f8e79267-5,A1 - Aminopyridine-like,NA
RUN183,Mpro-x10422_0A,Mpro-x10422,CC=1C=CN=CC1NC(=O)C(C)(C)C=2C=CC=C(Cl)C2,NA,JAN-GHE-83b26c96-22,A1 - Aminopyridine-like,NA
RUN184,Mpro-x10423_0A,Mpro-x10423,CCCC(C(=O)NC=1C=NC=CC1C)C=2C=CC=C(Cl)C2,NA,JAN-GHE-83b26c96-8,A1 - Aminopyridine-like,NA
RUN185,Mpro-x10466_0A,Mpro-x10466,ClC=1C=CC=C(CC(=O)NN2C=NC=3C=CC=CC23)C1,NA,JAN-GHE-5a013bed-2,A2 - Benzotriazole,NA
RUN186,Mpro-x10473_0A,Mpro-x10473,CC(CC1CC1)C(=O)NC=2C=NC=CC2C,NA,MAT-POS-590ac91e-5,A1 - Aminopyridine-like,NA
RUN187,Mpro-x10476_0A,Mpro-x10476,CC=1C=CN=CC1NC(=O)C2CCC3(CC3)C2,NA,MAT-POS-590ac91e-21,A1 - Aminopyridine-like,NA
RUN188,Mpro-x10478_0A,Mpro-x10478,CC=1C=CN=CC1NC(=O)CC23CC3CCC2,NA,MAT-POS-590ac91e-25,A1 - Aminopyridine-like,NA
RUN189,Mpro-x10484_0A,Mpro-x10484,CC=1C=CN=CC1NC(=O)CC(C)(C)C=2C=CC=CC2,NA,BEN-DND-93268d01-13,A1 - Aminopyridine-like,NA
RUN190,Mpro-x10488_0A,Mpro-x10488,O=C(CC=1C=CC=NC1)N2CCCC2C3=NOC(=N3)C4CC4,NA,JAG-UCB-cedd89ab-4,A1 - Aminopyridine-like,NA
RUN191,Mpro-x10494_0A,Mpro-x10494,CC=1C=CN=C(N)C1NC(=O)CC=2C=CC=C(Cl)C2,NA,EDG-MED-0da5ad92-18,A1 - Aminopyridine-like,NA
RUN192,Mpro-x10506_0A,Mpro-x10506,CC(=O)NCCC1=CNC=2C(CN3CCN(CC3)C(=O)CCl)=CC=CC12,NA,DUN-NEW-f8ce3686-24,A3 - Chloroacetamide,NA
RUN193,Mpro-x10513_0A,Mpro-x10513,CC=1C=CC=C(C1)C2CN(CC=3C=CC=CC23)C(=O)CCl,NA,NIR-THE-c331be7a-6,A3 - Chloroacetamide,NA
RUN194,Mpro-x10525_0A,Mpro-x10525,COC=1C=CC=CC1OC(C)CNC(=O)C2=CC(=O)NC=3C=CC(F)=CC23,NA,MAT-POS-590ac91e-39,A5 - Quinolone,NA
RUN195,Mpro-x10535_0A,Mpro-x10535,Cl.ClC=1C=CC=C(C1)N2C(=O)NC(C2=O)C=3C=CC=NC3,NA,JAN-GHE-83b26c96-18,A1 - Aminopyridine-like,NA
RUN196,Mpro-x10575_0A,Mpro-x10575,CC=1C=CN=CC1NC(=O)CC2CC3CC3C2,NA,MAT-POS-590ac91e-23,A1 - Aminopyridine-like,NA
RUN197,Mpro-x10638_0A,Mpro-x10638,CC=1C=CN=CC1NC(=O)CN2C(=O)COC=3C=CC(Cl)=CC23,NA,BAR-COM-0f94fc3d-48,A1 - Aminopyridine-like,NA
RUN198,Mpro-x10645_0A,Mpro-x10645,CC(=O)NC=1C=CN=CC1NC(=O)C2CC=3C=CC(F)=CC23,NA,BAR-COM-0f94fc3d-59,A1 - Aminopyridine-like,NA
RUN199,Mpro-x10678_0A,Mpro-x10678,ClCC(=O)N1CC(C=2C=CC=C(C#N)C2)C=3C=CC=CC3C1,NA,NIR-THE-c331be7a-2,A3 - Chloroacetamide,NA
RUN200,Mpro-x10679_0A,Mpro-x10679,CC=1C=CN=CC1NC(=O)CN2C=CC=3C=CC(Cl)=CC23,NA,BAR-COM-0f94fc3d-41,A1 - Aminopyridine-like,NA
RUN201,Mpro-x10700_0A,Mpro-x10700,COC=1C=CC=CC1OCCNC(=O)C=2C=CNC(=O)C2,NA,BEN-DND-7e92b6ca-1,A5 - Quinolone,NA
RUN202,Mpro-x10723_0A,Mpro-x10723,CC=1C=CN=CC1NC(=O)CC=2C=NC=C(Cl)C2,NA,TRY-UNI-2eddb1ff-2,A1 - Aminopyridine-like,NA
RUN203,Mpro-x10728_0A,Mpro-x10728,OC1CCC(CC1)N(CC2CCCCC2)C3CCCN(C3)C(=O)CCl,NA,WAR-XCH-72a8c209-5,A3 - Chloroacetamide,NA
RUN204,Mpro-x10733_0A,Mpro-x10733,CC=1C=CN=CC1NC(=O)CN2C=CC=3C=CC(F)=CC23,NA,BAR-COM-0f94fc3d-18,A1 - Aminopyridine-like,NA
RUN205,Mpro-x10756_0A,Mpro-x10756,CC=1C=CN=CC1NC(=O)CC=2C=CC=C(OC3CC(=O)N3)C2,NA,BRU-LEF-c49414a7-1,A1 - Aminopyridine-like,NA
RUN206,Mpro-x1077_0A,Mpro-x1077,N#CC=1C=CC(=CN1)N2CCCOCC2,NA,AAR-POS-d2a4d1df-19,A8 - XChem screen - active site,5RF6
RUN207,Mpro-x10787_0A,Mpro-x10787,CC=1C=CN=CC1NC(=O)C2(CC(=O)C2)C=3C=CC=C(Cl)C3,NA,BAR-COM-0f94fc3d-25,A1 - Aminopyridine-like,NA
RUN208,Mpro-x10789_0A,Mpro-x10789,CC=1C=CN=CC1NC(=O)CC=2C=C(Cl)C=C(OC3CC(=O)N3)C2,NA,TRY-UNI-2eddb1ff-7,A1 - Aminopyridine-like,NA
RUN209,Mpro-x10800_0A,Mpro-x10800,O=C(NC=1C=CC=NC1)NC2(CC=3C=CC=CC3)CCOCC2,NA,NAU-LAT-445f63e5-6,A1 - Aminopyridine-like,NA
RUN210,Mpro-x10812_0A,Mpro-x10812,ClC=1C=NC=C(OC(=O)C=2C=CC=C3NC=CC23)C1,O=CC1=C2C=CNC2=CC=C1,ALP-POS-c59291d4-5,A7 - Moonshot - active site,NA
RUN211,Mpro-x10820_0A,Mpro-x10820,CNC=1C=CC(=CC1)N(CC=2C=CSC2)C(=O)CN3N=NC=4C=CC=CC34,NA,ALP-POS-c59291d4-4,A2 - Benzotriazole,NA
RUN212,Mpro-x10834_0A,Mpro-x10834,COC=1C=CN=CC1NC(=O)C(O)C=2C=CC=C(Br)C2,NA,BAR-COM-0f94fc3d-23,A1 - Aminopyridine-like,NA
RUN213,Mpro-x10856_0A,Mpro-x10856,COC=1C=CC(Br)=CC1C(N)C(=O)NC=2C=NC=CC2C,NA,BAR-COM-0f94fc3d-58,A1 - Aminopyridine-like,NA
RUN214,Mpro-x1086_0A,Mpro-x1086,CC=1C=C(F)C=CC1CS(=O)(=O)N,NA,AAR-POS-0daf6b7e-46,D1 - XChem screen - dimer interface,5RGQ
RUN215,Mpro-x10862_0A,Mpro-x10862,COCC(NC(=O)CC1C(=O)NC=2C=CC(F)=CC12)C=3C=CC=C(Br)C3,NA,BAR-COM-0f94fc3d-3,A7 - Moonshot - active site,NA
RUN216,Mpro-x10870_0A,Mpro-x10870,O=C(CN1N=NC=2C=CC=CC12)N(CC=3C=CSC3)C=4C=CC(NC(=O)C5CC5)=CC4,NA,ALP-POS-c59291d4-3,A2 - Benzotriazole,NA
RUN217,Mpro-x10871_0A,Mpro-x10871,CCC(=O)NC=1C=CC(=CC1)N(CC=2C=CSC2)C(=O)CN3N=NC=4C=CC=CC34,NA,ALP-POS-c59291d4-2,A2 - Benzotriazole,NA
RUN218,Mpro-x10876_0A,Mpro-x10876,CN(C)C1=CC=C(C=C1)N(CC1=CSC=C1)C(=O)CN1N=NC2=C1C=CC=C2,NA,ALP-POS-d2866bdf-1,A2 - Benzotriazole,NA
RUN219,Mpro-x10888_0A,Mpro-x10888,CCC(O)(C(=O)NC=1C=NC=CC1C)C=2C=CC=C(Cl)C2,NA,BAR-COM-0f94fc3d-38,A1 - Aminopyridine-like,NA
RUN220,Mpro-x10889_0A,Mpro-x10889,CS(=O)(=O)NCCC(C(=O)NC=1C=CC=NC1)C=2C=CC=CC2,NA,ADA-UNI-f8e79267-2,A1 - Aminopyridine-like,NA
RUN221,Mpro-x10889_1A,Mpro-x10889,CS(=O)(=O)NCCC(C(=O)NC=1C=CC=NC1)C=2C=CC=CC2,NA,ADA-UNI-f8e79267-2,A1 - Aminopyridine-like,NA
RUN222,Mpro-x10898_0A,Mpro-x10898,ClC=1C=CC=2OCC[C@@H](C(=O)NC3=NN=CN3C4CC4)C2C1,NA,JAG-UCB-119787ef-1,A1 - Aminopyridine-like,NA
RUN223,Mpro-x10899_0A,Mpro-x10899,ClCC(=O)NC1=NC=2C(=CC=CC2S1)S(=O)(=O)NCCC=3C=CC=CC3,NA,DUN-NEW-f8ce3686-23,A3 - Chloroacetamide,NA
RUN224,Mpro-x10900_0A,Mpro-x10900,CC(C(=O)NC=1C=NC=CC1C)C=2C=NC=C(Cl)C2,NA,TRY-UNI-2eddb1ff-3,A1 - Aminopyridine-like,NA
RUN225,Mpro-x10906_0A,Mpro-x10906,ClC=1C=CC=2OCC[C@H](C(=O)NC3=NN=CN3C4CC4)C2C1,NA,MAT-POS-968e8d9c-1,A1 - Aminopyridine-like,NA
RUN226,Mpro-x1093_0A,Mpro-x1093,CN1CCN(CC1)C(=O)CC1=CNC2=NC=CC=C12,NA,AAR-POS-d2a4d1df-20,A8 - XChem screen - active site,5RF7
RUN227,Mpro-x10942_0A,Mpro-x10942,OCC=1C=CN=CC1NC(=O)C2CCOC=3C=CC(Cl)=CC23,NA,LON-WEI-0a73fcb8-7,A1 - Aminopyridine-like,NA
RUN228,Mpro-x10959_0A,Mpro-x10959,ClC=1C=CC=C(CC(=O)NC=2C=NC=C3C=CC=CC23)C1,NA,ADA-UCB-6c2cb422-1,A1 - Aminopyridine-like,NA
RUN229,Mpro-x10996_0A,Mpro-x10996,ClC=1C=CC=C(NC(=O)NC=2C=CC=NC2)C1,NA,DAR-DIA-23aa0b97-14,A1 - Aminopyridine-like,NA
RUN230,Mpro-x11001_0A,Mpro-x11001,NS(=O)(=O)C1=CC2=C(NC(=O)C2O)C=C1,NA,LOR-NEU-c8f11034-6,A4 - Isatin,NA
RUN231,Mpro-x1101_0A,Mpro-x1101,CC(C)N(C)C=1N=CN=C2N(C)N=CC12,NA,AAR-POS-0daf6b7e-40,X1 - XChem Screen - xtal contact,5RGR
RUN232,Mpro-x1101_1A,Mpro-x1101,CC(C)N(C)C=1N=CN=C2N(C)N=CC12,NA,AAR-POS-0daf6b7e-40,X1 - XChem Screen - xtal contact,5RGR
RUN233,Mpro-x11011_0A,Mpro-x11011,CC=1C=CN=CC1CC(=O)NC=2C=CC=C(Cl)C2,NA,EDJ-MED-49816e9b-1,A1 - Aminopyridine-like,NA
RUN234,Mpro-x11041_0A,Mpro-x11041,CN(C(=O)CC=1C=CC=C(Cl)C1)C=2C=NC=CC2C,NA,JAN-GHE-83b26c96-15,A1 - Aminopyridine-like,NA
RUN235,Mpro-x11044_0A,Mpro-x11044,CC(C1CCCCC1)C(=O)NC=2C=NC=CC2C,NA,TRY-UNI-714a760b-16,A1 - Aminopyridine-like,NA
RUN236,Mpro-x11159_0A,Mpro-x11159,O=C(NC1=NN=CN1C2CC2)C3CCOC=4C=CC=CC34,NA,EDJ-MED-0e996074-1,A1 - Aminopyridine-like,NA
RUN237,Mpro-x11186_0A,Mpro-x11186,ClC=1C=CC=2OCC(C(=O)NC3=NN=CN3C4CC4)C2C1,NA,NAU-LAT-8502cac5-2,A1 - Aminopyridine-like,NA
RUN238,Mpro-x1119_0A,Mpro-x1119,NC=1C=CC(=CC1)S(=O)(=O)NC=2C=CC=CN2,NA,AAR-POS-0daf6b7e-42,X1 - XChem Screen - xtal contact,5RF8
RUN239,Mpro-x11204_0A,Mpro-x11204,COC(=O)C1=C2NC(=O)C(O)C2=CC(Br)=C1,NA,LOR-NOR-30067bb9-15,A4 - Isatin,NA
RUN240,Mpro-x11212_0A,Mpro-x11212,OC1C(=O)N(CC2=NOC=N2)C2=C1C=C(Br)C=C2,NA,LOR-NOR-30067bb9-18,A4 - Isatin,NA
RUN241,Mpro-x11223_0A,Mpro-x11223,C[C@@H](C(O)=O)C1=C(C)C2=C(C=C1)C1=C(N2)C=CC(Cl)=C1,NA,MAK-UNK-0d6072ac-20,M1 - Moonshot - other,NA
RUN242,Mpro-x11225_0A,Mpro-x11225,CC=1C=CN=CC1NC(=O)CC(N2CCC(O)CC2)C=3C=CSC3,NA,PET-SGC-a8a902d9-1,A1 - Aminopyridine-like,NA
RUN243,Mpro-x11231_0A,Mpro-x11231,ClC=1C=CC=2OCC(C(=O)NC3=NN=CN3C=4C=CC=CC4)C2C1,NA,NAU-LAT-8502cac5-6,A1 - Aminopyridine-like,NA
RUN244,Mpro-x11233_0A,Mpro-x11233,CC1(CCOC=2C=CC=CC21)C(=O)NC3=NN=CN3C4CC4,NA,BRU-THA-a358fbdd-2,A1 - Aminopyridine-like,NA
RUN245,Mpro-x11254_0A,Mpro-x11254,COC1=C(OC)C=C(CN2C(=O)C(O)C3=C2C(C)=CC(Br)=C3)C=C1,NA,LOR-NOR-30067bb9-7,A4 - Isatin,NA
RUN246,Mpro-x11258_0A,Mpro-x11258,CCOC1=C(CN2C(=O)C(O)C3=C2C=CC(Br)=C3)C=CC=C1,NA,LOR-NOR-30067bb9-6,A4 - Isatin,NA
RUN247,Mpro-x1132_0A,Mpro-x1132,CC1CN(CCO1)C(=O)CN2C=CC=N2,NA,AAR-POS-0daf6b7e-38,X1 - XChem Screen - xtal contact,5RF9
RUN248,Mpro-x11498_0A,Mpro-x11498,ClC=1C=CC=2OCCC(C(=O)NC=3C=NC=C4C=CC=CC34)C2C1,NA,VLA-UCB-1dbca3b4-15,A1 - Aminopyridine-like,NA
RUN249,Mpro-x11525_0A,Mpro-x11525,ClC=1C=CC=2OCCC(C(=O)NC=3C=NC=C4C=CC=CC34)C2C1,NA,NA,P1 - PDB Structures,X11525
RUN250,Mpro-x1163_0A,Mpro-x1163,OCC1CN(CC=2C=CC=CC2)CCO1,NA,AAR-POS-0daf6b7e-30,X1 - XChem Screen - xtal contact,5RGS
RUN251,Mpro-x1187_0A,Mpro-x1187,CN1C=CC(=N1)C(=O)NC[C@@H]2CCCO2,NA,AAR-POS-0daf6b7e-23,D1 - XChem screen - dimer interface,5RFA
RUN252,Mpro-x1226_0A,Mpro-x1226,CCNCC1=CN(C)N=N1,NA,AAR-POS-0daf6b7e-34,X1 - XChem Screen - xtal contact,5RFB
RUN253,Mpro-x1235_0A,Mpro-x1235,COC(=O)NC=1SC(C)=NC1C=2C=CC=CC2,NA,AAR-POS-0daf6b7e-35,X1 - XChem Screen - xtal contact,5RFC
RUN254,Mpro-x1237_0A,Mpro-x1237,CS(=O)(=O)CC1=NC=2C=CC=CC2N1,NA,AAR-POS-0daf6b7e-39,X1 - XChem Screen - xtal contact,5RFD
RUN255,Mpro-x1249_0A,Mpro-x1249,O=C(NCC=1C=CC(C#N)=CC1)N2CCOCC2,NA,AAR-POS-d2a4d1df-21,A8 - XChem screen - active site,5RFE
RUN256,Mpro-x1308_0A,Mpro-x1308,CC(=O)N1CCN(CC1)S(=O)(=O)c2ccc(Cl)cc2,CC(=O)N1CCN(CC1)S(=O)(=O)c2ccc(Cl)cc2,AAR-POS-d2a4d1df-44,A3 - Chloroacetamide,5RFF
RUN257,Mpro-x1311_0A,Mpro-x1311,CC(=O)N(C1CS(=O)(=O)C=C1)c2ccccc2,CC(=O)N(C1CS(=O)(=O)C=C1)c2ccccc2,AAR-POS-0daf6b7e-1,A3 - Chloroacetamide,5RFG
RUN258,Mpro-x1334_0A,Mpro-x1334,CC(=O)N1CCN(Cc2ccc(Cl)s2)CC1,CC(=O)N1CCN(Cc2ccc(Cl)s2)CC1,AAR-POS-0daf6b7e-2,A3 - Chloroacetamide,5RFH
RUN259,Mpro-x1336_0A,Mpro-x1336,Cc1ccc(C)c(c1)S(=O)(=O)N2CCN(CC2)C(=O)C,Cc1ccc(C)c(c1)S(=O)(=O)N2CCN(CC2)C(=O)C,WAR-XCH-79d12f6e-6,A3 - Chloroacetamide,5RFI
RUN260,Mpro-x1348_0A,Mpro-x1348,COc1cccc2sc(NC(=O)C)nc12,COc1cccc2sc(NC(=O)C)nc12,AAR-POS-0daf6b7e-4,A3 - Chloroacetamide,5RFJ
RUN261,Mpro-x1351_0A,Mpro-x1351,CC(=O)N1CCC(CC1)NC(=O)c2ccccc2,CC(=O)N1CCC(CC1)NC(=O)c2ccccc2,AAR-POS-0daf6b7e-5,A3 - Chloroacetamide,5RFK
RUN262,Mpro-x1358_0A,Mpro-x1358,Oc1ccccc1NC(=O)C2CCN(CC2)C(=O)C,Oc1ccccc1NC(=O)C2CCN(CC2)C(=O)C,AAR-POS-0daf6b7e-6,A3 - Chloroacetamide,5RFL
RUN263,Mpro-x1374_0A,Mpro-x1374,Cc1ccc(cc1)N(C2CS(=O)(=O)C=C2)C(=O)C,Cc1ccc(cc1)N(C2CS(=O)(=O)C=C2)C(=O)C,AAR-POS-0daf6b7e-7,A3 - Chloroacetamide,5RFM
RUN264,Mpro-x1375_0A,Mpro-x1375,Fc1ccc(cc1)N(C2CS(=O)(=O)C=C2)C(=O)C,Fc1ccc(cc1)N(C2CS(=O)(=O)C=C2)C(=O)C,AAR-POS-0daf6b7e-8,A3 - Chloroacetamide,5RFN
RUN265,Mpro-x1380_0A,Mpro-x1380,CC(=O)N1CCC(CC1)C(=O)N2CCCCC2,CC(=O)N1CCC(CC1)C(=O)N2CCCCC2,VIR-GIT-7b3d3065-2,A3 - Chloroacetamide,5RFO
RUN266,Mpro-x1382_0A,Mpro-x1382,CC(NC(=O)C)c1cccc(Cl)c1,CC(NC(=O)C)c1cccc(Cl)c1,AAR-POS-0daf6b7e-10,A3 - Chloroacetamide,5RFP
RUN267,Mpro-x1384_0A,Mpro-x1384,CC(=O)Nc1cccc(c1)N2CCCC2=O,CC(=O)Nc1cccc(c1)N2CCCC2=O,LON-WEI-8f408cad-1,A3 - Chloroacetamide,5RFQ
RUN268,Mpro-x1385_0A,Mpro-x1385,CC(=O)N1CCN(Cc2ccc(Br)s2)CC1,CC(=O)N1CCN(Cc2ccc(Br)s2)CC1,JOH-UNI-27ac80fd-23,A3 - Chloroacetamide,5RFR
RUN269,Mpro-x1386_0A,Mpro-x1386,CC(=O)N1CCN(Cc2ccsc2)CC1,CC(=O)N1CCN(Cc2ccsc2)CC1,LON-WEI-8f408cad-7,A3 - Chloroacetamide,5RFS
RUN270,Mpro-x1392_0A,Mpro-x1392,CC(=O)N1CC(c2ccccc2)c3ccccc3C1,CC(=O)N1CC(c2ccccc2)c3ccccc3C1,AAR-POS-0daf6b7e-14,A3 - Chloroacetamide,5RFT
RUN271,Mpro-x1402_0A,Mpro-x1402,CC(=O)N1CCN(CC1)S(=O)(=O)c2ccc(Cl)s2,CC(=O)N1CCN(CC1)S(=O)(=O)c2ccc(Cl)s2,AAR-POS-0daf6b7e-15,A3 - Chloroacetamide,5RFU
RUN272,Mpro-x1412_0A,Mpro-x1412,CC(=O)N1CCN(CC1)C(=O)c2cccs2,CC(=O)N1CCN(CC1)C(=O)c2cccs2,AAR-POS-0daf6b7e-16,A3 - Chloroacetamide,5RFV
RUN273,Mpro-x1418_0A,Mpro-x1418,CC(=O)N1CCN(Cc2cccs2)CC1,CC(=O)N1CCN(Cc2cccs2)CC1,LON-WEI-8f408cad-5,A3 - Chloroacetamide,5RFW
RUN274,Mpro-x1425_0A,Mpro-x1425,COc1ccc(cc1)N2CCN(CC2)C(=O)C,COc1ccc(cc1)N2CCN(CC2)C(=O)C,AAR-POS-0daf6b7e-18,A3 - Chloroacetamide,5RFX
RUN275,Mpro-x1458_0A,Mpro-x1458,CC(C)N(C)C(=O)C1CCN(CC1)C(=O)C,CC(C)N(C)C(=O)C1CCN(CC1)C(=O)C,VIR-GIT-7b3d3065-3,A3 - Chloroacetamide,5RFY
RUN276,Mpro-x1478_0A,Mpro-x1478,CC(=O)Nc1cccnc1Cl,CC(=O)Nc1cccnc1Cl,AAR-POS-0daf6b7e-20,A3 - Chloroacetamide,5RFZ
RUN277,Mpro-x1493_0A,Mpro-x1493,CC(=O)N1CCN(CC1)C(=O)C,CC(=O)N1CCN(CC1)C(=O)C,AAR-POS-0daf6b7e-21,A3 - Chloroacetamide,5RG0
RUN278,Mpro-x2052_0A,Mpro-x2052,COC1=CC=C(NC(=O)C2CCN(CC2)C(C)=O)C=N1,COC1=CC=C(NC(=O)C2CCN(CC2)C(C)=O)C=N1,AAR-POS-5507155c-2,A3 - Chloroacetamide,5RHE
RUN279,Mpro-x2097_0A,Mpro-x2097,N=CC1=NC=CC=N1,N=CC1=NC=CC=N1,AAR-POS-f650c5f2-3,A9 - XChem screen - covalent hits,5RHB
RUN280,Mpro-x2119_0A,Mpro-x2119,N=CC1=NC=CN1,N=CC1=NC=CN1,AAR-POS-f650c5f2-2,A9 - XChem screen - covalent hits,5RHC
RUN281,Mpro-x2193_0A,Mpro-x2193,CS(=O)(=O)c1ccc(cc1)N1CCNCC1,NA,AAR-POS-5507155c-1,A8 - XChem screen - active site,5RHD
RUN282,Mpro-x2540_0A,Mpro-x2540,CCC(=O)N(C(C(=O)NC(C)(C)C)C1=CN=CC=C1)C1=NOC(=C1)C(C)(C)C,CCC(=O)N(C(C(=O)NC(C)(C)C)C1=CN=CC=C1)C1=NOC(=C1)C(C)(C)C,LON-WEI-b8d98729-23,A6 - Ugi,5RGT
RUN283,Mpro-x2562_0A,Mpro-x2562,O=C(CC=1C=NC=NC1)NC=2C=CC=C(OC3CC(=O)N3)C2,NA,BAR-COM-4e090d3a-39,A1 - Aminopyridine-like,5RGU
RUN284,Mpro-x2563_0A,Mpro-x2563,O=C(CC=1C=NC=C2C=CC=CC12)NC=3C=CC=CC3,NA,DAR-DIA-23aa0b97-20,A1 - Aminopyridine-like,5RGV
RUN285,Mpro-x2569_0A,Mpro-x2569,O=C(CC=1C=NC=C(C#N)C1)NC=2C=CC=NC2,NA,DAR-DIA-23aa0b97-17,A1 - Aminopyridine-like,5RGW
RUN286,Mpro-x2572_0A,Mpro-x2572,CC=1C=CN=CC1NC(=O)CC=2C=CC=C(C#N)C2,NA,TRY-UNI-714a760b-20,A1 - Aminopyridine-like,5RGX
RUN287,Mpro-x2581_0A,Mpro-x2581,COC=1C=CN=C(NC(=O)CC=2C=CC=3C=CC=CC3C2)C1,NA,ALV-UNI-7ff1a6f9-47,A1 - Aminopyridine-like,5RGY
RUN288,Mpro-x2600_0A,Mpro-x2600,O=C(CC=1C=CC=C(C#N)C1)NC=2C=CC=NC2,NA,ANN-UNI-26382800-5,A1 - Aminopyridine-like,5RGZ
RUN289,Mpro-x2608_0A,Mpro-x2608,CC1=CC=C(NC(=O)NC=2C=CC=NC2)S1,NA,DAR-DIA-842b4336-3,A1 - Aminopyridine-like,5RH0
RUN290,Mpro-x2643_0A,Mpro-x2643,ClC1=CC=C(CC(=O)NC=2C=CC=NC2)S1,NA,DAR-DIA-842b4336-13,A1 - Aminopyridine-like,5RH1
RUN291,Mpro-x2646_0A,Mpro-x2646,CC=1C=CN=CC1NC(=O)CC=2C=CC=C(Cl)C2,NA,TRY-UNI-714a760b-6,A1 - Aminopyridine-like,5RH2
RUN292,Mpro-x2649_0A,Mpro-x2649,CC(C(=O)NC=1C=NC=CC1C)C=2C=CC=C(Cl)C2,NA,TRY-UNI-714a760b-18,A1 - Aminopyridine-like,5RH3
RUN293,Mpro-x2659_0A,Mpro-x2659,CC(C(=O)O)C=1C=CC2=C(C1)NC=3C=CC(Cl)=CC32,NA,MAK-UNK-0d6072ac-4,M1 - Moonshot - other,5RH4
RUN294,Mpro-x2694_0A,Mpro-x2694,CCC(=O)N(C(C(=O)NC1=C(C)C=C(OC)C=C1)C1=CN=CC=C1)C1=NOC(=C1)C(C)(C)C,CCC(=O)N(C(C(=O)NC1=C(C)C=C(OC)C=C1)C1=CN=CC=C1)C1=NOC(=C1)C(C)(C)C,LON-WEI-b8d98729-43,A6 - Ugi,5RH5
RUN295,Mpro-x2703_0A,Mpro-x2703,CCC(=O)N(C(C(=O)NC1=C(CC)C=CC=C1C)C1=CN=CC=C1)C1=CN=C(C=C1)C(C)C,CCC(=O)N(C(C(=O)NC1=C(CC)C=CC=C1C)C1=CN=CC=C1)C1=CN=C(C=C1)C(C)C,LON-WEI-b8d98729-18,A6 - Ugi,5RH6
RUN296,Mpro-x2705_0A,Mpro-x2705,CCC(=O)N(C(C(=O)NC1=C(CC)C=CC=C1C)C1=CN=CC=C1)C1=CC(=NN1)C(C)(C)C,CCC(=O)N(C(C(=O)NC1=C(CC)C=CC=C1C)C1=CN=CC=C1)C1=CC(=NN1)C(C)(C)C,LON-WEI-b8d98729-20,A6 - Ugi,5RH7
RUN297,Mpro-x2754_0A,Mpro-x2754,CN(C(=O)C1CCN(CC1)C(C)=O)C1=CC=CC=C1,CN(C(=O)C1CCN(CC1)C(C)=O)C1=CC=CC=C1,LON-WEI-120e5cf5-5,A3 - Chloroacetamide,5RHF
RUN298,Mpro-x2764_0A,Mpro-x2764,O=C(NCC=1C=NSC1)C=2C=CC=CC2OCC#N,NA,BAR-COM-4e090d3a-49,A7 - Moonshot - active site,5RH8
RUN299,Mpro-x2776_0A,Mpro-x2776,CCC(=O)N(C(C(=O)NC1=C(C)C=C(OC)C=C1)C1=CN=CC=C1)C1=CC=C(C=C1)C(C)OC,CCC(=O)N(C(C(=O)NC1=C(C)C=C(OC)C=C1)C1=CN=CC=C1)C1=CC=C(C=C1)C(C)OC,LON-WEI-b8d98729-8,A6 - Ugi,5RH9
RUN300,Mpro-x2779_0A,Mpro-x2779,CC(=O)N1CCN(CC2=CC=CS2)CC1,CC(=O)N1CCN(CC2=CC=CS2)CC1,LON-WEI-8f408cad-5,A3 - Chloroacetamide,5RHA
RUN301,Mpro-x2908_0A,Mpro-x2908,CC=1C=CN=CC1NC(=O)NC=2C=CC=C(Cl)C2,NA,TRY-UNI-714a760b-12,A1 - Aminopyridine-like,NA
RUN302,Mpro-x2910_0A,Mpro-x2910,COC=1C=CC=CC1OCCNC(=O)C2=CC(=O)NC=3C=CC=CC23,NA,MAT-POS-916a2c5a-2,A5 - Quinolone,NA
RUN303,Mpro-x2912_0A,Mpro-x2912,CC(C(=O)NC=1C=NC=CC1C)C=2C=CC=C(C#N)C2,NA,TRY-UNI-714a760b-22,A1 - Aminopyridine-like,NA
RUN304,Mpro-x2929_0A,Mpro-x2929,NC(=O)[C@@H]1CN(Cc2cccnc2)C[C@H]1c1ccccc1,NA,DUN-NEW-d8381160-1,M1 - Moonshot - other,NA
RUN305,Mpro-x2964_0A,Mpro-x2964,NC=1C=NC=C(NC(=O)NC=2C=CC=C(Cl)C2)C1,NA,DAR-DIA-23aa0b97-13,A1 - Aminopyridine-like,NA
RUN306,Mpro-x2971_0A,Mpro-x2971,CS(=O)(=O)NCCC1CCCCN1CC(=O)NC=2C=CC=NC2,NA,BEN-DND-362d364a-10,A1 - Aminopyridine-like,NA
RUN307,Mpro-x3077_0A,Mpro-x3077,CC(=O)N1CC2CC1CN2CC1=CC(Cl)=CC=C1,CC(=O)N1CC2CC1CN2CC1=CC(Cl)=CC=C1,DAN-LON-a5fc619e-8,A3 - Chloroacetamide,NA
RUN308,Mpro-x3080_0A,Mpro-x3080,CN(CC(=O)NC=1C=NC=CC1C)S(=O)(=O)C=2C=CC=C3C=CC=NC23,NA,GAB-REV-70cc3ca5-8,A1 - Aminopyridine-like,NA
RUN309,Mpro-x3108_0A,Mpro-x3108,CC=1C=CN=CC1NC(=O)CNC(=O)CC=2C=CC=NC2,NA,GAB-REV-70cc3ca5-13,A1 - Aminopyridine-like,NA
RUN310,Mpro-x3110_0A,Mpro-x3110,CCC(N(C(C(NCCC(OCC)=O)=O)c1cnccc1)c1ccc(C(C)(C)C)cc1)=O,CCC(N(C(C(NCCC(OCC)=O)=O)c1cnccc1)c1ccc(C(C)(C)C)cc1)=O,LON-WEI-adc59df6-2,A6 - Ugi,5RL0
RUN311,Mpro-x3113_0A,Mpro-x3113,CCC(N(C(C(NCCCOC)=O)c1cnccc1)c1ccc(C(C)(C)C)cc1)=O,CCC(N(C(C(NCCCOC)=O)c1cnccc1)c1ccc(C(C)(C)C)cc1)=O,LON-WEI-adc59df6-27,A6 - Ugi,5RL1
RUN312,Mpro-x3115_0A,Mpro-x3115,CCC(N(C(C(NCCOC)=O)c1cnccc1)c1ccc(C(C)(C)C)cc1)=O,CCC(N(C(C(NCCOC)=O)c1cnccc1)c1ccc(C(C)(C)C)cc1)=O,LON-WEI-adc59df6-26,A6 - Ugi,5RL2
RUN313,Mpro-x3117_0A,Mpro-x3117,CCC(N(C(C(NC1CCOCC1)=O)c1cnccc1)c1ccc(C(C)(C)C)cc1)=O,CCC(N(C(C(NC1CCOCC1)=O)c1cnccc1)c1ccc(C(C)(C)C)cc1)=O,LON-WEI-adc59df6-39,A6 - Ugi,5RL3
RUN314,Mpro-x3124_0A,Mpro-x3124,CCC(N(C(C(NC)=O)c1cnccc1)c1ccc(C(C)(C)C)cc1)=O,CCC(N(C(C(NC)=O)c1cnccc1)c1ccc(C(C)(C)C)cc1)=O,LON-WEI-adc59df6-3,A6 - Ugi,5RL4
RUN315,Mpro-x3298_0A,Mpro-x3298,OC(C(=O)NC=1C=CC=CC1NS(=O)(=O)C=2C=CC(F)=CC2)C=3C=CC=NC3,NA,BAR-COM-4e090d3a-57,A1 - Aminopyridine-like,NA
RUN316,Mpro-x3303_0A,Mpro-x3303,O=C(N1CCN(CC1)C1=CC=CC=C1)C1=CC(=O)NC2=C1C=CC=C2,NA,MAT-POS-916a2c5a-4,A5 - Quinolone,NA
RUN317,Mpro-x3305_0A,Mpro-x3305,CN1C=C(CNC(=O)N(CCC=2C=CC=CC2)CC=3C=CC=NC3)N=N1,NA,BAR-COM-4e090d3a-47,A7 - Moonshot - active site,NA
RUN318,Mpro-x3305_1A,Mpro-x3305,CN1C=C(CNC(=O)N(CCC=2C=CC=CC2)CC=3C=CC=NC3)N=N1,NA,BAR-COM-4e090d3a-47,A7 - Moonshot - active site,NA
RUN319,Mpro-x3324_0A,Mpro-x3324,CC(=O)NC(CO)C1=CC(Cl)=CC=C1,CC(=O)NC(CO)C1=CC(Cl)=CC=C1,DAV-CRI-3edb475e-4,A3 - Chloroacetamide,NA
RUN320,Mpro-x3325_0A,Mpro-x3325,CC(=O)N1CCN(CC#C)CC1,CC(=O)N1CCN(CC#C)CC1,TOB-UNK-c2aba166-1,A3 - Chloroacetamide,NA
RUN321,Mpro-x3333_0A,Mpro-x3333,CC(=O)N(CCC(N)=O)C1CCS(=O)(=O)C1,CC(=O)N(CCC(N)=O)C1CCS(=O)(=O)C1,DAN-PUR-6788a628-2,A3 - Chloroacetamide,NA
RUN322,Mpro-x3348_0A,Mpro-x3348,CC(=O)N1CCN(CC1)C(C1=CC=CC=C1)C1=CC=CC=C1,CC(=O)N1CCN(CC1)C(C1=CC=CC=C1)C1=CC=CC=C1,SIM-SYN-f15aaa3a-1,A3 - Chloroacetamide,NA
RUN323,Mpro-x3351_0A,Mpro-x3351,CNCC1=CNC=2C=CC(F)=CC12,NA,DAR-DIA-eace69ff-36,M1 - Moonshot - other,NA
RUN324,Mpro-x3351_1A,Mpro-x3351,CNCC1=CNC=2C=CC(F)=CC12,NA,DAR-DIA-eace69ff-36,M1 - Moonshot - other,NA
RUN325,Mpro-x3359_0A,Mpro-x3359,CCNC(=O)C(N(C(=O)CC)C1=CC=C(C=C1)C(C)(C)C)C1=CN=CC=C1,CCNC(=O)C(N(C(=O)CC)C1=CC=C(C=C1)C(C)(C)C)C1=CN=CC=C1,LON-WEI-adc59df6-30,A6 - Ugi,5RL5
RUN326,Mpro-x3366_0A,Mpro-x3366,CC=1C=CN=CC1NC(=O)CC=2C=CC=3NC=NC3C2,NA,GAB-REV-70cc3ca5-18,A1 - Aminopyridine-like,NA
RUN327,Mpro-6yt8_3A,Mpro-6yt8,C1CCN2O[Zn]SC2C1,NA,NA,P1 - PDB Structures,6YT8
RUN328,Mpro-6yvf_2A,Mpro-6yvf,Cc1cc([C@@H](C)Nc2ccccc2C(=O)O)c2nc(N3CCOCC3)cc(=O)n2c1,NA,NA,P1 - PDB Structures,6YVF
RUN329,Mpro-6yz6_2C,Mpro-6yz6,NC(N)NCCC[C@H](N)C(O)O,NA,NA,P1 - PDB Structures,6YZ6
RUN330,Mpro-7jkv_0A,Mpro-7jkv,COc1cccc2[nH]c(C(=O)N[C@@H](CC(C)C)C(=O)N[C@@H](C[C@@H]3CCNC3=O)[C@H](O)c3nc4ccccc4s3)cc12,NA,NA,P1 - PDB Structures,7JKV
RUN331,Mpro-7jkv_0B,Mpro-7jkv,COc1cccc2[nH]c(C(=O)N[C@@H](CC(C)C)C(=O)N[C@@H](C[C@@H]3CCNC3=O)[C@H](O)c3nc4ccccc4s3)cc12,NA,NA,P1 - PDB Structures,7JKV
RUN332,Mpro-7jkv_1B,Mpro-7jkv,OCCOCCOCCOCCOCCO,NA,NA,P1 - PDB Structures,7JKV
RUN333,Mpro-7k40_0A,Mpro-7k40,CC(C)(C)NC(=O)N[C@H](C(=O)N1C[C@H]2[C@@H]([C@H]1C(=O)N[C@@H](CC1CCC1)[C@@H](O)C(N)=O)C2(C)C)C(C)(C)C,NA,NA,P1 - PDB Structures,7K40
RUN334,Mpro-7k6d_0A,Mpro-7k6d,CCC[C@H](NC(=O)[C@@H]1[C@H]2CCC[C@H]2CN1C(=O)[C@@H](NC(=O)[C@@H](NC(=O)c1cnccn1)C1CCCCC1)C(C)(C)C)[C@@H](O)C(=O)NC1CC1,NA,NA,P1 - PDB Structures,7K6D
RUN335,Mpro-7k6e_0A,Mpro-7k6e,CCC[C@H](NC(=O)[C@@H]1[C@H]2CCC[C@H]2CN1C(=O)[C@@H](NC(=O)[C@@H](NC(=O)c1cnccn1)C1CCCCC1)C(C)(C)C)[C@@H](O)C(=O)NC1CC1,NA,NA,P1 - PDB Structures,7K6E
RUN336,Mpro-x10296_0A,Mpro-x10296,CCC(N1CCN(Cc(cc2)ccc2F)CC1)=O,CCC(N1CCN(Cc(cc2)ccc2F)CC1)=O,ANT-OPE-d972fbad-1,A3 - Chloroacetamide,NA
RUN337,Mpro-x10329_0A,Mpro-x10329,CCC(C(=O)NC=1C=NN=CC1C)C=2C=CC=C(Cl)C2,NA,JAN-GHE-83b26c96-1,A1 - Aminopyridine-like,NA
RUN338,Mpro-x10474_0A,Mpro-x10474,CC(C)C(C)CC(=O)NC=1C=NC=CC1C,NA,MAT-POS-590ac91e-11,A1 - Aminopyridine-like,NA
RUN339,Mpro-x10555_0A,Mpro-x10555,CC=1C=CN=CC1NC(=O)C2CCC32CCC3,NA,MAT-POS-590ac91e-22,A1 - Aminopyridine-like,NA
RUN340,Mpro-x10559_0A,Mpro-x10559,CC=1C=CN=CC1NC(=O)C2CC(C2)C3CC3,NA,MAT-POS-590ac91e-18,A1 - Aminopyridine-like,NA
RUN341,Mpro-x10565_0A,Mpro-x10565,CC=1C=CN=CC1NC(=O)CC=2C=CC=C(I)C2,NA,JAN-GHE-83b26c96-13,A1 - Aminopyridine-like,NA
RUN342,Mpro-x10566_0A,Mpro-x10566,CC=1C=CN=CC1NC(=O)CC=2C=CC=C(C2)C3CC3,NA,ALP-POS-95b75b4d-4,A1 - Aminopyridine-like,NA
RUN343,Mpro-x10598_0A,Mpro-x10598,CC=1C=CN=CC1NC(=O)CCC=2C=CC=CC2F,NA,BEN-DND-93268d01-7,A1 - Aminopyridine-like,NA
RUN344,Mpro-x10604_0A,Mpro-x10604,ClC=1C=CC=C(CC(=O)NN2C=NNC2=O)C1,NA,JAN-GHE-5a013bed-4,A1 - Aminopyridine-like,NA
RUN345,Mpro-x10606_0A,Mpro-x10606,CC=1C=CN=CC1NS(=O)(=O)C=2C=CC=C(Cl)C2,NA,JAN-GHE-83b26c96-21,A1 - Aminopyridine-like,NA
RUN346,Mpro-x10610_0A,Mpro-x10610,CC=1C=CN=CC1NC(=O)C2(CCOC2)C#N,NA,MAT-POS-590ac91e-27,A1 - Aminopyridine-like,NA
RUN347,Mpro-x10626_0A,Mpro-x10626,CC=1C=CN=CC1NC(=O)[C@H]2[C@@H]3CCCC[C@H]23,NA,MAT-POS-590ac91e-19,A1 - Aminopyridine-like,NA
RUN348,Mpro-x10710_0A,Mpro-x10710,CC(=O)NNC(=O)C1CC2=C(CN1C(=O)CCl)C=CC=C2,CC(=O)NNC(=O)C1CC2=C(CN1C(=O)CCl)C=CC=C2,NAU-LAT-64f4b287-5,A3 - Chloroacetamide,NA
RUN349,Mpro-x10801_0A,Mpro-x10801,CC=1C=CN=CC1NC(=O)CC2CC3(CC3)C2,NA,MAT-POS-590ac91e-24,A1 - Aminopyridine-like,NA
RUN350,Mpro-x10862_1A,Mpro-x10862,COCC(NC(=O)CC1C(=O)NC=2C=CC(F)=CC12)C=3C=CC=C(Br)C3,NA,BAR-COM-0f94fc3d-3,A7 - Moonshot - active site,NA
RUN351,Mpro-x10976_0A,Mpro-x10976,CC=1C=NC=C(NC(=O)CC=2C=CC=C(Cl)C2)C1,NA,EDG-MED-0da5ad92-12,A1 - Aminopyridine-like,NA
RUN352,Mpro-x10995_0A,Mpro-x10995,CCC=1C=CN=CC1NC(=O)CC=2C=CC=C(N2)C(F)(F)F,NA,JAG-UCB-a3ef7265-23,A1 - Aminopyridine-like,NA
RUN353,Mpro-x11013_0A,Mpro-x11013,CC=1C=NN=CC1NC(=O)CC=2C=CC=C(Cl)C2,NA,EDG-MED-0da5ad92-16,A1 - Aminopyridine-like,NA
RUN354,Mpro-x11025_0A,Mpro-x11025,CC=1NN=CC1NC(=O)CC=2C=CC=C(Cl)C2,NA,EDG-MED-0da5ad92-21,A1 - Aminopyridine-like,NA
RUN355,Mpro-x11164_0A,Mpro-x11164,CN1C=CC(CN(C(=O)CC=2C=CC=NC2)C=3C=CC(=CC3)C=4C=CC=CN4)=N1,NA,ALP-POS-c0c213c9-14,A1 - Aminopyridine-like,NA
RUN356,Mpro-x11208_0A,Mpro-x11208,CC1=CC(COC(=O)C2=C3NC(=O)C(O)C3=CC=C2)=CC=C1,NA,LOR-NOR-30067bb9-2,A4 - Isatin,NA
RUN357,Mpro-x11271_0A,Mpro-x11271,COC=1C=C(Cl)C=C(CC(=O)NC=2C=NC=CC2C)C1,NA,MAT-POS-c9973a83-1,A1 - Aminopyridine-like,NA
RUN358,Mpro-x11294_0A,Mpro-x11294,COC=1C=CC=CC1OCCNC(=O)C2=CC(=O)NC=3C=CC=C(OC)C23,NA,EDJ-MED-6af13d92-3,A5 - Quinolone,NA
RUN359,Mpro-x11313_0A,Mpro-x11313,COC=1C=CC=CC1OCCNC(=O)C2=CC(=O)NC=3C=CC=C(C)C23,NA,EDJ-MED-6af13d92-1,A5 - Quinolone,NA
RUN360,Mpro-x11317_0A,Mpro-x11317,CC=1C(N)=CN=CC1NC(=O)CC=2C=CC=C(Cl)C2,NA,TRY-UNI-714a760b-3,A1 - Aminopyridine-like,NA
RUN361,Mpro-x11318_0A,Mpro-x11318,CC=1C(N)=CN=CC1NC(=O)CC=2C=CC=C(C#N)C2,NA,TRY-UNI-714a760b-19,A1 - Aminopyridine-like,NA
RUN362,Mpro-x11339_0A,Mpro-x11339,CC=1C=CN=CC1NC(=O)[C@@H]2C[C@H]2CF,NA,ERI-UCB-5b47150d-6,A1 - Aminopyridine-like,NA
RUN363,Mpro-x11346_0A,Mpro-x11346,CC=1C=C(C)C=C(CC(=O)NC2=NN=CN2C)C1,NA,JAG-UCB-a3ef7265-18,A1 - Aminopyridine-like,NA
RUN364,Mpro-x11354_0A,Mpro-x11354,CC=1C=CN=CC1CC(=O)NC=2C=CC=C3CCNCC23,NA,ADA-UCB-6c2cb422-3,A1 - Aminopyridine-like,NA
RUN365,Mpro-x11366_0A,Mpro-x11366,FC=1C=CC=CC1N2CCN(CC2)C(=O)C3=CC(=O)NC=4C=CC=CC34,NA,BEN-DND-7e92b6ca-16,A5 - Quinolone,NA
RUN366,Mpro-x11368_0A,Mpro-x11368,CC=1C=CN=CC1NC(=O)CC=2C=CC=C(Br)C2,NA,JAN-GHE-83b26c96-12,A1 - Aminopyridine-like,NA
RUN367,Mpro-x11372_0A,Mpro-x11372,CC(C(=O)NC=1C=NC=CC1NC(=O)C)C=2C=CC=C(Cl)C2,NA,JAN-GHE-83b26c96-2,A1 - Aminopyridine-like,NA
RUN368,Mpro-x11417_0A,Mpro-x11417,CC(=O)N1CCN(CC(=O)NC=2C=NC=CC2C)CC1,NA,BEN-DND-93268d01-8,A1 - Aminopyridine-like,NA
RUN369,Mpro-x11424_0A,Mpro-x11424,ClC=1C=CC=C(CC(=O)NC=2C=CC=C3NN=CC23)C1,NA,VLA-UCB-00f2c2b3-7,A2 - Benzotriazole,NA
RUN370,Mpro-x11426_0A,Mpro-x11426,OC(CC=1C=CC=C(Cl)C1)CN2C=NC=N2,NA,JAG-UCB-cedd89ab-2,A1 - Aminopyridine-like,NA
RUN371,Mpro-x11427_0A,Mpro-x11427,CC=1C=CN=CC1NC(=O)CCC=2C=CC=C(F)C2,NA,BEN-DND-93268d01-5,A1 - Aminopyridine-like,NA
RUN372,Mpro-x11428_0A,Mpro-x11428,CC=1C=CN=CC1NC(=O)CN2CCCCC2,NA,BEN-DND-93268d01-11,A1 - Aminopyridine-like,NA
RUN373,Mpro-x11431_0A,Mpro-x11431,ClC=1C=CC=C(CC(=O)NC=2C=NC=C3CCCCC23)C1,NA,EDJ-MED-a364e151-1,A1 - Aminopyridine-like,NA
RUN374,Mpro-x11432_0A,Mpro-x11432,CN(CC=1C=CC=C(Cl)C1)C(=O)CN2N=NC=3C=CC=CC23,NA,EDJ-MED-06d94977-2,A2 - Benzotriazole,NA
RUN375,Mpro-x11454_0A,Mpro-x11454,ClC=1C=CC=C(CC(=O)NC2=CN=C3C=CC=CN23)C1,NA,PET-UNK-8df914d1-2,A1 - Aminopyridine-like,NA
RUN376,Mpro-x11458_0A,Mpro-x11458,O=C(CC=1C=CC=C(C#C)C1)NC=2C=NC=C3C=CC=CC23,NA,PET-UNK-c9c1e0d8-2,A1 - Aminopyridine-like,NA
RUN377,Mpro-x11473_0A,Mpro-x11473,CN1C=NC=C1NC(=O)CC=2C=CC=C(Cl)C2,NA,PET-UNK-8df914d1-4,A1 - Aminopyridine-like,NA
RUN378,Mpro-x11475_0A,Mpro-x11475,CC=1C=CN=CC1N2CCN(C2=O)C=3C=CC=C(Cl)C3,NA,JAG-UCB-cedd89ab-1,A1 - Aminopyridine-like,NA
RUN379,Mpro-x11485_0A,Mpro-x11485,CC=1C=CN=NC1NC(=O)CC=2C=CC=C(Cl)C2,NA,EDG-MED-0da5ad92-15,A1 - Aminopyridine-like,NA
RUN380,Mpro-x11488_0A,Mpro-x11488,COC(=O)C(C(=O)NC=1C=NC=CC1C)C=2C=CC=C(Cl)C2,NA,MAT-POS-1e5f28a7-1,A1 - Aminopyridine-like,NA
RUN381,Mpro-x11493_0A,Mpro-x11493,ClC=1C=CC=C(CC(=O)NC=2N=CN3C=CC=CC23)C1,NA,EDJ-MED-50fe53e8-3,A1 - Aminopyridine-like,NA
RUN382,Mpro-x11499_0A,Mpro-x11499,ClC=1C=CC=C(CC(=O)NC=2C=NC=C3C=CN=CC23)C1,NA,MAT-POS-f7918075-5,A1 - Aminopyridine-like,NA
RUN383,Mpro-x11541_0A,Mpro-x11541,CC(=O)N1CCN(CC(=O)NC=2C=NC=C3C=CC=CC23)CC1,NA,ALP-POS-6747fa38-1,A1 - Aminopyridine-like,NA
RUN384,Mpro-x11562_0A,Mpro-x11562,CCCCOC=1C=CC(Cl)=CC1CC(=O)NC=2C=NC=CC2C,NA,EDG-MED-0da5ad92-7,A1 - Aminopyridine-like,NA
RUN385,Mpro-x11564_0A,Mpro-x11564,CC=1C=CC(=C(F)C1F)C=2C=C(Cl)C=C(CC(=O)NC=3C=NC=CC3C)C2,NA,MAT-POS-f42f3716-6,A1 - Aminopyridine-like,NA
RUN386,Mpro-x11579_0A,Mpro-x11579,CSC1=C(C#N)C2(CCCCC2)C(=C(NC(=O)CCl)N1)C#N,NA,TAT-ENA-80bfd3e5-7,A3 - Chloroacetamide,NA
RUN387,Mpro-x11642_0A,Mpro-x11642,COC=1C=CC=C(OC=2C=C(Cl)C=C(NC(=O)CC=3C=NC=C4C=CC=CC34)C2)N1,NA,MAT-POS-6344a35d-1,A1 - Aminopyridine-like,NA
RUN388,Mpro-x11723_0A,Mpro-x11723,CC1=NOC(COC=2C=C(Cl)C=C(CC(=O)NC=3C=NC=CC3C)C2)=N1,NA,CHO-MSK-6e55470f-5,A1 - Aminopyridine-like,NA
RUN389,Mpro-x11743_0A,Mpro-x11743,CC=1C=CN=CC1NC(=O)CC=2C=C(Cl)C=C(NS(=O)(=O)N)C2,NA,WIL-MOD-03b86a88-6,A1 - Aminopyridine-like,NA
RUN390,Mpro-x11764_0A,Mpro-x11764,CC=1C=CN=CC1NC(=O)CC=2C=C(Cl)C=C(NC3CCCC3O)C2,NA,MAT-POS-044491d2-1,A1 - Aminopyridine-like,NA
RUN391,Mpro-x11790_0A,Mpro-x11790,CN(C)C=1C=CC(=CC1)N(CC=2C=CSC2)C(=O)CC=3C=NC=C4C=CC=CC34,NA,PET-UNK-1901c25b-1,A2 - Benzotriazole,NA
RUN392,Mpro-x11797_0A,Mpro-x11797,CN(C)C=1C=CC(=CC1)N(CC2=CC=NN2)C(=O)CN3N=NC=4C=CC=CC34,NA,PET-UNK-7374c256-2,A2 - Benzotriazole,NA
RUN393,Mpro-x11798_0A,Mpro-x11798,CNC(=O)NC=1C=CC(=CC1)N(CC=2C=CSC2)C(=O)CN3N=NC=4C=CC=CC34,NA,ROB-IMP-e811baff-1,A2 - Benzotriazole,NA
RUN394,Mpro-x11801_0A,Mpro-x11801,CC(=O)NCC=1C=C(Cl)C=C(CC(=O)NC=2C=NC=CC2C)C1,NA,RAL-THA-6b94ceba-5,A1 - Aminopyridine-like,NA
RUN395,Mpro-x11831_0A,Mpro-x11831,ClC=1C=C2CCOC2=C(CC(=O)NC=3C=NC=C4C=CC=CC34)C1,NA,MAT-POS-bbbbc21a-3,A1 - Aminopyridine-like,NA
RUN396,Mpro-x11894_0A,Mpro-x11894,O=CC(NC(=O)C1=CC=CS1)=CC1=CC=C(S1)N1CCOCC1,O=CC(NC(=O)C1=CC=CS1)=CC1=CC=C(S1)N1CCOCC1,MAT-POS-fa06b69f-6,A7 - Moonshot - active site,NA
RUN397,Mpro-x12073_0A,Mpro-x12073,C[C@@H]1COC2=C(C=C(Cl)C=C2)[C@@H]1C(=O)NC1=C2C=CC=CC2=CN=C1,NA,MAT-POS-8a69d52e-7,A1 - Aminopyridine-like,NA
RUN398,Mpro-x12080_0A,Mpro-x12080,COC1=CC(OC)=NC(C=N)=N1,COC1=CC(OC)=NC(C=N)=N1,AAR-RCN-748c104b-1,A7 - Moonshot - active site,NA
