SMILES,TITLE,Hybrid2,docked_fragment,Mpro-_dock,site
C[C@@H](c1ccc-2c(c1)Cc3c2cccc3)C(=O)[O-],CHEMBL2104122,-11.519580,x0749,0.509349,active-covalent
C[C@]12CC[C@H]3[C@H]([C@@H]1CC[C@]2(C#C)O)CCC4=CC(=O)CC[C@H]34,CHEMBL1387,-10.580162,x0749,2.706928,active-covalent
CC(C)(C)c1cc(cc(c1O)C(C)(C)C)/C=C\2/C(=O)NC(=[NH2+])S2,CHEMBL275835,-10.557229,x0107,1.80183,active-noncovalent
C[C@]12CC[C@@H]3[C@H]4CCCCC4=CC[C@H]3[C@@H]1CC[C@]2(C#C)O,CHEMBL2104104,-10.480992,x0749,3.7917,active-covalent
CC(=O)[C@]1(CC[C@@H]2[C@@]1(CCC3=C4CCC(=O)C=C4CC[C@@H]23)C)C,CHEMBL2104231,-10.430775,x0749,4.230903,active-covalent
C/C=C(\C(=C/C)\c1ccc(cc1)O)/c2ccc(cc2)O,DB00890,-10.425714,x0749,1.563855,active-covalent
C[C@]12CC[C@H]3[C@H]([C@@H]1CCC2=O)CCC4=CC(=O)CC[C@]34CC#C,CHEMBL2105261,-10.381376,x0749,1.010473,active-covalent
C[C@]12CC[C@H]3[C@H]([C@@H]1CC[C@]2(C#C)O)CCC4=CC(=O)CC[C@H]34,CHEMBL1162,-10.277848,x0749,4.152064,active-covalent
CC[C@@H](C1(Cc2ccccc2C1)O)[NH3+],CHEMBL2105009,-10.159410,x0195,-0.287531,active-noncovalent
C[C@]12CC[C@H]3[C@H]([C@@H]1CC[C@]2(C#C)O)CCC4=CCCC[C@H]34,CHEMBL2107431,-10.147342,x0749,2.565622,active-covalent
C[C@]12C=CC3=C4CCC(=O)C=C4CC[C@H]3[C@@H]1CC[C@]2(C#C)O,CHEMBL1908319,-10.117355,x0749,4.953166,active-covalent
C[C@]12CC[C@H]3[C@H]([C@@H]1CC[C@]2(C=C)O)CCC4=CC(=O)CC[C@H]34,CHEMBL2106828,-10.102465,x0749,4.808456,active-covalent
C[C@]12CC[C@@H]3c4ccc(cc4CC[C@H]3[C@@H]1CC[C@]2(C#C)O)OC,CHEMBL1201151,-10.084953,x0749,6.932013,active-covalent
C[C@]12CC[C@H]3[C@H]([C@@H]1CC[C@]2(C#C)O)CCC4=C3CCCC4,CHEMBL2105440,-10.049597,x0749,2.677762,active-covalent
CC(C)(C)c1[nH]c2c3cc[nH]c(=O)c3c4cc(ccc4c2n1)F,DB04716,-9.996657,x0749,0.727377,active-covalent
C[C@@H](C[NH+](C)C)O[C@@](C)(c1ccccc1)c2ccc(cc2)Cl,CHEMBL2105171,-9.937554,x0072,0.722721,active-noncovalent
CC(=O)NC[C@@H]1C[C@@H]2c3cccc4c3c(c[nH]4)C[C@H]2[N@@H+](C1)C,CHEMBL2103999,-9.883969,x0678,-0.523678,active-noncovalent
CC[C@]12CC[C@H]3[C@H]([C@@H]1C=C[C@]2(C#C)O)CCC4=CC(=O)CC[C@H]34,CHEMBL1213583,-9.883617,x0749,5.434977,active-covalent
C[C@]12CC[C@H]3[C@H]([C@@H]1CC[C@]2(CC=C)O)CCC4=CCCC[C@H]34,CHEMBL2105618,-9.836720,x0749,4.29518,active-covalent
CC[C@]12C=CC3=C4CCC(=O)C=C4CC[C@H]3[C@@H]1CC[C@]2(C#C)O,CHEMBL1868702,-9.808918,x0749,4.773502,active-covalent
C[C@@H]1C[C@@H]2[C@@H]3C[C@@H](C4=C[C@H](CC[C@@]4([C@H]3CC[C@@]2([C@H]1C(=O)C)C)C)O)C,CHEMBL2104270,-9.804159,x1077,4.427132,active-noncovalent
CC(C)(C)c1cc(c(cc1O)C(C)(C)C)O,DB04638,-9.760643,x0749,-0.399283,active-covalent
CC(=O)[C@H]1CC[C@@H]2[C@@]1(CC[C@H]3[C@H]2C[C@H]([C@@]45[C@@]3(CC[C@@H]4C5)C)O)C,CHEMBL2104107,-9.707248,x0749,0.78759,active-covalent
C[C@@H](Cc1ccccc1)[N@@H+](C)CC#C,DB01037,-9.698182,x0161,-1.042359,active-noncovalent
C[C@]12CC[C@H]3[C@H]([C@@H]1CC[C@]2(C#C)O)CCC4=Cc5c(cno5)C[C@]34C,CHEMBL1479,-9.696914,x0749,3.200312,active-covalent
CC(=O)O[C@H]1CC[C@@H]2[C@H]3CC[C@]4([C@H]([C@@H]3CCC2=C1)CC[C@]4(C#C)OC(=O)C)C,CHEMBL1200624,-9.683345,x0104,4.714324,active-noncovalent
C#CCN1c2ccc(cc2[C@@H](N=CC1=O)c3ccccc3)Cl,CHEMBL1213352,-9.674342,x1077,0.329009,active-noncovalent
CC(=O)[C@]1(CC[C@@H]2[C@@]1(CC[C@H]3[C@H]2C=C(C4=CC(=O)[C@@H]5C[C@@H]5[C@]34C)Cl)C)OC(=O)C,CHEMBL139835,-9.666415,x0874,2.909173,active-noncovalent
C[C@H]1CCc2cc(cc3c2n1cc(c3=O)C(=O)[O-])F,CHEMBL370252,-9.666282,x0195,0.536042,active-noncovalent
CCC[C@@]1(Cc2cccc3c2[N@@]1CC3)C4=[NH+]CCN4,CHEMBL2107612,-9.652866,x0678,0.060149,active-noncovalent
C[C@@H]1C[C@H]([C@@H](C(=O)O1)c2ccccc2)c3ccc(cc3)Cl,CHEMBL2105202,-9.637808,x1093,0.224,active-noncovalent
C#Cc1ccc(cc1)c2ccccc2F,CHEMBL2106321,-9.614632,x0749,-0.376312,active-covalent
C[C@@H]1C[C@H]2[C@@H]3C[C@@H](C4=CC(=O)CC[C@@]4([C@H]3CC[C@@]2([C@H]1C(=O)C)C)C)Cl,CHEMBL2105974,-9.590186,x0749,1.538315,active-covalent
CC(=O)[C@H]1CC[C@@H]2[C@@]1(CC[C@@H]3[C@H]2C=C(C4=CC(=O)C=C[C@@]34C)Cl)C,CHEMBL2107518,-9.561892,x0072,2.552691,active-noncovalent
CC[C@]12CC[C@H]3[C@H]([C@@H]1CC[C@]2(C#C)O)CCC4=CC(=O)CC[C@H]34,CHEMBL1389,-9.541877,x0749,4.406745,active-covalent
CC[C@H]1C[N@H+](CC[C@@]1(c2ccccc2)OC(=O)CC)C,CHEMBL2104027,-9.528659,x0678,1.762545,active-noncovalent
CC(=O)[C@]1(CC[C@@H]2[C@@]1(CC[C@H]3[C@H]2C[C@@H](C4=CC(=O)CC[C@]34C)C(F)(F)F)C)O,CHEMBL2104932,-9.524969,x0195,2.217199,active-noncovalent
CCC(=C(c1ccccc1)c2ccccc2)C[NH3+],CHEMBL2104621,-9.524819,x0072,-0.923029,active-noncovalent
CC(C)(C)[C@@]1(CC[N@H+]2C[C@H]3c4ccccc4CCc5c3c(ccc5)[C@@H]2C1)O,CHEMBL8514,-9.512857,x0195,3.369846,active-noncovalent
C/C(=C\C(=O)C)/c1ccc(cc1)c2ccccc2,CHEMBL2104473,-9.504568,x0749,3.644207,active-covalent
C[N@@H+]1CCC[C@H]1c2cc(cnc2)C#C,CHEMBL111659,-9.500140,x0678,-1.475226,active-noncovalent
C[C@H](CN1c2ccccc2Sc3c1cccc3)C[NH+](C)C,CHEMBL829,-9.491579,x0195,0.576712,active-noncovalent
CC[C@@]1(Cc2ccccc2O1)C3=[NH+]CCN3,CHEMBL57895,-9.453258,x1382,-0.877326,active-covalent
CC(=O)c1cc2c(o1)C(=O)c3ccccc3C2=O,CHEMBL64130,-9.445909,x0195,2.922366,active-noncovalent
CC(=O)O[C@H]1CC[C@@H]2[C@@]1(CC[C@H]3[C@H]2CCc4c3ccc(c4)O)C,EDRUG4,-9.444999,x0749,4.419692,active-covalent
CC\1=CCCC(/C1=C/C=C(\C)/C=C/C=C(\C)/C=C)(C)C,DB02914,-9.441391,x0104,1.112757,active-noncovalent
C[C@@H](Cc1c[nH]c2c1cccc2)[NH3+],DB01446,-9.435568,x0195,-0.518664,active-noncovalent
CC(C)(c1ccccc1)c2ccc(cc2)O,DB06902,-9.430995,x0072,-0.138283,active-noncovalent
C[C@]12CC(=C)[C@H]3[C@H]([C@@H]1C=C[C@]2(C#C)O)CCC4=CC(=O)CC[C@H]34,CHEMBL2107658,-9.418487,x0749,6.171498,active-covalent
C[C@]12CCC(=O)C=C1CC[C@@H]3[C@@H]2CC[C@]4([C@H]3CC[C@]4(C#C)O)C,CHEMBL241694,-9.379984,x0749,2.788816,active-covalent
CCC[N@@H+]1CCO[C@H]2[C@H]1CCc3c2cc(cc3)O,CHEMBL69271,-9.363866,x0749,-0.497391,active-covalent
C[C@H]1C[C@@H]2[C@H](CC[C@]3([C@H]2CC[C@@]3(C(=O)C)OC(=O)C)C)[C@@]4(C1=CC(=O)CC4)C,CHEMBL717,-9.328434,x0749,4.511628,active-covalent
C[C@]12CC[C@H]3[C@H]([C@@H]1CCC2=O)CC(=C)C4=CC(=O)C=C[C@]34C,CHEMBL1200374,-9.327736,x0749,0.256943,active-covalent
CC#C[C@@]1(CC[C@@H]2[C@@]1(CC[C@H]3[C@H]2C[C@@H](C4=CC(=O)CC[C@]34C)C)C)O,CHEMBL2106347,-9.315269,x1077,2.198202,active-noncovalent
CC1=C[C@@H]2[C@H](CC[C@]3([C@H]2CC[C@@]3(C(=O)C)OC(=O)C)C)[C@@H]4C1=CC(=O)CC4,CHEMBL1476022,-9.296786,x0104,3.272317,active-noncovalent
CC(=O)[C@@]12C[C@@H]1C[C@@H]3[C@@]2(CC[C@H]4[C@H]3C=C(C5=CC(=O)[C@@H]6C[C@@H]6[C@]45C)Cl)C,CHEMBL2105103,-9.291394,x0874,0.923369,active-noncovalent
C[C@H]1C[N@H+](C[C@@H]2[C@@]1(Oc3ccc4ccccc4c3C2)O)C,CHEMBL2111035,-9.248034,x0749,1.396809,active-covalent
CC1=C[C@@H]2[C@H](CC[C@]3([C@H]2CC[C@@]3(C(=O)C)OC(=O)C)C)[C@@]4(C1=CC(=O)CC4)C,CHEMBL1201139,-9.230185,x0749,3.140572,active-covalent
CC(C)c1cc2c(cc1S(=O)(=O)[O-])[C@]3(CCC[C@@]([C@@H]3CC2)(C)C(=O)[O-])C,CHEMBL2104585,-9.226086,x0749,2.768112,active-covalent
C[C@]12CC[C@H]3[C@H]([C@@H]1CCC2=O)CC(=C)C4=CC(=O)C=C[C@]34C,EDRUG376,-9.209402,x0749,0.370902,active-covalent
C=CC[NH+]1Cc2ccccc2-c3ccccc3C1,CHEMBL2110596,-9.193875,x0678,0.585438,active-noncovalent
C[C@@H]1c2ccccc2[C@@H](c3c1ccc(c3)C(F)(F)F)CCC[NH+](C)C,CHEMBL2110950,-9.184581,x0749,0.844326,active-covalent
C[C@H]1C2=C([C@H]3[C@@H](O1)OC(=O)O3)C(=O)c4cccc(c4C2=O)[O-],CHEMBL1908343,-9.175071,x0749,1.170335,active-covalent
C[C@@H](CN1c2ccccc2Sc3c1cccc3)[NH+](C)C,CHEMBL643,-9.174159,x0874,-0.267103,active-noncovalent
C[C@H](C1=[NH+]CCN1)Oc2c(cccc2Cl)Cl,CHEMBL17860,-9.172547,x0678,0.242563,active-noncovalent
C[C@H](CN1c2ccccc2CCc3c1cccc3)C[NH+](C)C,CHEMBL644,-9.171801,x0072,0.69771,active-noncovalent
CC1=C[C@@H]2[C@H](CC[C@]3([C@H]2CC(=C)[C@@]3(C(=O)C)OC(=O)C)C)[C@@]4(C1=CC(=O)CC4)C,CHEMBL1328968,-9.169950,x0874,4.090681,active-noncovalent
C[C@]12CC[C@@H]3c4ccc(cc4CC[N@H+]3[C@@H]1CC[C@]2(C#C)O)OC,CHEMBL2110830,-9.136209,x0749,1.331339,active-covalent
CC(C)(C)c1ccc2c(c1)ccc(c2S(=O)(=O)[O-])C(C)(C)C,CHEMBL1865134,-9.111071,x0749,0.721834,active-covalent
CC(=O)[C@]1(CC[C@@H]2[C@@]1(CC[C@H]3[C@H]2C=C(C4=CC(=O)CC[C@H]34)Cl)C)OC(=O)C,CHEMBL2104011,-9.106432,x0104,2.14603,active-noncovalent
CC[C@@]1(CC[N@H+]2CCc3ccc(cc3[C@@H]2C1)C)O,CHEMBL2105550,-9.097529,x0104,-0.74156,active-noncovalent
CC(=O)[C@]1(CC[C@@H]2[C@@]1(CC[C@H]3[C@H]2C=C(C4=CC(=O)C=C[C@]34C)Cl)C)OC(=O)C,CHEMBL2104598,-9.089441,x0104,2.553616,active-noncovalent
C[C@@H]1CC2=CC(=O)CC[C@@H]2[C@@H]3[C@@H]1[C@@H]4CC[C@@H]([C@]4(CC3)C)OC(=O)C,CHEMBL452329,-9.081142,x0195,4.441895,active-noncovalent
CC(=O)[C@]1(C(=C)C[C@@H]2[C@@]1(CC[C@H]3[C@H]2CCC4=CC(=O)CC[C@H]34)C)OC(=O)C,CHEMBL3707377,-9.076952,x0749,5.287785,active-covalent
CC(C)(C)c1cc2c(=O)cc(oc2c(c1)C(C)(C)C)C(=O)[O-],CHEMBL2105501,-9.066968,x0749,1.924605,active-covalent
C[C@H]1CC(=[NH+]N1c2nc3c(s2)CCCC3)N,CHEMBL2104274,-9.059706,x0434,-0.683164,active-noncovalent
C[C@H](CC1c2ccccc2CCc3c1cccc3)C[NH+](C)C,CHEMBL2110816,-9.058302,x0195,0.257624,active-noncovalent
CC[C@@](C/C=C/c1ccccc1)(c2ccccc2)[N@@H+](C)CC3CC3,CHEMBL2110660,-9.056583,x0161,2.642704,active-noncovalent
CC(=O)n1c2ccccc2c3c1C(=O)CCC3,DB08655,-9.054573,x0195,0.223334,active-noncovalent
CCC(CC)(c1cccc2c1cccc2)C(=O)[O-],CHEMBL2106771,-9.052024,x0759,0.451238,active-covalent
CC(=O)[C@H]1CC[C@@H]2[C@@]1(CC(=O)[C@H]3[C@H]2CC[C@@H]4[C@@]3(CC[C@H](C4)O)C)C,CHEMBL190279,-9.049335,x0749,3.924456,active-covalent
C#CC[NH2+][C@@H]1CCc2c1cccc2,CHEMBL887,-9.048687,x1382,-0.968121,active-covalent
CC[C@]12CC[C@H]3[C@H]([C@@H]1CC[C@@]2(C#C)O)CCC4=CC(=O)CC[C@H]34,CHEMBL2107797,-9.002963,x0749,2.616094,active-covalent
C1CCC(CC1)C(C[C@H]2CCCC[NH2+]2)C3CCCCC3,CHEMBL75880,-8.983480,x0434,-0.388464,active-noncovalent
CC(=O)Nc1cc2cccnc2c3c1cccn3,DB08440,-8.949649,x0195,-0.855075,active-noncovalent
CC(=O)[C@]1(CC[C@@H]2[C@@]1(CC[C@H]3[C@H]2C=C(C4=CC(=O)CC[C@]34C)Cl)C)OC(=O)C,CHEMBL110691,-8.937246,x0874,2.657656,active-noncovalent
CCC[N@@H+]1CCC[C@H]2[C@H]1Cc3c[nH]nc3C2,CHEMBL240773,-8.930215,x0749,-0.695524,active-covalent
CCC[C@@]1(CC[N@@H+](C[C@@H]1C)C)c2cccc(c2)O,CHEMBL2220420,-8.914103,x0678,1.390393,active-noncovalent
CC1=C[C@@H]2[C@H](CC[C@]3([C@H]2CC[C@]3(C)C(=O)C)C)[C@@]4(C1=CC(=O)CC4)C,CHEMBL2106825,-8.912298,x0749,2.676357,active-covalent
C#C[C@@H](c1ccccc1)OC(=O)N,CHEMBL2105609,-8.908838,x0195,1.537287,active-noncovalent
CCC1(C(=O)NC(=O)N(C1=O)c2ccccc2)CC,CHEMBL93218,-8.902903,x0749,-0.275627,active-covalent
C[C@H]1[C@H](Cc2ccccc2O1)[NH+](C)C,CHEMBL2111184,-8.900448,x0195,-1.210834,active-noncovalent
CC(=O)/C=C/c1cn(c2c1cccc2)C,DB08186,-8.889580,x0195,-1.058285,active-noncovalent
CC(=O)[C@H]1CC[C@@H]2[C@@]1(CC[C@@H]3[C@H]2C=CC4=CC(=O)CC[C@@]34C)C,CHEMBL1200853,-8.851148,x0749,3.072092,active-covalent
CC[C@]12CC(=C)[C@H]3[C@H]([C@@H]1CC[C@]2(C#C)O)CCC4=CCCC[C@H]34,CHEMBL1533,-8.845607,x0749,3.867025,active-covalent
CC(=O)/C=C/C=C\1/[C@H]2CC[C@H](C2)C1(C)C,CHEMBL2104245,-8.843953,x0749,1.453055,active-covalent
C[C@@H]1CO[C@@]2([N@H+]1CC(=O)Nc3c2cc(cc3)Cl)c4ccccc4Cl,CHEMBL1743261,-8.834261,x0830,1.505796,active-covalent
CC(=O)[C@]1(CC[C@@H]2[C@@]1(CC[C@H]3[C@H]2C=C(C4=CC(=O)OC[C@]34C)Cl)C)O,CHEMBL2106982,-8.833907,x0104,2.158576,active-noncovalent
Cc1cc2c(c(c1)OC(=O)C)C3=C(CC[C@@H](C3)C)C(O2)(C)C,CHEMBL2105240,-8.833778,x0195,1.991238,active-noncovalent
C[C@H](Cc1ccccc1)[N@@H+](C)CC#C,CHEMBL972,-8.827469,x0161,-0.99364,active-noncovalent
C[C@H]1CC[C@@H](C[C@@H]1c2ccc(cc2)O)C(C)C,CHEMBL2106527,-8.821215,x0072,-0.223354,active-noncovalent
CC(C)(C)CC(C)(C)c1ccc(cc1)O,EDRUG316,-8.804402,x0195,0.494507,active-noncovalent
CC[C@]1(CNC(=S)c2c1cccc2)c3ccccc3,CHEMBL2104546,-8.786167,x0708,-1.144489,active-covalent
C[C@@H](CN1c2ccccc2Sc3c1nccc3)[NH+](C)C,CHEMBL2111066,-8.753884,x0195,0.554228,active-noncovalent
CC(=O)[C@H]1CC[C@@H]2[C@@]1(CC[C@H]3[C@H]2CCC4=CC(=O)CC[C@]34C)C,CHEMBL103,-8.726217,x0749,2.196428,active-covalent
CC[C@]12CC[C@H]3[C@H]([C@@H]1CC[C@@]2(C#C)O)CCC4=CC(=O)CC[C@H]34,EDRUG178,-8.705896,x0104,2.248707,active-noncovalent
CC(=O)O[C@]1(CC[C@@H]2[C@@]1(CC[C@H]3[C@H]2CCC4=CC(=O)CC[C@H]34)C)C#C,CHEMBL1201146,-8.671487,x0104,2.946252,active-noncovalent
C[C@H](CN1c2ccccc2Sc3c1cc(cc3)C(F)(F)F)C[NH+](C)C,CHEMBL1717401,-8.654140,x0161,2.428459,active-noncovalent
C[C@H]1C[C@]2([C@@H](CC[C@]2(C#C)OC(=O)C)[C@H]3[C@H]1[C@H]4CC[C@@H](C=C4CC3)OC(=O)C)C,CHEMBL2106950,-8.652840,x0104,6.328729,active-noncovalent
CC[C@]12CC(=C)[C@H]3[C@H]([C@@H]1CC[C@]2(C#C)O)CCC4=CC(=O)CC[C@H]34,CHEMBL1531,-8.650203,x0749,5.009519,active-covalent
CC1=CC(=O)C[C@H]2[C@]1([C@H]3CC[C@]4([C@H]([C@@H]3CC2)CC[C@@H]4OC(=O)C)C)C,CHEMBL2106880,-8.634189,x0161,3.502438,active-noncovalent
CC1(C(=O)N(C(=O)N1)c2ccc(c(c2)C(F)(F)F)N(=O)[O-])C,CHEMBL1274,-8.618824,x0195,2.583118,active-noncovalent
CC(C)c1c(c2cc(ccc2[nH]c1=O)Cl)OC3CCCCC3,DB07871,-8.601430,x0195,0.012213,active-noncovalent
C[C@H]1C[C@@H]2N(O1)C(=O)c3cc(ccc3O2)Cl,CHEMBL2104738,-8.596709,x0749,-0.442267,active-covalent
CC(=O)S[C@@H]1CC2=CC(=O)C=C[C@@]2([C@@H]3[C@@H]1[C@@H]4[C@@H]5C[C@@H]5[C@]6([C@]4(CC3)C)CCC(=O)O6)C,CHEMBL1908314,-8.593760,x0749,2.938666,active-covalent
CC(=O)[C@]1(CC[C@@H]2[C@@]1(CC[C@H]3[C@H]2C[C@@H](C4=CC(=O)CC[C@]34C)F)C)Br,CHEMBL2104328,-8.591348,x1077,2.092835,active-noncovalent
Cc1cc(=O)oc2c1ccc(c2)OCC#C,CHEMBL1377940,-8.584805,x0195,0.175291,active-noncovalent
CC(C)(C)[NH+]1CCC(CC1)(c2ccccc2)c3ccccc3,CHEMBL334491,-8.571699,x0874,0.347899,active-noncovalent
C[C@H](Cc1ccccc1)NC=O,CHEMBL1395071,-8.564754,x0678,0.354173,active-noncovalent
CC(=O)c1ccc2c(c1)C(=O)C3(O2)CC3,CHEMBL18098,-8.561432,x0749,-0.034877,active-covalent
C[N@@H+](CC#C)Cc1ccccc1,CHEMBL673,-8.553005,x0678,-0.092448,active-noncovalent
CC(C)c1ccc2c(c1)c(=O)c3cc(c(nc3o2)N)C(=O)[O-],CHEMBL1096,-8.547929,x0072,2.276912,active-noncovalent
C/C(=C\c1ccccc1)/c2ccc3c(c2)C(CCC3(C)C)(C)C,CHEMBL554474,-8.545802,x1077,0.878044,active-noncovalent
C[C@]12CC[C@@H](C[C@@H]1CC[C@@H]3[C@@H]2CC[C@]4([C@@H]3CC[C@]4(C#C)O)C)O,CHEMBL3545237,-8.544281,x0749,5.589543,active-covalent
CC[C@H]1C[N@H+](CC[C@@]1(c2ccccc2)OC(=O)CC)C,DB01552,-8.538467,x0678,1.003063,active-noncovalent
CC[C@H](Cc1c[nH]c2c1cccc2)[NH3+],CHEMBL1619758,-8.530258,x0072,-1.501948,active-noncovalent
C[C@H]1C[C@@H]2[C@H](CC[C@]3([C@@H]2CC[C@@]3(C(=O)C)OC(=O)C)C)[C@@]4(C1=CCCC4)C,CHEMBL2104489,-8.519741,x0749,2.380451,active-covalent
CC(=O)[C@H](Cc1ccccc1)[NH3+],DB03149,-8.486859,x0678,-1.599352,active-noncovalent
CC[C@@H](C(C[C@@H](C)[NH+](C)C)(c1ccccc1)c2ccccc2)OC(=O)C,CHEMBL170179,-8.481861,x0195,2.687346,active-noncovalent
CC(C)(CC12CC3CC(C1)CC(C3)C2)[NH3+],CHEMBL2111145,-8.473557,x0161,0.530606,active-noncovalent
C[C@@]12CC3C[C@@](C1)(CC(C3)(C2)[NH3+])C,CHEMBL807,-8.472478,x1077,2.192045,active-noncovalent
Cc1c(n2ccccc2n1)c3ccnc(n3)NC(=O)C,DB02538,-8.451538,x0678,2.143808,active-noncovalent
C[C@@H]1[C@H](C[C@H]([NH2+]1)C2CC2)c3ccc(cc3)Cl,CHEMBL2105225,-8.417772,x0161,-0.947684,active-noncovalent
CC[NH+](CC)CCC[NH2+]Cc1cc(c2cccnc2c1O)Cl,CHEMBL2110791,-8.409320,x0678,1.251335,active-noncovalent
C[C@@H](c1ccc2c(c1)nc(o2)c3ccc(cc3)Cl)C(=O)[O-],CHEMBL340978,-8.407418,x1077,1.981566,active-noncovalent
C=CC[N@H+]1CC[C@]23CCCC[C@H]2[C@H]1Cc4c3cc(cc4)O,CHEMBL1254682,-8.391128,x0072,1.053632,active-noncovalent
CC(C)[C@](CC[NH+](C)C)(c1cccc2c1cccc2)C(=O)N,CHEMBL2107641,-8.389303,x0104,-1.193695,active-noncovalent
C[C@@H]1[C@H](OC(=[NH2+])N1)c2ccccc2,DB01447,-8.385629,x0104,-0.115688,active-noncovalent
C[C@@H](Cc1ccc(cc1)I)[NH2+]C(C)C,CHEMBL1201308,-8.378622,x0161,-0.775227,active-noncovalent
CC1(NC(=O)[C@@H](O1)/C=C/c2ccccc2)C,CHEMBL2106979,-8.376574,x0678,-0.021617,active-noncovalent
CCc1cc(c(c2c1oc(cc2=O)C(=O)[O-])[O-])C=C,CHEMBL2104681,-8.364519,x0830,0.114761,active-covalent
CC(=O)S[C@@H]1CC2=CC(=O)CC[C@@]2([C@@H]3[C@@H]1[C@@H]4CC[C@]5([C@]4(CC3)C)CCC(=O)O5)C,CHEMBL1393,-8.350913,x0874,1.732902,active-noncovalent
CC(=O)[C@@]12[C@@H](C[C@@H]3[C@@]1(CC[C@H]4[C@H]3CCC5=CC(=O)CC[C@]45C)C)O[C@@](O2)(C)c6ccccc6,CHEMBL2105993,-8.335078,x1077,5.779439,active-noncovalent
CCC(=O)O[C@@]1(CC[N@@H+](C[C@@H]1C)C)c2ccccc2,CHEMBL1623765,-8.321641,x0678,0.80855,active-noncovalent
C[C@@H]1C[C@H]2[C@@H]3CCC4=CC(=O)C=C[C@@]4([C@]3([C@H](C[C@@]2([C@]1(C(=O)C)O)C)O)F)C,CHEMBL2104352,-8.311245,x0749,2.120185,active-covalent
CC(=O)[C@H]1CC[C@@H]2[C@@]1(CC[C@H]3[C@H]2CC[C@H]4[C@@]3(CC[C@H](C4)O)C)C,CHEMBL210952,-8.310772,x0072,1.192265,active-noncovalent
CC[C@@]1(CCC(=O)NC1=O)c2ccc(cc2)N,CHEMBL488,-8.301993,x0195,-0.337944,active-noncovalent
CC(=O)O[C@H]1CC[C@@H]2[C@@]1(C=CC3=C4CCC(=O)C=C4CC[C@@H]23)C,CHEMBL1698011,-8.294770,x0749,4.208807,active-covalent
C[C@H]1C[C@]2([C@@H](CC[C@@]2(C(=O)C)OC(=O)C)[C@H]3[C@H]1[C@H]4CCC(=O)C=C4CC3)C,CHEMBL2104744,-8.286314,x0749,3.573144,active-covalent
C[C@]12CC[C@H]3[C@H]([C@@H]1CC[C@]2(C#C)O)CCC4=Cc5c(cnn5c6ccc(cc6)F)C[C@]34C,CHEMBL2106806,-8.269073,x1077,5.93897,active-noncovalent
CC(C)Cc1ccc(cc1)CC(=O)[O-],CHEMBL341812,-8.228345,x0195,-0.260233,active-noncovalent
CC(=O)[C@]1(CC[C@@H]2[C@@]1(C[C@@H]([C@H]3[C@H]2CCC4=CC(=O)C=C[C@]34C)O)C)O,CHEMBL2105540,-8.228074,x0072,3.329454,active-noncovalent
C[C@H]1C[C@H]2[C@@H]3CC[C@@H]([C@]3(C[C@@H]([C@@H]2[C@@]4(C1=CC(=O)C=C4)C)O)C)C(=O)C,CHEMBL2104631,-8.226552,x0161,2.811748,active-noncovalent
CCC1(C(=O)NCNC1=O)c2ccccc2,CHEMBL856,-8.191757,x0678,0.067982,active-noncovalent
CC(C)c1c(c2cc(ccc2[nH]c1=O)F)OC#CC3CC3,DB07864,-8.186555,x0195,-0.512017,active-noncovalent
C[C@@H]([C@@H](c1ccccc1)O)[NH+](C)C,CHEMBL1589978,-8.179488,x0161,-1.002945,active-noncovalent
CC(=O)[C@@]12[C@@H](C[C@@H]3[C@@]1(CC[C@H]4[C@H]3CCC5=CC(=O)CC[C@]45C)C)OC(O2)(C)C,CHEMBL2105960,-8.174376,x0749,5.038698,active-covalent
CC[C@@]1(CCC(=O)NC1=O)c2ccccc2,CHEMBL1102,-8.159465,x0195,-0.590185,active-noncovalent
CC1([C@@H](N2[C@H](S1)[C@@H](C2=O)N3C(=O)[C@H]([NH2+]C3(C)C)c4ccccc4)C(=O)[O-])C,CHEMBL1201116,-8.155181,x0831,2.268863,active-covalent
C[C@@H](Cc1ccc2c(c1)OCO2)[NH3+],CHEMBL6731,-8.143455,x0195,-0.34226,active-noncovalent
C[C@H]1C[C@H]2[C@@H]3CC[C@@H]([C@]3(C[C@@H]([C@@H]2[C@@]4(C1=CC(=O)CC4)C)O)C)C(=O)C,CHEMBL1201173,-8.141653,x1077,3.629516,active-noncovalent
CC(C)(Cc1ccccc1Cl)[NH3+],CHEMBL1697833,-8.131664,x0678,-0.036167,active-noncovalent
C[C@@H]1C[C@H]2[C@@H]3C=C(C4=CC(=O)CC[C@@]4([C@H]3CC[C@@]2([C@]1(C(=O)C)OC(=O)C)C)C)Cl,CHEMBL2104126,-8.108401,x0104,3.091756,active-noncovalent
CC(C)(Cc1ccccc1)[NH3+],CHEMBL1574,-8.102841,x0678,-0.952081,active-noncovalent
CC(C)c1ccc(cc1S(=O)(=O)C)C(=O)NC(=[NH2+])N,CHEMBL436559,-8.086206,x0874,-0.508025,active-noncovalent
C[C@H]1C[C@H]2[C@@H]3CC[C@@]([C@]3(C[C@@H]([C@@]2([C@@]4(C1=CC(=O)C=C4)C)F)O)C)(C(=O)C)O,CHEMBL1200600,-8.086151,x1077,2.430163,active-noncovalent
CC(=O)Nc1cccc2c1c(=O)c3ccccc3n(c2=O)C,CHEMBL2103994,-8.079422,x0749,1.294965,active-covalent
CC(C)Cc1ccccc1,DB04078,-8.075057,x0195,0.545839,active-noncovalent
C[C@H]1C[N@H+]2CC(=O)Nc3ccc(cc3[C@]2(O1)c4ccccc4)Cl,CHEMBL2104805,-8.055920,x0305,0.974799,active-noncovalent
CC(=O)[C@H]1CC[C@@H]2[C@@]1(CC[C@H]3[C@H]2CC[C@@H]4[C@@]3(CC[C@@](C4)(C)O)C)C,CHEMBL1568698,-8.054926,x0749,3.882001,active-covalent
C1CC[N@H+]2C[C@H]3C[C@@H]([C@H]2C1)C[N@H+]4[C@H]3CCCC4,CHEMBL412873,-8.051592,x0104,-0.481335,active-noncovalent
CC1=C[C@]2([C@@H](CC[C@@H]3[C@@H]2CC[C@]4([C@H]3CC[C@@H]4OC(=O)C)C)CC1=O)C,CHEMBL2107251,-8.037608,x0104,3.676663,active-noncovalent
C[C@H]1[C@@H](OCC[NH2+]1)c2ccccc2,CHEMBL1201208,-8.015677,x0161,-0.185708,active-noncovalent
C[C@H]1O[C@]2(C[NH+]3CCC2CC3)CS1,DB00185,-8.002839,x0195,1.445328,active-noncovalent
C=CCN(c1c(cccc1Cl)Cl)C2=[NH+]CCN2,CHEMBL278581,-7.989653,x0831,1.147345,active-covalent
CCC(=O)O[C@]1(C[C@@H]([N@H+](C[C@H]1C)C)C)c2ccccc2,CHEMBL2107685,-7.982517,x0678,0.212019,active-noncovalent
CC(C)Cn1cnc2c1c3ccccc3nc2N,CHEMBL1282,-7.976064,x0161,0.136519,active-noncovalent
C[C@@H](C[NH+]1CCOCC1)C(c2ccccc2)(c3ccccc3)C(=O)N4CCCC4,CHEMBL431928,-7.974099,x0072,3.251007,active-noncovalent
C[C@@H](Cc1ccccc1)[NH3+],CHEMBL405,-7.967638,x0161,-0.837161,active-noncovalent
Cc1nc2ccccc2c3n1ncc3NC(=O)C,CHEMBL2105363,-7.921958,x0195,0.655649,active-noncovalent
CC(=O)Nc1ccc(cc1)OC(C)(C)C,CHEMBL2104218,-7.920095,x0195,-0.585746,active-noncovalent
C[C@@H]([C@H](c1ccccc1)O)[NH3+],CHEMBL61006,-7.916599,x0104,-0.75574,active-noncovalent
c1cc(c(c2c1nccn2)Br)NC3=[NH+]CCN3,CHEMBL844,-7.909169,x1392,-1.414444,active-covalent
CC1=C(SCCO1)C(=O)Nc2ccccc2,DB04657,-7.906460,x0749,-0.246605,active-covalent
C[C@H]1O[C@]2(C[NH+]3CCC2CC3)CS1,CHEMBL168815,-7.902207,x0195,1.513839,active-noncovalent
Cc1cc(=O)n([nH]1)c2ccccc2,CHEMBL290916,-7.889587,x0195,-2.068452,active-noncovalent
CC(C)(Cc1ccc(cc1)Cl)[NH3+],CHEMBL1201269,-7.885717,x0161,-0.698082,active-noncovalent
C[C@H](c1ccccc1)C(C)(C)[NH3+],CHEMBL2105389,-7.879765,x1382,-0.063223,active-covalent
C1CC[N@@H+]2C[C@@H]3C[C@H]([C@@H]2C1)C[N@@H+]4[C@H]3CCCC4,DB06727,-7.861896,x0104,-0.257877,active-noncovalent
C/C(=C/C(=O)[O-])/C(=O)[O-],DB04734,-7.826240,x0397,0.42193,active-noncovalent
C[C@H](CN1c2ccccc2Sc3c1cc(cc3)C#N)C[NH+](C)C,CHEMBL2104153,-7.819659,x0161,1.361696,active-noncovalent
C=C1C[C@H]([C@H](C1)[NH3+])C(=O)[O-],CHEMBL343803,-7.806792,x1077,-0.115929,active-noncovalent
CC(C)(C)CC(C)(C)[NH+]=C(N)N,CHEMBL2111168,-7.803427,x0678,-0.775995,active-noncovalent
C[C@H]1C[C@H]2[C@@H]3CC[C@@]([C@]3(C[C@@H]([C@@]2([C@@]4(C1=CC(=O)C=C4)C)F)O)C)(C(=O)C)OC(=O)C,CHEMBL1201064,-7.794777,x0874,4.819222,active-noncovalent
C1CC[NH+](CC1)C2CC[NH2+]CC2,DB03056,-7.741867,x0195,-1.50231,active-noncovalent
CC(C)c1[nH+]cc(n1C)N(=O)[O-],CHEMBL334786,-7.720927,x0195,1.611397,active-noncovalent
C[C@]1(C(=O)C=C(O1)C(=O)[O-])c2ccccc2,CHEMBL278488,-7.713561,x0749,0.403537,active-covalent
CC[C@@]1(C(=O)NC(=O)N1C)c2ccccc2,CHEMBL94127,-7.711483,x0678,-0.115025,active-noncovalent
CC1=C2CC3(CC[C@@]2([C@H]4CC[C@]5([C@H]([C@@H]4C1)CC[C@@]5(C(=O)C)OC(=O)C)C)C)OCCO3,CHEMBL2104338,-7.710769,x0104,6.801493,active-noncovalent
C[C@H]1[C@@H](OCC(=O)N1)c2ccccc2,CHEMBL2106282,-7.700275,x0434,-1.16407,active-noncovalent
CC(C)Cn1cnc2c1c3c(cccn3)nc2N,CHEMBL2103807,-7.695462,x0104,-0.288501,active-noncovalent
C[C@@H](Cc1ccc(cc1)O)[NH3+],CHEMBL1546,-7.693278,x0161,-0.396264,active-noncovalent
CC1(c2cc(ccc2NC(=O)O1)Br)C,CHEMBL2106168,-7.682992,x0195,-1.406132,active-noncovalent
CC(C)c1ccc(cc1)N,DB02114,-7.667021,x0678,0.933344,active-noncovalent
C1CCC(CC1)C[NH+]2CCCCC2,CHEMBL2104354,-7.660265,x0104,-1.556394,active-noncovalent
CC(=O)NC(=O)c1ccccc1O,CHEMBL1709559,-7.656331,x0195,0.545316,active-noncovalent
CC[C@@]1(C(=O)NC(=O)C[NH2+]1)c2ccccc2,CHEMBL2106301,-7.648673,x0195,-0.62314,active-noncovalent
CCCC(CCC)(CCC)C(=O)N,CHEMBL2107651,-7.637971,x0874,1.193148,active-noncovalent
CC(C)C[C@@H](C1(CCC1)c2ccc(cc2)Cl)[NH+](C)C,CHEMBL1419,-7.627319,x0195,0.809616,active-noncovalent
CC(C)C[C@@H](C1(CCC1)c2ccc(cc2)Cl)[NH+](C)C,EDRUG364,-7.627319,x0195,0.809616,active-noncovalent
CC(=O)[C@]1(CC[C@@H]2[C@@]1(C[C@@H]([C@]3([C@H]2CCC4=CC(=O)CC[C@@]43C)F)O)C)OC(=O)C,CHEMBL2106773,-7.624941,x1077,4.417883,active-noncovalent
CCC1(C(=O)NC(=O)NC1=O)C2=C[C@H]3CC[C@H](C3)C2,CHEMBL505851,-7.623587,x0195,0.992434,active-noncovalent
CC(C)(C)c1cc(ccc1O)O,DB07726,-7.620463,x0195,1.300411,active-noncovalent
CCC1(C(=O)[C@@H](CNC1=O)C)CC,EDRUG65,-7.618734,x0678,2.683651,active-noncovalent
CC[C@@H](C)C1(C(=O)N(C(=O)N(C1=O)C)C)CC=C,EDRUG60,-7.610025,x0678,1.049557,active-noncovalent
C[C@@H](C12CC3CC(C1)CC(C3)C2)[NH3+],CHEMBL959,-7.592239,x0195,1.50049,active-noncovalent
CC(=O)Oc1ccccc1C(=O)[O-],CHEMBL25,-7.586169,x0678,0.857162,active-noncovalent
CC(=O)Nc1ccc(cc1)OC(=O)C,CHEMBL2106185,-7.558010,x0195,-1.035548,active-noncovalent
C/C=C/c1ccc(cc1)OC,CHEMBL452630,-7.557606,x0749,-1.496922,active-covalent
C=C[C@H](C(=O)[O-])[NH3+],DB01804,-7.556477,x0397,-0.693697,active-noncovalent
C[C@H]1CC(=O)N2CCSC2=[NH+]1,CHEMBL2105310,-7.552146,x0678,-1.411382,active-noncovalent
CC(=O)S[C@@H]1CC2=CC(=O)CC[C@@]2([C@@H]3[C@@H]1[C@@H]4CC[C@]5([C@]4(CC3)C)CCCO5)C,CHEMBL2105514,-7.550798,x0072,1.940438,active-noncovalent
C=CS(=O)(=O)Oc1ccccc1,DB08433,-7.548808,x0195,0.007019,active-noncovalent
C#CCO[C@H]1C[NH+]2CCC1CC2,CHEMBL2111051,-7.511095,x0195,1.404114,active-noncovalent
C[C@H](CN1c2ccccc2S(=O)(=O)c3c1cccc3)C[NH+](C)C,CHEMBL2104734,-7.506965,x0874,1.462379,active-noncovalent
C/C(=C/C(=O)[O-])/C1CCCCC1,CHEMBL2105802,-7.496460,x0678,-1.146682,active-noncovalent
C1C2CC3CC1CC(C2)C3,DB03627,-7.495760,x0354,3.302954,active-noncovalent
CC(=O)O[C@H]1C[NH+]2CCC1CC2,CHEMBL20835,-7.486718,x0195,2.070042,active-noncovalent
CCC#C[C@H](C)[C@@]1(C(=O)NC(=O)N(C1=O)C)CC=C,EDRUG108,-7.471408,x0678,0.99394,active-noncovalent
CC(C)c1cccc(c1O)C(C)C,CHEMBL526,-7.469593,x1418,-0.133274,active-covalent
CC(C(=O)[O-])C(=O)[O-],DB04183,-7.467208,x0397,0.144161,active-noncovalent
CC(=O)[C@@]12[C@@H](C[C@@H]3[C@@]1(C[C@@H]([C@]4([C@H]3CCC5=CC(=O)C=C[C@@]54C)F)O)C)OC(O2)(C)C,CHEMBL2106177,-7.442470,x0161,3.632282,active-noncovalent
CC(C)C[C@H](C1(CCC1)c2ccc(cc2)Cl)[NH+](C)C,EDRUG361,-7.426121,x0195,0.428671,active-noncovalent
C[C@@H](CCCC(C)C)[NH3+],CHEMBL2105833,-7.422825,x0195,-1.047991,active-noncovalent
CC(=O)Nc1ccc(cc1)O,CHEMBL112,-7.421527,x0678,-1.463642,active-noncovalent
C[C@@H](c1ccccc1)NN,CHEMBL1909283,-7.417472,x0195,1.875519,active-noncovalent
C#Cc1c[nH]c(=O)[nH]c1=O,CHEMBL355200,-7.416646,x0678,-1.472335,active-noncovalent
C=CCc1ccc2c(c1)OCO2,CHEMBL242273,-7.405859,x0195,1.001116,active-noncovalent
CC(C)Nc1cc(nc2n1ncc2C#N)Cl,DB08139,-7.402708,x0195,-0.192262,active-noncovalent
CCn1c(=O)cc(n(c1=O)CC=C)N,CHEMBL2104036,-7.399726,x0195,-0.250848,active-noncovalent
CCCc1ccccc1N,DB02970,-7.379566,x0678,0.845389,active-noncovalent
C[C@@H](Cc1cccc(c1)O)[NH3+],CHEMBL2105064,-7.355691,x0104,-0.352648,active-noncovalent
Cc1cccc(c1O)CC=C,DB03301,-7.347103,x0195,1.201782,active-noncovalent
CC1=CC[C@@H](CC1)C(=C)C,CHEMBL449062,-7.342541,x0195,0.4615,active-noncovalent
CC(C)(C)c1ccc(cc1)S(=O)(=O)[O-],DB07440,-7.339198,x0749,-0.032454,active-covalent
CCC1(C(=O)CCNC1=O)CC,CHEMBL3707370,-7.337413,x0678,2.073687,active-noncovalent
CCCc1cc(=O)[nH]c(=S)[nH]1,EDRUG18,-7.320730,x1382,-0.260347,active-covalent
CCCCc1ccccc1,DB01845,-7.311448,x0195,0.656522,active-noncovalent
CC[C@@]1(C(=O)NC(=O)N(C1=O)C)c2ccccc2,CHEMBL45029,-7.308652,x1418,-0.514132,active-covalent
CC(C)[C@H](C1CCCCC1)O,CHEMBL2106472,-7.302635,x0678,0.014362,active-noncovalent
C[C@H](Cc1ccccc1)NN,CHEMBL22498,-7.295744,x0195,0.008248,active-noncovalent
CC(C)[NH+](CC[C@](c1ccccc1)(c2ccccn2)C(=O)N)C(C)C,EDRUG565,-7.282314,x0195,1.890519,active-noncovalent
CC(C)[NH+](CC[C@](c1ccccc1)(c2ccccn2)C(=O)N)C(C)C,CHEMBL517,-7.282314,x0195,1.890519,active-noncovalent
CC[C@]1(C(=O)N(C(=O)N1)C)c2ccccc2,CHEMBL861,-7.243958,x0434,-0.398338,active-noncovalent
CC(=O)Nc1nc2c(s1)C(=O)NCCC2,DB08776,-7.242461,x0195,0.092595,active-noncovalent
CC[C@H](c1ccccc1)O,CHEMBL1397202,-7.226493,x0195,0.822752,active-noncovalent
CC(=O)Nc1ccccc1,CHEMBL269644,-7.226410,x0195,-2.094514,active-noncovalent
C=CCNc1ccccc1,DB02870,-7.207365,x0195,-0.59168,active-noncovalent
CCC1(C(=O)NC(=O)N(C1=O)C)CC,CHEMBL450,-7.205359,x0678,3.047599,active-noncovalent
CC(=C)[C@@H]1CC[C@@]2([C@H](C1)O2)C,DB02924,-7.204408,x0195,0.233391,active-noncovalent
C[C@@H](C[NH+](C)C)[C@]1(CCCC[C@@H]1c2ccccc2)OC(=O)C,CHEMBL2110963,-7.195467,x0195,0.42303,active-noncovalent
CC(C)CC1(C(=O)NC(=O)NC1=O)CC=C,CHEMBL454,-7.193576,x0195,2.28805,active-noncovalent
CC(C)Nc1ncccn1,CHEMBL1740513,-7.178702,x0072,-1.248482,active-noncovalent
C=CCc1ccccc1O,DB02534,-7.173183,x0195,0.789352,active-noncovalent
CCC1(C(=O)NC(=O)NC1=O)C(C)C,CHEMBL2110696,-7.166325,x0678,2.182184,active-noncovalent
CCC1(C(=O)CC=NC1=O)CC,CHEMBL1722501,-7.129838,x0195,2.29663,active-noncovalent
CC1(C2CCC(O1)(CC2)C)C,DB03852,-7.124851,x0354,2.976404,active-noncovalent
C[C@@H]1CCCN(C1)C(=O)C,DB01742,-7.121165,x0195,1.154715,active-noncovalent
C[C@@]1(CC(=O)c2ccccc2C1=O)S(=O)(=O)[O-],CHEMBL1159684,-7.114249,x0195,0.251391,active-noncovalent
CC(C)Cn1c2c(c(=O)n(c1=O)C)[nH]cn2,DB07954,-7.113242,x0195,-0.455384,active-noncovalent
C1CCc2nnnn2CC1,CHEMBL116943,-7.112023,x0195,-0.824485,active-noncovalent
CC[C@@]1(CCC(=O)NC1=O)c2ccncc2,CHEMBL289116,-7.109794,x0195,-0.461566,active-noncovalent
C[C@@H]1CC[C@H]([C@@H](C1)O)C(C)C,CHEMBL256087,-7.082570,x0195,0.501388,active-noncovalent
CCC1(C(=O)[C@@H](CNC1=O)C)CC,CHEMBL1200790,-7.069792,x0678,2.443968,active-noncovalent
CC(C)C[C@H]([NH3+])P(=O)([O-])[O-],DB02386,-7.059947,x0397,0.368219,active-noncovalent
CC(=O)Nc1cccc(c1)O,CHEMBL9419,-7.043998,x0195,-1.843277,active-noncovalent
CC1=CC=CC(=C)[C@H]1[NH3+],DB03842,-7.036787,x1382,1.801348,active-covalent
CC(C)Cn1cnc2c1c(=O)n(c(=O)n2C)C,CHEMBL1453416,-7.032668,x0692,-0.38133,active-covalent
C#CC1(CCCCC1)OC(=O)N,CHEMBL1576,-7.030241,x0354,1.415843,active-noncovalent
CC1=C([C@@](SC1=O)(C)/C=C(\C)/C=C)[O-],DB04302,-7.027461,x0161,-0.562535,active-noncovalent
CC(C)C[C@@](C)(C(=O)[O-])[NH3+],DB04063,-7.016713,x0397,-1.31101,active-noncovalent
CC(C)SC(=[NH2+])N,DB04018,-6.988349,x0195,-0.851732,active-noncovalent
CC(=O)Nc1c(cc(cc1O)C(=O)[O-])N,DB08571,-6.950950,x0749,-1.273101,active-covalent
Cc1cc(=O)c(c(o1)[O-])C(=O)C,CHEMBL284127,-6.936645,x0195,-0.384349,active-noncovalent
Cc1cc(=O)c(c(o1)[O-])C(=O)C,CHEMBL1724669,-6.936645,x0195,-0.384349,active-noncovalent
CCC1(COC(=O)[N-]C1=O)CC,CHEMBL96868,-6.910440,x0397,1.608771,active-noncovalent
COc1cc(ccc1O)C=C,DB03514,-6.910066,x0195,1.599289,active-noncovalent
CCC1(C(=O)[C@@H](C=NC1=O)C)CC,CHEMBL2105515,-6.878928,x0195,1.995632,active-noncovalent
CC(C)C[C@@H](C(=O)NO)[NH3+],DB03308,-6.866472,x0104,-0.924689,active-noncovalent
CC(=O)CCC(=O)[O-],CHEMBL1235931,-6.838971,x0397,-0.811783,active-noncovalent
CC1(C(=O)[N-]C(=O)O1)C,CHEMBL1099,-6.829866,x0397,1.274811,active-noncovalent
CC[C@]1(CC(=O)NC1=O)C,CHEMBL696,-6.826540,x0678,1.438711,active-noncovalent
CC1=[NH+]C(=[NH2+])C(=C)C=N1,DB01788,-6.825720,x1077,-1.10045,active-noncovalent
CCC1(CC(=O)NC(=O)C1)C,CHEMBL1214192,-6.810605,x0678,1.545831,active-noncovalent
CC[C@]1(C(=O)N(C(=O)O1)C)C,CHEMBL1100,-6.809840,x0678,-1.007773,active-noncovalent
CC(=O)Nc1ccc(cc1)S(=O)(=O)c2ccc(cc2)NC(=O)C,CHEMBL154166,-6.757399,x0874,2.739755,active-noncovalent
CC(=C)Cn1c(cc(=O)n(c1=O)C)N,CHEMBL2105979,-6.740133,x0195,-0.790466,active-noncovalent
C=C1C=NC(=[NH+]C1=[NH2+])C(F)(F)F,DB02885,-6.726896,x0387,-1.75836,active-noncovalent
CC1=C([C@@](SC1=O)(C)/C=C/C=C)[O-],DB08628,-6.714650,x0397,-0.495165,active-noncovalent
CC1(C2CCC1(CC2)C)C,DB04501,-6.711880,x0354,3.107563,active-noncovalent
CC(C)C[C@@H](C(=O)[O-])[NH3+],CHEMBL291962,-6.664870,x0397,-1.607541,active-noncovalent
CC1([C@@H](N2[C@H](S1)[C@@H](C2=O)Br)C(=O)[O-])C,CHEMBL73622,-6.640400,x0678,0.41147,active-noncovalent
CC(C)([C@H](C(=O)[O-])[NH3+])S,CHEMBL1430,-6.635518,x0397,0.669594,active-noncovalent
CCC1(C(=O)NC(=O)NC1=O)c2ccccc2,CHEMBL40,-6.628639,x0195,0.767982,active-noncovalent
CC1(C2CCC(O1)(CC2)C)C,CHEMBL485259,-6.620468,x0354,2.960086,active-noncovalent
CCC[C@@H](C(=O)[O-])[NH3+],DB03519,-6.616121,x0397,-1.022114,active-noncovalent
CC(C)([C@@H](C(=O)[O-])[NH3+])S,DB00859,-6.609823,x0689,0.807805,active-covalent
Cc1c(n(c(=O)o1)CC=C)[O-],CHEMBL93070,-6.598959,x0195,-0.463795,active-noncovalent
CC(=O)O[C@H]1CC[C@]2([C@H](C1(C)C)CC[C@@]3([C@@H]2C(=O)C=C4[C@]3(CC[C@@]5([C@H]4C[C@@](CC5)(C)C(=O)[O-])C)C)C)C,CHEMBL207413,-6.594630,x0104,10.174428,active-noncovalent
CC(=O)Nc1ccc(cc1N)C(=O)[O-],DB02268,-6.583210,x0749,-1.360268,active-covalent
CC(=O)c1ccccc1,DB04619,-6.579109,x0161,1.253029,active-noncovalent
CC(=O)Nc1ccc(cc1)C(=O)[O-],CHEMBL112687,-6.577055,x0749,-1.542238,active-covalent
CCCC(CCC)(CCC)[NH3+],CHEMBL2104369,-6.529293,x1077,-0.367034,active-noncovalent
CC1(C(=O)Nc2c(=O)[nH]c(nc2N1)N)C,DB02278,-6.526858,x1386,-1.237144,active-covalent
CC(=O)Nc1ccc(cc1)CC(=O)[O-],CHEMBL1885632,-6.518070,x0749,-0.622058,active-covalent
CC(C)CC1(C(=O)NC(=S)NC1=O)CC=C,CHEMBL2110937,-6.505419,x0195,2.269261,active-noncovalent
CC(C)C[C@@](CC[NH+](C(C)C)C(C)C)(c1ccccn1)C(=O)N,CHEMBL141837,-6.502604,x0967,1.868185,active-noncovalent
CCCCCCCC,DB02440,-6.491484,x0749,-0.640213,active-covalent
CC(=O)Nc1c(cc(c(c1I)C(=O)[O-])I)I,CHEMBL1201327,-6.461906,x0195,-0.113845,active-noncovalent
CC1([C@@H](N2[C@H](S1(=O)=O)CC2=O)C(=O)[O-])C,CHEMBL403,-6.461625,x0678,2.462934,active-noncovalent
CC(=O)Nc1ncc(s1)N(=O)[O-],CHEMBL1872946,-6.455386,x0195,-0.599998,active-noncovalent
CC[C@H](C)[C@@H](CC)C(=O)N,CHEMBL1075733,-6.452810,x0678,0.798603,active-noncovalent
C/C(=C(/C(=O)[O-])\[NH3+])/O,DB03915,-6.451915,x0397,-0.889729,active-noncovalent
CCC1(C(=O)NC(=O)NC1=O)C2=CCCCC2,CHEMBL268164,-6.437647,x0678,0.58643,active-noncovalent
CC[C@H](C)C1(C(=O)NC(=O)NC1=O)CC,CHEMBL449,-6.430714,x0104,0.120191,active-noncovalent
CC(C)N1CCNC1=S,CHEMBL2103937,-6.413683,x0195,0.717124,active-noncovalent
CC(C)[NH+](CC[C@@](c1ccccc1)(c2ccccn2)C(=O)N)C(C)C,EDRUG194,-6.399697,x0874,3.095767,active-noncovalent
CC(C)/N=c\1/cc-2n(c3ccccc3nc2cc1Nc4ccc(cc4)Cl)c5ccc(cc5)Cl,EDRUG285,-6.391025,x0161,8.009713,active-noncovalent
CC(C)/N=c\1/cc-2n(c3ccccc3nc2cc1Nc4ccc(cc4)Cl)c5ccc(cc5)Cl,DB00845,-6.391025,x0161,8.009713,active-noncovalent
CC(C)O[P@@H](=O)[O-],DB04251,-6.340271,x0397,0.186126,active-noncovalent
CC(C)OP(=O)([O-])[O-],DB03976,-6.332303,x0397,0.499868,active-noncovalent
CC(=O)O[C@H]1C[C@@]2(CC[C@H]1C2(C)C)C,CHEMBL2106026,-6.276250,x0195,1.951615,active-noncovalent
C[C@@H](C(=O)[O-])[NH3+],CHEMBL12198,-6.264976,x0397,-1.295259,active-noncovalent
CC(C)(C)CC1(C(=O)NC(=O)NC1=O)CC=C,CHEMBL2106810,-6.238937,x0395,0.413099,active-noncovalent
C[C@@H]1CCC[C@@H]([NH2+]1)C,CHEMBL2104431,-6.217931,x0354,2.081057,active-noncovalent
CC(C)N(C(=O)C(=O)[O-])O,DB03387,-6.206164,x0689,-0.001858,active-covalent
B(CCCC)(O)O,DB02664,-6.206142,x0195,0.738581,active-noncovalent
CC(C)[C@@H](C(=O)[O-])[NH3+],CHEMBL43068,-6.202316,x0689,-0.760715,active-covalent
CC(C)C1(C(=O)NC(=O)NC1=O)CC=C,CHEMBL7863,-6.201305,x1077,0.889848,active-noncovalent
C1[NH+]2CN3CN1CN(C2)C3,CHEMBL1201270,-6.170158,x0354,-0.878579,active-noncovalent
CC1(C2C[C@H](C(O1)([C@H](C2)O)C)O)C,CHEMBL3707255,-6.163589,x0678,2.962924,active-noncovalent
CC(C)C(=O)C(=O)[O-],DB04074,-6.141923,x0397,0.170242,active-noncovalent
CC(=O)N1C[C@H](C[C@H]1C(=O)[O-])O,CHEMBL2105621,-6.136436,x0397,1.886693,active-noncovalent
C/C=C/C(=O)C(=O)[O-],DB02005,-6.134789,x0689,-0.527026,active-covalent
CC(C)CC(=O)C(=O)[O-],DB03229,-6.131216,x0689,-0.917762,active-covalent
CC(C)(C(=O)[O-])[NH3+],DB02952,-6.127037,x0397,-0.190521,active-noncovalent
CC(=O)N[C@H]1CCSC1=O,CHEMBL2104457,-6.117666,x1382,-0.529985,active-covalent
C=C[C@@H](C(=O)[O-])[NH3+],DB03214,-6.116640,x0397,-0.895869,active-noncovalent
CCC1(C(=O)NC(=O)NC1=O)CC,CHEMBL444,-6.082006,x0354,0.37771,active-noncovalent
CC(=O)N1CCC[C@@H]1C(=O)[O-],DB03360,-6.076420,x0678,1.30775,active-noncovalent
CCC(C)(CC)OC(=O)N,CHEMBL2104208,-6.064270,x0387,1.029116,active-noncovalent
CCC1(C(=O)NC(=O)NC1=O)CC=C,CHEMBL1988479,-6.054186,x1382,0.631491,active-covalent
C/C(=C/C(=O)[O-])/O,DB01762,-6.053140,x0397,-0.746124,active-noncovalent
C#C[C@@H](C(=O)[O-])[NH3+],DB04217,-6.028115,x0397,-1.282466,active-noncovalent
CC1(OC[C@H]2[C@@H](O1)[C@H]3[C@@](O2)(OC(O3)(C)C)C(=O)[O-])C,CHEMBL2110720,-6.016234,x1392,0.898588,active-covalent
C=COCC(F)(F)F,CHEMBL141446,-6.008831,x0195,0.996836,active-noncovalent
CC(=O)OP(=O)([O-])[O-],DB02897,-5.996526,x0397,0.449779,active-noncovalent
CC(C)(C)[N@@H+](C)C(C)(C)C#C,CHEMBL2104389,-5.992215,x0354,2.91408,active-noncovalent
CC(C)CCC(=O)[O-],DB03993,-5.967275,x0397,0.283622,active-noncovalent
C[C@H](C(=O)[O-])NC(=O)C,DB02518,-5.940798,x0397,-0.939025,active-noncovalent
CC/C(=N\C)/C(=O)[O-],DB04225,-5.918810,x1402,0.029651,active-covalent
CC[C@](/C=C/Cl)(C#C)O,CHEMBL591,-5.865373,x0708,0.646868,active-covalent
CC[C@](/C=C/Cl)(C#C)O,EDRUG524,-5.865373,x0708,0.646868,active-covalent
C/C=C/C=C/C(=O)[O-],CHEMBL250212,-5.865325,x1402,-1.768781,active-covalent
CCC(=O)C(=O)[O-],DB04553,-5.855773,x0397,-0.551192,active-noncovalent
CC[C@@](/C=C/Cl)(C#C)O,EDRUG72,-5.820518,x1077,0.622705,active-noncovalent
CC(C)[C@H](C(=O)NO)[NH3+],DB02697,-5.805089,x0946,-0.29015,active-noncovalent
CC(C)CC(=O)[O-],DB03750,-5.773857,x0689,-1.170628,active-covalent
C[C@@H]1COC(=O)O1,CHEMBL1733973,-5.766613,x0195,2.179425,active-noncovalent
[H]/N=C(\C)/C(=O)[O-],DB04212,-5.745897,x0397,-0.389232,active-noncovalent
[H]/N=C(\C)/C(=O)[O-],DB02688,-5.745897,x0397,-0.389232,active-noncovalent
CC1([NH2+][C@@H](CS1)C(=O)[O-])C,DB01635,-5.732477,x1478,0.810084,active-covalent
CCCCC(=O)[O-],CHEMBL2106510,-5.724632,x0689,-1.178439,active-covalent
C[C@H](C(=O)[O-])O,CHEMBL1200559,-5.675188,x0397,-0.179049,active-noncovalent
COC(=O)C(=C)C#N,CHEMBL2106424,-5.671869,x0195,-0.946388,active-noncovalent
CC(C)CC(=O)C,CHEMBL285323,-5.667979,x0195,0.92551,active-noncovalent
CCCOC(=O)C,DB01670,-5.656629,x0195,0.238669,active-noncovalent
C/C(=N\C)/C(=O)[O-],DB03920,-5.653899,x0689,-0.81166,active-covalent
C1CCCCC1,DB03561,-5.616863,x0678,1.903242,active-noncovalent
CC(=O)Nc1c(c(c(c(c1I)NC(=O)C)I)C(=O)[O-])I,CHEMBL1201220,-5.603374,x0195,1.022403,active-noncovalent
CCC(C)(C)OC=O,CHEMBL2104044,-5.599832,x0195,1.895196,active-noncovalent
CC(O)(P(=O)([O-])[O-])P(=O)([O-])[O-],CHEMBL871,-5.594781,x0397,2.036419,active-noncovalent
CC(C)C(=O)[O-],DB02531,-5.586948,x0397,-0.37472,active-noncovalent
CCCCP(=O)([O-])[O-],DB03999,-5.564268,x0397,1.030449,active-noncovalent
CC(=O)Nc1nnc(s1)S(=O)(=O)N,CHEMBL20,-5.539082,x0195,-0.839371,active-noncovalent
CCCCN#C,DB01826,-5.524861,x0195,0.002913,active-noncovalent
CCCC[NH3+],DB03659,-5.485808,x0678,-0.290277,active-noncovalent
C/C=C/C(=O)[O-],DB02074,-5.472266,x0426,-1.243621,active-noncovalent
C1CC[NH2+]CC1,CHEMBL15487,-5.472158,x0354,1.869035,active-noncovalent
CC(=O)/N=c/1\n(nc(s1)S(=O)(=O)N)C,CHEMBL19,-5.456230,x0678,-0.018382,active-noncovalent
CC(=O)C(=O)[O-],DB00119,-5.448891,x0689,-0.494791,active-covalent
CC(=O)NCC(=O)[O-],DB02713,-5.415166,x0689,-0.893418,active-covalent
[H]/N=C(\C)/C(=O)N,DB02002,-5.383672,x1077,-0.797372,active-noncovalent
CCC(=O)[O-],CHEMBL14021,-5.374838,x0397,-0.555688,active-noncovalent
CC(C)CC(=O)N,CHEMBL171066,-5.364620,x0195,0.067269,active-noncovalent
CC(C)[C@@H](CO)[NH3+],DB04383,-5.355181,x0107,1.021551,active-noncovalent
CC(C)(C)OC=O,DB02768,-5.353163,x0678,1.599726,active-noncovalent
C=CC(=O)[O-],DB02579,-5.281290,x0397,-0.644154,active-noncovalent
CC(C)CCO,DB02296,-5.241287,x0678,0.416099,active-noncovalent
C1CCOCC1,DB02412,-5.214960,x0195,1.387317,active-noncovalent
CC(=O)[O-],CHEMBL1201015,-5.200050,x0397,-0.258895,active-noncovalent
CCCC(=O)N,DB02121,-5.115891,x1077,-0.829223,active-noncovalent
CC1OCC(CO1)(N(=O)[O-])Br,CHEMBL2105156,-5.087181,x0678,1.532176,active-noncovalent
C1CNCC[NH2+]1,CHEMBL1412,-5.079155,x0354,1.716032,active-noncovalent
C=C(CO)Br,DB04320,-5.015962,x1093,0.797936,active-noncovalent
CC[C@](C)(C#C)O,CHEMBL501613,-4.976810,x0195,1.121843,active-noncovalent
C=CCNC(=S)N,CHEMBL1451910,-4.934671,x0354,-0.711561,active-noncovalent
CCCCC,DB03119,-4.920810,x0195,1.056462,active-noncovalent
CC(=O)C(=O)N,DB03578,-4.916672,x0397,-0.349044,active-noncovalent
CCCN#C,DB04050,-4.881268,x0195,1.330024,active-noncovalent
CCCCCl,CHEMBL47259,-4.859516,x0195,0.580016,active-noncovalent
CC(C)(C(Cl)(Cl)Cl)O,CHEMBL1439973,-4.820621,x0354,1.822218,active-noncovalent
CCC(C)(C)O,CHEMBL44658,-4.816120,x0678,1.527048,active-noncovalent
CC1OC(OC(O1)C)C,CHEMBL1410743,-4.794878,x0195,1.93029,active-noncovalent
C[C@](CO)(N(=O)[O-])Br,CHEMBL2103952,-4.686607,x0397,1.866535,active-noncovalent
C1COCCO1,DB03316,-4.596065,x0195,1.38928,active-noncovalent
C[C@@H](C(=O)C)O,DB02788,-4.569004,x0397,1.148443,active-noncovalent
CCC(=O)N,DB04161,-4.538956,x0397,-0.927604,active-noncovalent
C=COC=C,CHEMBL2105883,-4.524748,x0195,-0.366395,active-noncovalent
CC(=O)CCO,DB04094,-4.486339,x0678,1.091461,active-noncovalent
C/C=C/C=O,DB04381,-4.451875,x0195,0.886554,active-noncovalent
CCCCO,CHEMBL14245,-4.420505,x0195,0.740316,active-noncovalent
CC(C)(C#N)O,DB02203,-4.344299,x0708,0.965539,active-covalent
C=CS(=O)(=O)[O-],CHEMBL1236690,-4.342831,x0397,0.741279,active-noncovalent
CC(=O)C=O,DB03587,-4.250336,x0397,0.843646,active-noncovalent
C(Br)(Br)Br,CHEMBL345248,-4.223693,x0195,0.953202,active-noncovalent
C[C@H](CO)O,CHEMBL286398,-4.206204,x0397,0.898981,active-noncovalent
CC(C)C,CHEMBL2106398,-4.128804,x0678,1.182751,active-noncovalent
CCN#C,DB03399,-4.035406,x0195,0.951137,active-noncovalent
CC(=O)N,DB02736,-4.006875,x0397,-1.19133,active-noncovalent
CC(C)(C)O,DB03900,-4.002501,x0678,1.282088,active-noncovalent
CC(=O)C,CHEMBL14253,-3.926156,x0195,0.770575,active-noncovalent
CC(=O)NO,CHEMBL734,-3.917711,x0397,-0.655312,active-noncovalent
CCCO,DB03175,-3.764220,x1093,0.512865,active-noncovalent
CC(C)O,CHEMBL582,-3.556877,x0397,0.779788,active-noncovalent
C1CC1,CHEMBL1796999,-3.414681,x0678,0.868822,active-noncovalent
CCC,CHEMBL135416,-3.385703,x0678,0.883037,active-noncovalent
CCCl,CHEMBL46058,-3.365533,x0195,0.820583,active-noncovalent
CN#C,DB04337,-3.165311,x0195,0.780969,active-noncovalent
CC=O,CHEMBL76101,-2.990915,x0195,-0.495351,active-noncovalent
CCCCCCCCCCCCCCCCCCCCCCO,CHEMBL1200453,-2.888496,x0395,9.926282,active-noncovalent
C=C,CHEMBL117822,-2.474019,x0678,-0.580447,active-noncovalent
C=O,CHEMBL1255,-2.257424,x1187,-0.669156,dimer-interface
CC1=C(C(C[C@@H](C1)O)(C)C)/C=C/C(=C/C=C/C(=C/C=C/C=C(\C)/C=C/C=C(\C)/C=C/[C@@H]2C(=C[C@@H](CC2(C)C)O)C)/C)/C,DB00137,15.349792,x0786,32.073681,active-covalent
CC1=C(C(CCC1)(C)C)/C=C/C(=C/C=C/C(=C/C=C/C=C(/C=C/C=C(/C=C/C2=C(CCCC2(C)C)C)\C)\C)/C)/C,EDRUG706,21.152102,x1385,34.443378,active-covalent
CC1=C(C(CCC1)(C)C)/C=C/C(=C/C=C/C(=C/C=C/C=C(/C=C/C=C(/C=C/C2=C(CCCC2(C)C)C)\C)\C)/C)/C,CHEMBL1293,21.152102,x1385,34.443378,active-covalent
