SMILES,TITLE,fragments,Hybrid2,site,covalent_distance_min,covalent_distance_mean,covalent_distance_stderr
Cc1ccncc1N[C@@H]2[C@H](c3ccccc3CN2C(=O)CCl)c4ccccc4,MIH-UNI-e57-13,x0678,-12.839993,active-noncovalent,7.356541,8.13046,0.050617892
C=CC(=O)N1CC[NH+](CC1)Cc2cccc3c2[nH]cc3CCNC(=O)c4ccc[nH]4,JAN-GHE-641-1,x0104,-12.560509,active-noncovalent,4.6733513,6.1317296,0.10424952
C=CC(=O)N1C[C@H]2C[NH+](C[C@H]2C1)Cc3cccc4c3[nH]cc4CCNC(=O)c5ccc[nH]5,JAN-GHE-641-4,x0104,-12.308494,active-noncovalent,6.594061,7.669121,0.091613255
C=CC(=O)N1CC(C1)[NH2+]Cc2cccc3c2[nH]cc3CCNC(=O)c4ccc[nH]4,JAN-GHE-641-2,x0104,-12.202948,active-noncovalent,9.114183,9.845038,0.05799323
C=CC(=O)NC1C[NH+](C1)Cc2cccc3c2[nH]cc3CCNC(=O)c4ccc[nH]4,JAN-GHE-641-3,x0104,-11.945398,active-noncovalent,4.974756,5.976314,0.09313012
C=CC(=O)N1CC[NH+](CC1)Cc2cccc3c2[nH]cc3CCNC(=O)[C@@H]4CCC[NH2+]4,JAN-GHE-641-6,x0104,-11.574834,active-noncovalent,9.1846895,10.804774,0.10849969
c1ccc(cc1)[C@H]2c3ccccc3CN([C@@H]2Cc4c[nH]c5c4cccn5)C(=O)CCl,MIH-UNI-e57-14,x0678,-11.087617,active-noncovalent,7.770339,8.368422,0.037536018
c1ccc2c(c1)cccc2C[N@H+]3CCN([C@@H](C3)Cc4cccnc4)C(=O)CCl,MIH-UNI-e57-3,x0107,-11.060534,active-noncovalent,7.810507,8.389954,0.02167577
CC(=O)NCCc1c[nH]c2c1cc(cc2C[NH+]3CCN(CC3)C(=O)CCl)OC,DAR-DIA-fb2-14,x0104,-10.935854,active-noncovalent,9.250131,10.5021,0.10211987
c1ccc2c(c1)CN(C[C@@H]2c3ccccc3CC(=O)N)C(=O)CCl,MIH-UNI-e57-9,x0874,-10.770145,active-noncovalent,,,
c1ccc2c(c1)CN(C[C@@H]2c3ccccc3CC(=O)N)C(=O)CCl,NIR-THE-c33-5,x0874,-10.770145,active-noncovalent,,,
c1ccc2c(c1)cccc2C[N@H+]3CCN([C@@H](C3)c4cccnc4)C(=O)CCl,MIH-UNI-e57-2,x0107,-10.770021,active-noncovalent,6.432491,7.221934,0.049288943
c1cc(cc(c1)Cl)[C@@H](CCc2ccc(cc2)C(F)(F)F)[NH+]3CCN(CC3)C(=O)CCl,PAU-WEI-b9b-2,x0104,-10.621989,active-noncovalent,13.879403,14.980148,0.078480236
c1cc(cnc1)c2cn(c(=O)nc2NC(=O)CCl)Cc3ccsc3,NIM-UNI-7ba-4,x0678,-10.561682,active-noncovalent,3.7391043,4.4549394,0.030584423
c1ccc(cc1)CCNS(=O)(=O)C2(CCCCC2)CC(=O)Nc3cccnc3,MAK-UNK-b2c-6,x0678,-10.417187,active-noncovalent,4.44434,4.9380803,0.036216814
c1ccc(cc1)CCNS(=O)(=O)[C@@H](C2CCCCC2)C(=O)Nc3cccnc3,MAK-UNK-b2c-5,x0678,-10.141737,active-noncovalent,5.397036,5.983052,0.041748732
c1ccc2c(c1)cc(cc2[C@@H]3CN(Cc4c3cccc4)C(=O)CCl)Cl,DAR-DIA-cab-8,x0830,-10.113053,active-covalent,3.0051713,3.4561868,0.02633928
c1ccc2c(c1)cc(cc2[C@@H]3CN(Cc4c3cccc4)C(=O)CCl)F,DAR-DIA-cab-7,x0830,-10.024381,active-covalent,2.9538398,3.2915332,0.01140726
c1cc(cc(c1)[C@@H](CCc2ccc(cc2)C(F)(F)F)[NH+]3CCN(CC3)C(=O)CCl)C#N,PAU-WEI-b9b-5,x0104,-9.970257,active-noncovalent,13.0521,13.401071,0.04192732
c1ccc2c(c1)cc(cc2C[NH+]3CCN(CC3)C(=O)CCl)C#N,DAR-DIA-fb2-6,x0830,-9.822056,active-covalent,2.9081562,3.3022509,0.011270744
c1ccc2c(c1)CN(C[C@@H]2c3ccc4ccc(cc4c3)S(=O)(=O)N)C(=O)CCl,MIH-UNI-e57-12,x0072,-9.803926,active-noncovalent,,,
c1ccc2c(c1)cccc2C[N@H+]3CCN([C@@H](C3)c4c[nH]c5c4cccn5)C(=O)CCl,MIH-UNI-e57-1,x0678,-9.792763,active-noncovalent,7.344713,9.028299,0.13918985
c1ccc(c(c1)Cn2cc(c(nc2=O)NC(=O)CCl)c3cccnc3)Cl,NIM-UNI-7ba-3,x0678,-9.534260,active-noncovalent,9.903242,10.220423,0.030282833
c1c2c([nH]c1[C@@H]3CCCN(C3)C(=O)CCl)CC[C@H](C2)C[NH3+],HAR-NEW-972-1,x0749,-9.532208,active-covalent,3.1159499,3.7007918,0.02552624
CC(=O)NCCc1c[nH]c2c1cc(cc2[C@@H]3CN(Cc4c3cccc4)C(=O)CCl)OC,DAR-DIA-cab-4,x0195,-9.449170,active-noncovalent,4.6251,5.55585,0.054094423
c1ccc2c(c1)cc(cc2C[NH+]3CCN(CC3)C(=O)CCl)Cl,DAR-DIA-fb2-8,x0830,-9.418757,active-covalent,3.0946422,3.4597452,0.012904233
Cc1cccc(c1)C[C@@H]2CCN([C@H](C2)C(=O)[O-])C(=O)CCl,MAK-UNK-af8-5,x0161,-9.341013,active-noncovalent,9.543821,9.931921,0.054185625
CCNc1ccc(c(c1)C#N)Nc2cc(cc(c2)C[NH+]3CCN(CC3)C(=O)CCl)C,MAK-UNK-af8-22,x0161,-9.223373,active-noncovalent,3.5770025,4.5315456,0.04935197
Cc1ccccc1Cn2cc(c(nc2=O)NC(=O)CCl)c3cccnc3,NIM-UNI-7ba-2,x0678,-9.220601,active-noncovalent,10.04315,10.839292,0.04487164
CC(=O)NCCC1=CCc2c1cc(cc2C[NH+]3CCN(CC3)C(=O)CCl)OC,DAR-DIA-fb2-13,x0104,-9.128935,active-noncovalent,5.195632,5.6099405,0.041765314
c1cc(c(cc1O)C[N@H+]2CCN(C[C@H](C2)c3cc(ccc3O)O)C(=O)CCl)O,AVI-UNI-70b-2,x0107,-9.111778,active-noncovalent,,,
c1cc(cnc1)c2cn(c(=O)nc2NC(=O)CCl)Cc3ccc(s3)Br,NIM-UNI-7ba-5,x0678,-9.069537,active-noncovalent,8.949488,10.468983,0.072975956
COc1cc2ccccc2c(c1)[C@@H]3CN(Cc4c3cccc4)C(=O)CCl,DAR-DIA-cab-9,x0830,-9.046430,active-covalent,2.9798987,3.2371185,0.009519118
c1ccc2c(c1)cc(cc2C[NH+]3CCN(CC3)C(=O)CCl)F,DAR-DIA-fb2-2,x0830,-8.993263,active-covalent,3.0667338,3.300364,0.021183696
c1ccc2c(c1)CN(C[C@@H]2c3cccc(c3)C#N)C(=O)CCl,NIR-THE-c33-2,x0195,-8.984533,active-noncovalent,6.919151,8.234862,0.100737326
c1ccc2c(c1)CN(C[C@@H]2c3cccc(c3)N)C(=O)CCl,NIR-THE-c33-1,x0195,-8.949076,active-noncovalent,,,
COc1cc2cc[nH]c2c(c1)[C@@H]3CN(Cc4c3cccc4)C(=O)CCl,DAR-DIA-cab-3,x0830,-8.943825,active-covalent,2.945269,3.4237068,0.025204115
Cc1cccc(c1)C[C@@H]2CCN([C@H](C2)C(=O)OC)C(=O)CCl,MAK-UNK-af8-9,x0161,-8.916635,active-noncovalent,11.940172,12.805505,0.07720122
c1ccc(cc1)[C@H]2CN(C[C@@H]3C2=CC=C3[C@@H]4CN(Cc5c4cccc5)C(=O)CCl)C(=O)CCl,JAR-IMP-ed4-2,x0072,-8.895629,active-noncovalent,4.654353,5.624523,0.05786421
c1ccc2c(c1)CN(C[C@H]2c3cccc(c3)F)C(=O)CCl,DAR-DIA-cab-1,x0830,-8.894762,active-covalent,2.9455543,3.2338727,0.008034038
c1cc(cnc1)N[C@H]2[C@H](OCCN2C(=O)CCl)c3ccc(cc3)F,FOC-CAS-e3a-1,x0107,-8.865638,active-noncovalent,8.568565,9.558682,0.05354758
CC(=O)NCCc1c[nH]c2c1cccc2CCC[C@H]3CN(CCN3C(=O)C)C(=O)CCl,HAN-NEW-5f5-4,x0104,-8.814908,active-noncovalent,5.513132,6.34136,0.061876573
Cc1cccc(c1)[C@H]2CN(Cc3c2cccc3)C(=O)CCl,NIR-THE-c33-6,x0195,-8.814099,active-noncovalent,6.5796046,7.424308,0.06386774
c1ccc(cc1)[C@H]2CN(Cc3c2ccc(c3)O)C(=O)CCl,MIH-UNI-e57-10,x0678,-8.784090,active-noncovalent,3.3594432,4.493172,0.09201337
c1cncc2c1c(cc(c2)Cl)C[NH+]3CCN(CC3)C(=O)CCl,JOO-PER-58e-1,x0830,-8.757071,active-covalent,2.9611254,3.3492098,0.008314352
CC(=O)NCCc1c[nH]c2c1cc(cc2C[NH+]3CCN(CC3)C(=O)CCl)F,DAR-DIA-fb2-11,x0830,-8.730661,active-covalent,3.0169952,3.3553033,0.00983214
CC(=O)NCCc1c[nH]c2c1cc(cc2C[NH+]3CCN(CC3)C(=O)CCl)F,JOO-PER-d7a-1,x0830,-8.730661,active-covalent,2.8981667,3.325523,0.015343493
c1cc2cc(cc(c2c(c1)OCC[NH+]3CCOCC3)C[NH+]4CCN(CC4)C(=O)CCl)Cl,SEA-TRI-67e-1,x0830,-8.707362,active-covalent,3.4659412,4.219892,0.042806957
c1ccc2c(c1)CN(CN2c3cccc(c3)C[NH3+])C(=O)CCl,MIH-UNI-e57-8,x0830,-8.688944,active-covalent,2.9612188,3.4416418,0.032897107
COc1cc2ccccc2c(c1)C[NH+]3CCN(CC3)C(=O)CCl,DAR-DIA-fb2-7,x0830,-8.680429,active-covalent,2.9751043,3.3644278,0.014684999
C[N@]1c2cc(ccc2CC[C@@H]1C(=O)N3CCN(CC3)C(=O)CCl)S(=O)(=O)N,HAR-NEW-e34-5,x0195,-8.626937,active-noncovalent,3.7512896,4.903752,0.071606316
C=CC(=O)N1CC[NH+](CC1)Cc2ccc(cc2)F,ANT-OPE-d97-1,x0831,-8.579416,active-covalent,5.436237,7.1347046,0.14070845
Cc1cccc(c1)CC2CCN(CC2)C(=O)CCl,MAK-UNK-af8-6,x0161,-8.573510,active-noncovalent,9.1350765,9.912313,0.071168326
C=CC(=O)N1CCC[N@H+](CC1)Cc2ccccc2,ANT-OPE-c0c-1,x0831,-8.552860,active-covalent,6.52152,7.005321,0.03277492
c1ccc2c(c1)CN(C[C@H]2[C@H]3CCCS3)C(=O)CCl,MIH-UNI-e57-11,x0678,-8.518147,active-noncovalent,3.1621935,3.7957697,0.033479303
CC(=O)NCCC1=CCc2c1cc(cc2C[NH+]3CCN(CC3)C(=O)CCl)F,DAR-DIA-fb2-10,x0830,-8.437851,active-covalent,3.3799126,4.54066,0.06179234
C[C@H](CCc1ccccc1)[NH+]2CCN(CC2)C(=O)CCl,MAK-UNK-af8-2,x0104,-8.429302,active-noncovalent,10.097626,10.857786,0.07661758
c1ccc2c(c1)nc(n2CCC(=O)Nc3cccnc3)[C@@H]4CCCN(C4)C(=O)CCl,PAU-UNI-b33-1,x0678,-8.426173,active-noncovalent,8.526108,9.804056,0.09036891
C=CC(=O)N1CCC[C@H](C1)[N@@H+](CC2CCCCC2)C3CCC(CC3)O,WAR-XCH-72a-9,x1418,-8.417408,active-covalent,3.2755165,3.9563024,0.05429177
c1cc(c2c(c1)sc(n2)[C@@H]3CCCN(C3)C(=O)CCl)CCS(=O)(=O)N,SEA-TRI-f74-1,x0749,-8.382774,active-covalent,3.1467047,4.2100363,0.10123518
Cc1cccc(c1)CC2C[C@H]3CC[C@@H](C2)N3C(=O)CCl,MAK-UNK-af8-8,x0072,-8.368351,active-noncovalent,8.485125,10.363577,0.14186022
c1cc2ccc(cc2c(c1)C[NH+]3CCN(CC3)C(=O)CCl)S(=O)(=O)N,MIH-UNI-e57-4,x0830,-8.354447,active-covalent,3.0756335,3.769388,0.027254548
c1cc2c(c(c1)CS(=O)(=O)Nc3cc(cs3)C[NH+]4CCC(CC4)O)CN(CC2)C(=O)CCl,NIY-UNK-626-6,x0195,-8.347075,active-noncovalent,8.410488,8.980874,0.08445042
c1cc2c(cc1S(=O)(=O)N)cc(cc2C[NH+]3CCN(CC3)C(=O)CCl)F,DAR-DIA-fb2-12,x0195,-8.322442,active-noncovalent,4.8428373,6.1744742,0.09042779
C[C@H](C1=CC(=C[C@@H]2[C@H]1CC[NH2+]2)Cl)NC(=O)CCl,DAV-CRI-eab-4,x0831,-8.275120,active-covalent,3.0322764,3.6282809,0.030340716
C1C[C@H](CN(C1)C(=O)CCl)c2nc3c(s2)C[C@H](CC3)C[NH3+],HAR-NEW-972-2,x0749,-8.274970,active-covalent,3.0088375,3.5399427,0.019395346
COc1cccc(c1)[C@@H]2CN(Cc3c2cccc3)C(=O)CCl,DAR-DIA-cab-2,x0830,-8.254995,active-covalent,3.0078201,3.6876483,0.076965734
CC(=O)NCCc1c[nH]c2c1cccc2[C@H](c3ccc(s3)Br)[NH+]4CCN(CC4)C(=O)CCl,PAU-WEI-f73-1,x0104,-8.244346,active-noncovalent,9.074199,9.783028,0.059112582
CC(=O)NCCc1c[nH]c2c1cccc2C[NH+]3CCN(CC3)C(=O)C=C,JAN-GHE-641-5,x0104,-8.227654,active-noncovalent,4.1351185,5.470249,0.046680428
Cc1ccncc1N2C[C@@H](CN(C2=O)c3cc(cc(c3)F)C)NC(=O)C=C,AGN-NEW-63f-2,x0434,-8.184485,active-noncovalent,10.037237,10.538304,0.07365258
c1ccc(cc1)CC[C@H](c2cccc(c2)C#N)[NH+]3CCN(CC3)C(=O)CCl,PAU-WEI-b9b-4,x0104,-8.106890,active-noncovalent,14.0844345,14.939256,0.03837211
c1ccc(c(c1)N2CCN(CC2)C(=O)CCl)N3CCC[C@@H]3C(=O)N,DUN-NEW-f8c-3,x0072,-8.081551,active-noncovalent,,,
c1cc(ccc1[C@@H]2[C@@H](N(CCO2)C(=O)CCl)Nc3cnccn3)F,FOC-CAS-e3a-2,x0107,-8.065756,active-noncovalent,6.799977,7.318665,0.020504696
CCOC(=O)[C@H]1C[C@@H](CCN1C(=O)CCl)Cc2cccc(c2)C,MAK-UNK-af8-7,x0104,-8.032699,active-noncovalent,4.2761216,5.0549054,0.065261215
Cc1ccncc1N(CCc2ccc(cc2NC(=O)CCl)C(=O)N3CCSCC3)C(=O)C,NIR-THE-ed2-1,x0107,-8.030373,active-noncovalent,8.910005,9.93354,0.07057653
CS(=O)(=O)NCc1cccc(c1)C2=C(N(Cc3c2cccc3)C(=O)CCl)C(=O)Nc4cccnc4,GER-FIO-88d-1,x0195,-8.016589,active-noncovalent,10.770989,11.988277,0.080781884
CCNc1c(cc(cn1)C#N)[C@H](c2ccc(s2)Br)[NH+]3CCN(CC3)C(=O)CCl,PAU-WEI-f73-3,x0830,-8.014444,active-covalent,3.0168977,3.6942713,0.039768703
CC[NH2+][C@H]1C[C@H](C[C@H]([C@@H]1OC#N)O)c2cccc(c2)C[NH+]3CCN(CC3)C(=O)CCl,MAK-UNK-af8-21,x0161,-7.992857,active-noncovalent,,,
C[NH+]1CCN(CC1)CCOc2cccc3c2c(cc(c3)Cl)C[NH+]4CCN(CC4)C(=O)C=C,SEA-TRI-98d-1,x0830,-7.992652,active-covalent,6.820517,7.678358,0.044244356
c1cc(cc(c1)Cl)C[N@H+]2CCN(C[C@H](C2)c3cc(ccc3O)O)C(=O)CCl,AVI-UNI-70b-1,x0107,-7.957927,active-noncovalent,5.0461893,6.2124567,0.08042155
c1ccc(c(c1)CCS(=O)(=O)N)C[NH+]2CCN(CC2)C(=O)CCl,MIH-UNI-e57-5,x0678,-7.947098,active-noncovalent,3.865355,4.7727795,0.08736675
Cc1ccc(cc1)CC[C@H](c2cccc(c2)C#N)[NH+]3CCN(CC3)C(=O)CCl,PAU-WEI-b9b-6,x0104,-7.943945,active-noncovalent,13.61869,14.555472,0.06374253
c1cc(c2c(c1)OCCN2C(=O)CCl)c3cccnc3,TIM-UNK-6bd-2,x0759,-7.935658,active-covalent,7.507069,8.424901,0.06589152
Cc1cccc(c1)[C@H](c2ccc(s2)C)[NH+]3CCN(CC3)C(=O)CCl,WAL-WAB-df1-2,x0072,-7.907163,active-noncovalent,9.051684,9.79495,0.05591167
c1ccc2c(c1)CN(C[C@@H]2c3ccc4ccc(cc4c3)S(=O)(=O)N)C(=O)CCl,NIR-THE-c33-4,x0874,-7.902070,active-noncovalent,,,
CC(=O)NCCc1c[nH]c2c1cc(cc2C[NH+]3CCN(CC3)C(=O)CCl)Cl,DAR-DIA-fb2-15,x0830,-7.877357,active-covalent,2.987735,3.360178,0.015578579
Cc1cccc(c1)[C@@H]([NH+]2CCN(CC2)C(=O)CCl)N3CCC(CC3)O,MIH-UNI-e57-7,x0678,-7.846193,active-noncovalent,3.634651,4.9839134,0.046379495
Cc1cccc(c1)[C@H]([N@]2CCCOCC2)[NH+]3CCN(CC3)C(=O)CCl,MIH-UNI-e57-6,x0072,-7.828751,active-noncovalent,9.717412,10.583583,0.06552421
c1ccc2c(c1)CN(C(=C2Cc3cc4cc(ccc4s3)S(=O)(=O)N)C(=O)Nc5cccnc5)C(=O)CCl,GER-FIO-88d-2,x0874,-7.802330,active-noncovalent,9.372556,9.759841,0.030628143
C[C@H](C1=CC(=C[C@@H]2[C@H]1CCC2)Cl)NC(=O)CCl,DAV-CRI-eab-2,x1382,-7.781020,active-covalent,3.0294418,3.556292,0.03149161
C1CCC(CC1)C[N@H+]([C@H]2CCCN(C2)C(=O)CCl)C3CCC(CC3)O,WAR-XCH-72a-5,x1418,-7.760713,active-covalent,4.2450314,5.0719814,0.04038941
c1cscc1Cc2cnc(s2)C[NH+]3CCN(CC3)C(=O)CCl,MAK-UNK-e4a-20,x0692,-7.758801,active-covalent,3.148353,3.9222007,0.05464614
CCNc1ccc(c(n1)Cc2cc(cc(c2)F)NCC(=O)NC(=O)C=C)F,BEN-VAN-ed8-4,x0434,-7.746318,active-noncovalent,6.963706,7.7325664,0.030624542
CC(=O)NCCc1c[nH]c2c1ccc(c2[C@H]3CN(Cc4c3cccc4)C(=O)CCl)F,NIR-THE-c33-3,x0874,-7.733530,active-noncovalent,6.8652267,7.228282,0.03246438
C=CC(=O)N1CC(C1)[NH2+]Cc2cccc3c2[nH]cc3CC(=O)N,JAN-GHE-641-10,x0104,-7.572403,active-noncovalent,3.5362163,4.424992,0.05496647
CC[NH2+][C@@H]1C[C@@H](CC[C@H]1OC#N)Oc2cccc(c2)C[NH+]3CCN(CC3)C(=O)CCl,MAK-UNK-af8-19,x0161,-7.556659,active-noncovalent,5.5810823,7.086179,0.055947028
c1ccc(cc1)CC[C@H]2CN(CC[C@@H]2C(=O)N3CCCCC3)C(=O)CCl,PAU-WEI-c6d-1,x0072,-7.551484,active-noncovalent,8.611591,9.215273,0.07268703
CCNc1ccc(cn1)NCc2cc(c(nc2)C)C[NH+]3CCN(CC3)C(=O)CCl,MAK-UNK-af8-27,x0104,-7.550834,active-noncovalent,13.155334,13.655,0.043064833
C[C@H]1Cc2ccc(cc2C[N@H+]1CC3CCN(CC3)C(=O)CCl)S(=O)(=O)N,STU-CHA-7e7-1,x0195,-7.504455,active-noncovalent,4.2211776,4.9904447,0.0614168
c1ccc(c(c1)C[NH+]2CCN(CC2)C(=O)CCl)N3CCC[C@@H]3C(=O)N,DUN-NEW-f8c-2,x0072,-7.494275,active-noncovalent,9.1521015,10.053598,0.053401515
c1cc2cc(ccc2c(c1)C[NH+]3CCN(CC3)C(=O)CCl)S(=O)(=O)N,DAR-DIA-fb2-9,x0830,-7.490153,active-covalent,4.0716977,4.9602423,0.038857702
c1cc(ccc1CNC(=O)C[NH2+]Cc2c[nH]c3c2cc(cc3)F)C[NH+]4CCN(CC4)C(=O)CCl,MAK-UNK-72b-1,x0104,-7.483333,active-noncovalent,3.1250427,3.5528452,0.021864966
Cc1ccc(cc1)CC[C@H](c2cccc(c2)Cl)[NH+]3CCN(CC3)C(=O)CCl,PAU-WEI-b9b-3,x0104,-7.439302,active-noncovalent,13.600588,14.928815,0.11486617
CCNc1ccc(cn1)[C@H]2[C@@H]([C@H]([C@@H]([C@H](O2)O)NC[NH+]3CCN(CC3)C(=O)CCl)O)O,MAK-UNK-af8-30,x0104,-7.412730,active-noncovalent,,,
CS(=O)(=O)[N@]1CCN([C@H](C1)c2ccccc2)C(=O)C=C,NAU-LAT-f72-4,x0072,-7.399308,active-noncovalent,4.203485,4.888451,0.037128575
CCNc1ccc(cc1C[NH+]2CCN(CC2)C(=O)CCl)C#N,DAR-DIA-fb2-3,x0830,-7.398350,active-covalent,2.9707396,3.3819122,0.01697099
c1ccc2c(c1)[NH+]=C(c3cc(ccc3S2)Cl)NC(=O)CCl,AVI-UNI-a66-1,x1382,-7.383278,active-covalent,3.5350702,5.267934,0.08233973
Cc1cccc(c1)[C@H]2CN(CCN2c3ccccc3C#N)C(=O)CS,KAT-FAI-9b6-1,x0708,-7.361490,active-covalent,3.373845,4.306037,0.033893652
c1cc(cc(c1)F)CCNC(=O)c2cccc3c2nc(s3)NC(=O)CCl,WAL-WAB-df1-1,x0072,-7.359375,active-noncovalent,10.2232895,11.112113,0.01994506
Cc1cc(cc(c1)NC[C@H](C)c2ccc(cc2)S(=O)(=O)N)C[NH+]3CCN(CC3)C(=O)CCl,MAK-UNK-af8-17,x0195,-7.316123,active-noncovalent,5.8446503,7.473277,0.14390008
CC[NH2+][C@@H](COc1cccc(c1)C[NH+]2CCN(CC2)C(=O)CCl)OCC#N,MAK-UNK-af8-20,x0072,-7.310226,active-noncovalent,8.633455,9.742001,0.077094726
CC(=O)NCCc1c[nH]c2c1cc(cc2[C@@H]3CN(Cc4c3cccc4)C(=O)CCl)F,DAR-DIA-cab-6,x0830,-7.310155,active-covalent,3.0275252,3.4942615,0.022457168
C[C@H](C1=CC(=C[C@@H]2[C@H]1CC=N2)Cl)NC(=O)CCl,DAV-CRI-eab-7,x0831,-7.294122,active-covalent,3.1564994,3.5856557,0.022888277
Cc1c(cccn1)NC(=O)Cc2cccc(c2NC(=O)C=C)Cl,AGN-NEW-cce-2,x0434,-7.266014,active-noncovalent,8.326347,8.90949,0.085607365
c1cscc1NC(=O)[C@@H](CN2CCN(CC2)C(=O)CCl)[NH3+],MAK-UNK-e4a-1,x0387,-7.265724,active-noncovalent,3.9919057,5.850525,0.08408365
CS(=O)(=O)[N@]1CCN(C[C@H]1c2ccccc2)C(=O)CCl,DUN-NEW-f8c-22,x0072,-7.261208,active-noncovalent,9.583303,10.480276,0.03720316
CS(=O)(=O)Nc1ccc2c(c1)[C@H](CN(C2)C(=O)CCl)c3ccccc3,MIH-UNI-e57-15,x0104,-7.183770,active-noncovalent,3.6811755,4.806705,0.07239117
Cc1ccncc1N2C[C@@H](CN(C2=O)c3cc(cc(c3)Cl)C)NC(=O)C=C,AGN-NEW-63f-1,x0434,-7.177935,active-noncovalent,9.507154,10.274366,0.049262296
Cc1ccc(c(c1)S(=O)(=O)N2CCN(CC2)C(=O)CCl)NCc3ccccc3,NAU-LAT-f72-5,x0104,-7.171019,active-noncovalent,3.5043168,4.0931797,0.03475288
C=CC(=O)N1CC[NH+](CC1)Cc2cccc3c2[nH]cc3CC(=O)N,JAN-GHE-641-9,x0692,-7.157577,active-covalent,5.789742,7.1749196,0.060206514
CC(=O)N[C@@H]([C@@H](c1ccc(cc1)O)S(=O)(=O)NCCc2ccccc2)C(=O)NCC#CBr,MAK-UNK-c44-5,x0967,-7.156637,active-noncovalent,5.227153,5.755675,0.032027394
c1ccc(c(c1)CNC(=O)CCl)[C@@H]2CCC[C@H]2C(=O)N,NIR-THE-99f-3,x0874,-7.144211,active-noncovalent,6.3401394,7.1495943,0.078459516
CC(=O)NCCc1c[nH]c2c1cc(cc2[C@@H]3CN(Cc4c3cccc4)C(=O)CCl)Cl,DAR-DIA-cab-5,x0830,-7.141233,active-covalent,3.1245437,3.5599575,0.03190271
CC(=O)NCCc1c[nH]c2c1cccc2[C@@H](CCc3ccc(cc3)C(F)(F)F)[NH+]4CCN(CC4)C(=O)CCl,PAU-WEI-b9b-9,x0104,-7.114065,active-noncovalent,3.629174,4.7954483,0.043950856
c1cc2ccc(cc2c(c1)Cn3cc(c(nc3=O)NC(=O)CCl)c4cccnc4)S(=O)(=O)N,NIM-UNI-7ba-1,x0830,-7.062444,active-covalent,3.0378282,3.3798475,0.026884394
c1csc(c1C#N)C[NH+]2CCN(CC2)C(=O)CCl,DAV-CRI-d1e-1,x1386,-7.032925,active-covalent,3.0063927,3.6315436,0.10129816
CCNc1c(cc(cn1)F)C[NH+]2CCN(CC2)C(=O)CCl,DAR-DIA-fb2-1,x0104,-7.018445,active-noncovalent,7.6374245,8.811567,0.15417293
CCNc1ccc(c(n1)Cc2cc(cc(c2)NCC(=O)NC(=O)C=C)C)F,BEN-VAN-ed8-10,x0434,-7.002871,active-noncovalent,10.041033,10.417812,0.04033051
C[C@H](C1=CC(=C[C@H]2[C@@H]1[NH2+]CC2)Cl)NC(=O)CCl,DAV-CRI-eab-3,x0831,-6.999310,active-covalent,3.8418612,5.197028,0.055119712
C[C@H](C1=CC(=C[C@H]2[C@@H]1N=CC2)Cl)NC(=O)CCl,DAV-CRI-eab-6,x0831,-6.993941,active-covalent,6.096655,6.3740582,0.028817438
CS(=O)(=O)[N@@]1CCc2ccc(cc2C1)C[NH+]3CCN(CC3)C(=O)CCl,TAM-UNI-d1c-5,x0692,-6.992064,active-covalent,3.390829,4.9223433,0.06269968
C[C@H](C1=CC(=C[C@@H]2[C@H]1CSC2)Cl)NC(=O)CCl,DAV-CRI-eab-8,x0831,-6.961595,active-covalent,2.9959073,3.6124048,0.022019466
c1cc([nH]c1)C(=O)N2C[C@@H]3CCCN([C@@H]3C2)C(=O)CCl,TIM-UNK-6bd-1,x0434,-6.945223,active-noncovalent,7.1945677,7.643368,0.047414243
CCNc1c(cc(cn1)C#N)C[NH+]2CCN(CC2)C(=O)CCl,DAR-DIA-fb2-4,x0195,-6.929774,active-noncovalent,9.918967,10.254536,0.029662957
c1cc(cc(c1)Cl)[C@@H]2CN(Cc3c2cccc3OCC[NH+]4CCOCC4)C(=O)CCl,SEA-TRI-fac-1,x1392,-6.918802,active-covalent,3.2425177,3.5733986,0.017955389
CCNc1ccc(cn1)Oc2c3c(cnn2)cn(c3C[NH+]4CCN(CC4)C(=O)CCl)C,MAK-UNK-af8-28,x0195,-6.905110,active-noncovalent,8.465469,9.869204,0.080548644
C1CS(=O)(=O)C[C@@H]1N(CCC(=[NH2+])N)C(=O)CCl,DAN-PUR-678-1,x1311,-6.892467,active-covalent,5.516344,6.0019774,0.016695019
CCNc1ccc(cn1)CNC(=O)CCC[NH+]2CCN(CC2)C(=O)CCl,MAK-UNK-af8-31,x0104,-6.861592,active-noncovalent,4.9352264,5.3546896,0.04485698
c1ccc(cc1)CCNS(=O)(=O)c2cccc3c2nc(s3)NC(=O)CCl,DUN-NEW-f8c-23,x0072,-6.849080,active-noncovalent,3.5953045,4.4970045,0.03682376
c1cc(cc(c1)Cl)[C@@H](c2ccc(s2)Cl)[NH+]3CCN(CC3)C(=O)CCl,SEA-TRI-822-1,x0434,-6.837725,active-noncovalent,5.4440255,6.5060363,0.061889034
C[C@H](C1=CC(=C[C@H]2[C@@H]1C[NH2+]C2)Cl)NC(=O)CCl,DAV-CRI-eab-5,x0831,-6.807669,active-covalent,5.926478,7.0781794,0.051345907
Cc1cccc(c1)[C@H]2CN(CCN2c3ccccc3[N+](=O)[O-])C(=O)CS,KAT-FAI-789-1,x0708,-6.772408,active-covalent,3.0737066,3.5299258,0.017039288
CC(=O)NCCc1ccc2c(c1)cc(cc2[C@@H]3CN(Cc4c3cccc4)C(=O)CCl)OC,DAR-DIA-cab-11,x0195,-6.692318,active-noncovalent,6.246317,6.7901697,0.06145296
C=CC(=O)N1CCC(CC1)C[N@@H+]2CCc3ccc(cc3C2)S(=O)(=O)N,STU-CHA-83d-2,x0195,-6.687809,active-noncovalent,4.704723,6.8440824,0.11525015
c1cc(cnc1)NC(=O)Cn2cc(nn2)CN([C@@H]3CCS(=O)(=O)C3)C(=O)CCl,NIM-UNI-594-1,x0195,-6.647882,active-noncovalent,3.307057,3.8803866,0.031408932
c1cc(cnc1)NC(=O)Cn2cc(nn2)CN([C@@H]3CCS(=O)(=O)C3)C(=O)CCl,NIM-UNI-bb6-2,x0195,-6.647882,active-noncovalent,3.1387913,3.7953107,0.024583822
CC(=O)NCCc1cn(c2c1cccc2C[NH+]3CCN(CC3)C(=O)CCl)C,TAM-UNI-d1c-20,x0692,-6.596281,active-covalent,5.7051706,6.4009404,0.04434812
C=CC(=O)NCCc1c[nH]c2c1cc(cc2NCc3ccc4c(c3)[nH]cn4)F,ANT-OPE-b90-1,x0072,-6.571191,active-noncovalent,9.937984,10.851766,0.06912782
C[C@H]1C[C@H](C[C@H](C1)C[NH+]2CCN(CC2)C(=O)CCl)C[NH2+]CNc3ccc(cn3)C#N,MAK-UNK-af8-24,x0072,-6.564718,active-noncovalent,9.987332,10.93025,0.08715553
CCNc1cc(c(cn1)C#N)Nc2csc(c2[C@@H]3CCC[C@@H]3C(=O)NC(=O)C=C)OC,BEN-VAN-d2b-12,x0874,-6.551128,active-noncovalent,5.253756,6.0603695,0.11098433
CCNc1c(cc(cn1)OC)C[NH+]2CCN(CC2)C(=O)CCl,DAR-DIA-fb2-5,x0104,-6.538956,active-noncovalent,5.397208,6.3231993,0.046690106
CO[C@@H]1CN(C[C@@H]1C[NH+]2CCN(CC2)C(=O)CCl)C(=O)CCNc3ccc(cn3)C#N,MAK-UNK-af8-26,x0072,-6.526270,active-noncovalent,12.194189,13.1178255,0.12305413
CCc1cc(cc(c1)NCC(=O)NC(=O)C=C)Cc2c(ccc(n2)NCC)F,BEN-VAN-ed8-12,x0434,-6.499113,active-noncovalent,9.154079,10.3146925,0.03925798
CS(=O)(=O)[N@](CCc1ccccc1)CC2CCN(CC2)C(=O)CCl,DUN-NEW-f8c-25,x0072,-6.477479,active-noncovalent,8.67666,9.607139,0.054123186
c1cc2c(cc1S(=O)(=O)N)C[N@@H+](CC2)CC3CCN(CC3)C(=O)CCl,STU-CHA-83d-1,x0195,-6.445353,active-noncovalent,3.7106771,4.6328454,0.022984484
Cc1ccc(c(c1)C[NH+]2CCN(CC2)C(=O)CCl)Oc3cc(ccc3N(C)c4cc(ncn4)S(=O)(=O)N)O,MAK-UNK-af8-18,x0161,-6.436746,active-noncovalent,3.268205,5.571593,0.2592794
C1CS(=O)(=O)C[C@@H]1N(CCC(=O)N)C(=O)CCl,DAN-PUR-678-2,x1311,-6.436077,active-covalent,3.4899557,4.9199867,0.16637039
Cc1ccc(c(c1CC(=O)Nc2cccnc2Cl)NC(=O)C=C)C,AGN-NEW-cce-3,x0434,-6.422377,active-noncovalent,9.460184,10.816891,0.08014758
c1cc2c(c(c1)C[NH+]3CCN(CC3)C(=O)CCl)CC(=O)NCC2,TAM-UNI-d1c-14,x1392,-6.384351,active-covalent,7.722211,8.672867,0.048774578
c1cc(cc(c1)Cl)C[N@H+]2C[C@H]3C[C@@H]2CN3C(=O)CCl,DAN-LON-a5f-8,x0770,-6.342978,active-covalent,3.0025058,3.433482,0.019161412
C[C@@H](c1cc(cc2c1CC=CC2)Cl)NC(=O)CCl,DAV-CRI-eab-1,x0831,-6.332597,active-covalent,7.3260264,8.175601,0.06106454
Cc1cccc(c1C[C@H]([C@@H](C)O)NC(=O)CS(=O)(=O)N)C[NH+]2CCN(CC2)C(=O)CCl,MAK-UNK-af8-15,x0161,-6.328569,active-noncovalent,5.4008646,6.400398,0.054788865
C[C@@H]1C[C@@H](C[C@@H](C1)[NH2+]CCNc2ccc(cn2)C#N)C[NH+]3CCN(CC3)C(=O)CCl,MAK-UNK-af8-23,x0104,-6.308840,active-noncovalent,10.497848,11.693166,0.16395868
C[C@@H](c1cc(ccc1Oc2cccc(c2)S(=O)(=O)N)Cl)NC(=O)CCl,STU-CHA-91d-1,x0195,-6.304440,active-noncovalent,3.1428957,3.673258,0.046057966
CNC(=O)c1ccc(cc1C[NH+]2CCN(CC2)C(=O)CCl)C#N,TAM-UNI-d1c-17,x1386,-6.300272,active-covalent,3.0563693,3.3362105,0.022830397
c1ccc(cc1)c2ncc(cn2)C[NH+]3CCN(CC3)C(=O)CCl,MAK-UNK-af8-1,x0072,-6.235673,active-noncovalent,9.058723,10.566967,0.078506276
c1ccc2c(c1)CN(C[C@H]2c3cc(cnc3CNC(=O)N4CCOCC4)F)C(=O)CCl,DAR-DIA-cab-13,x0195,-6.233018,active-noncovalent,3.2223072,3.8023734,0.037540834
C[C@@H](c1cccc2c1n(cc2CCNC(=O)C)C)NC(=O)CCl,TAM-UNI-d1c-24,x1392,-6.228618,active-covalent,6.513136,6.9435444,0.034331456
COc1cc2cc(ccc2c(c1)[C@@H]3CN(Cc4c3cccc4)C(=O)CCl)S(=O)(=O)N,DAR-DIA-cab-10,x0830,-6.223668,active-covalent,2.949378,3.4218628,0.023325726
c1cscc1Cc2ncc(s2)C[NH+]3CCN(CC3)C(=O)CCl,MAK-UNK-e4a-21,x0692,-6.183504,active-covalent,2.9455016,3.3333862,0.009080154
C1C[NH+](CCC1O)C[C@@H]([C@@H]([NH+]2CCN(CC2)C(=O)CCl)O)O,MAK-UNK-e4a-12,x0387,-6.169175,active-noncovalent,6.6071234,7.7748103,0.061516058
c1cscc1[C@@H]2C[C@]3(CCCN(C3)C(=O)CCl)C[C@H]2C(=O)N,NIR-THE-99f-2,x0874,-6.155336,active-noncovalent,7.9790993,9.192791,0.10760939
c1cc(cnc1)C2(CCCCC2)[NH+]3CCN(CC3)C(=O)CCl,WAR-XCH-79d-8,x1493,-6.150517,active-covalent,10.212356,11.228564,0.06963372
c1cc(ncc1C#N)NCCOc2c(ccc(n2)NC[NH+]3CCN(CC3)C(=O)CCl)C#N,MAK-UNK-af8-32,x0161,-6.126231,active-noncovalent,4.4115357,5.0269265,0.03531096
C#Cc1cc(cnc1)Nc2cc(sc2)NS(=O)(=O)c3ccc4c(c3)CCN(C4)C(=O)CCl,NIY-UNK-626-5,x0387,-6.106668,active-noncovalent,7.4935584,8.596702,0.12277419
c1ccc(cc1)C(c2ccccc2)[NH+]3CCN(CC3)C(=O)CCl,SIM-SYN-f15-1,x0692,-6.083106,active-covalent,3.572626,4.1659713,0.030983556
C#Cc1ccc(nc1)Nc2cc(sc2)CS(=O)(=O)Cc3cccc4c3CN(CC4)C(=O)CCl,NIY-UNK-626-1,x0387,-6.075204,active-noncovalent,3.286966,4.140998,0.031217583
CCNc1c(c(cs1)C#N)C[NH+]2CCN(CC2)C(=O)CCl,DAV-CRI-d1e-4,x1386,-6.074709,active-covalent,3.1660879,4.1065054,0.09170461
CCNc1ccc(cn1)c2c3ncc(c(n3cn2)C[NH+]4CCN(CC4)C(=O)CCl)C,MAK-UNK-af8-29,x0161,-6.067757,active-noncovalent,9.426068,10.268547,0.09049303
C[N@H+](CCN(C)C(=O)C=C)C[C@H]1C=N[C@H]2[C@@H]1C=C(C=C2)C#N,JAN-GHE-bf4-13,x0692,-6.055426,active-covalent,5.546829,6.4834538,0.06717511
CC(=O)NCCc1c[nH]c2c1cc(cc2C[NH+]3CCN(CC3)C(=O)CCl)F,NAU-LAT-f72-1,x0072,-6.048683,active-noncovalent,10.486722,10.837458,0.058643807
c1cnc(c(c1[C@H]2C[C@H]([C@@H](C2)C(=O)N)c3ccsc3)NC(=O)CCl)Cl,NIR-THE-99f-4,x0759,-6.042750,active-covalent,3.5457735,4.440944,0.055688545
c1ccc(cc1)[C@@H]2C[N@H+](CCN2C(=O)CCl)Cc3cccc(c3)Cl,DAN-LON-a5f-5,x0770,-5.993355,active-covalent,2.8502264,3.3027442,0.008860646
c1ccc2c(c1)cccc2[C@@H](C[C@H]3CC[C@H]([C@@H]3c4ccsc4)C(=O)N)NC(=O)CCl,NIR-THE-99f-1,x0874,-5.973041,active-noncovalent,4.3956037,5.984782,0.08059781
c1cc(ccc1Cn2c(cnn2)CN([C@@H]3CCS(=O)(=O)C3)C(=O)CCl)Cl,NIM-UNI-594-2,x0195,-5.972826,active-noncovalent,10.770447,12.451334,0.085206226
c1cc(ccc1Cn2c(cnn2)CN([C@@H]3CCS(=O)(=O)C3)C(=O)CCl)Cl,NIM-UNI-bb6-1,x0195,-5.972826,active-noncovalent,10.260692,10.613887,0.045578133
c1ccc2c(c1)csc2C[NH+]3CCN(CC3)C(=O)CCl,PAU-UNI-b2b-1,x1418,-5.969722,active-covalent,3.3484604,4.126166,0.055357527
C=CC(=O)N1CC[NH+](CC1)C[C@H]2C=N[C@H]3[C@@H]2C=C(C=C3)C#N,JAN-GHE-bf4-9,x0692,-5.943081,active-covalent,5.345606,6.9172044,0.05188291
c1ccc2c(c1)CN(C[C@@H]2c3ccc4ccc(cc4c3)S(=O)(=O)N)C(=O)CCl,TAM-UNI-d1c-9,x1392,-5.937392,active-covalent,,,
C#Cc1cc(cnc1)Nc2cc(sc2)NS(=O)(=O)CCN3CCN(CC3)C(=O)CCl,NIY-UNK-626-4,x0195,-5.885530,active-noncovalent,3.7628336,4.914348,0.06394592
C[C@H](N)[NH2+][C@@H](CC(=O)N)C(=O)N[C@H]1CC[C@H](CN1C(=O)CCl)c2nc3c(cccc3s2)c4ccc(cc4)S(=O)(=O)N,DAV-CRI-f9b-2,x0161,-5.874022,active-noncovalent,4.73205,5.72614,0.051533695
C[C@@H](c1ccc2c(c1)n(cc2CCNC(=O)C)C)NC(=O)CCl,TAM-UNI-d1c-23,x1392,-5.870521,active-covalent,7.923109,8.736432,0.059430417
c1cc2c(c(c1)C[NH+]3CCN(CC3)C(=O)CCl)C(=O)NCCC2,TAM-UNI-d1c-15,x0692,-5.863121,active-covalent,5.5056195,6.4044347,0.037587613
C[NH+](C)CCCC(=O)NCCc1c[nH]c2c1cccc2C[NH+]3CCN(CC3)C(=O)C=C,JAN-GHE-641-8,x0104,-5.849407,active-noncovalent,3.441523,4.108439,0.04644486
CC(=O)NCCc1c[nH]c2c1cc(cc2C[NH+]3CCN(CC3)C(=O)CCl)F,STU-CHA-bc0-1,x0104,-5.819488,active-noncovalent,5.3473186,5.7262487,0.044943243
c1ccc(c(c1)C[NH+]2CCN(CC2)C(=O)CCl)N3CCC[C@@H]3C(=O)N,TAM-UNI-d1c-3,x1386,-5.806887,active-covalent,3.4171786,4.7399354,0.058696717
c1cc(cc(c1)S(=O)(=O)N)n2cc(nn2)C[NH+]3CCN(CC3)C(=O)CCl,NIM-UNI-594-3,x0195,-5.789229,active-noncovalent,3.2360985,3.9515634,0.028655674
c1cc(cc(c1)S(=O)(=O)N)n2cc(nn2)C[NH+]3CCN(CC3)C(=O)CCl,NIM-UNI-bb6-3,x0195,-5.789229,active-noncovalent,3.339573,4.6108885,0.05622595
CCNc1c(cc(cn1)C#N)C[NH+]2CCN(CC2)C(=O)CCl,BRU-LEF-ae0-1,x0305,-5.769223,active-noncovalent,4.16547,5.602193,0.10810656
CC(=O)NCCc1c[nH]c2c1cccc2C[NH+]3CCN(CC3)C(=O)CCl,DUN-NEW-f8c-24,x0072,-5.758780,active-noncovalent,8.918485,9.703921,0.04073521
C1C[NH+](CCC1O)[C@H](CC[NH+]2CCN(CC2)C(=O)CCl)N,MAK-UNK-e4a-13,x0692,-5.742552,active-covalent,3.1181273,3.5695999,0.036236133
CS(=O)(=O)NCCc1c[nH]c2c1cccc2C[NH+]3CCN(CC3)C(=O)C=C,JAN-GHE-641-7,x0104,-5.723781,active-noncovalent,7.030093,7.773879,0.07630501
CNc1cnc(nc1F)c2c(cc(s2)F)[C@@H]3CCC[C@H]3C(=O)NC(=O)C=C,BEN-VAN-d2b-19,x0874,-5.632443,active-noncovalent,5.368839,6.8688354,0.06685912
c1c(c(cs1)NC(=O)CCS(=O)(=O)N)C[NH+]2CCC(CC2)O,MAK-UNK-5e8-4,x0195,-5.617511,active-noncovalent,9.767479,11.180098,0.09601877
CCCNc1cc(c(cc1N(C)C)NC(=O)C=C)Nc2nccc(n2)C(=O)N,STE-LAU-835-1,x0072,-5.593823,active-noncovalent,3.1382391,3.7145562,0.042722285
Cc1cccc(c1NC(=O)C=C)CC(=O)Nc2cccnc2Cl,AGN-NEW-cce-1,x0434,-5.588207,active-noncovalent,6.993169,8.450292,0.107960746
C=CS(=O)(=O)N1CC[NH+](CC1)[C@H](c2cccs2)c3cc(cc(c3)Cl)CCS(=O)(=O)N,SEA-TRI-6cb-1,x0161,-5.575256,active-noncovalent,6.110362,6.567635,0.014137514
CC(=O)N[C@@H](Cc1ccc(cc1)O)C(=O)NC[NH+]2CCN(CC2)C(=O)CCl,NIM-UNI-ed9-1,x0967,-5.544855,active-noncovalent,11.97055,12.788292,0.072073445
C[C@H]1[C@@H]([C@H]([C@H](O1)C[NH+]2CCN(CC2)C(=O)CCl)O)OCCCNc3ccc(cn3)C#N,MAK-UNK-af8-25,x0195,-5.543700,active-noncovalent,,,
c1ccc(cc1)[C@H]2CN([C@@H](c3c2cccc3)[C@H]4CS(=O)(=O)C[C@@H]4N5CCCC5=O)C(=O)CCl,DAV-CRI-b70-1,x1392,-5.525158,active-covalent,3.0135446,3.3849754,0.013296237
C#CC[NH+]1CCN(CC1)C(=O)CCl,TOB-UNK-c2a-1,x1386,-5.523991,active-covalent,2.9962378,3.5727181,0.042937804
c1cc(cc(c1)Cl)C[N@H+]2CCN(C[C@@H]2c3cccs3)C(=O)CCl,DAN-LON-a5f-9,x0770,-5.483294,active-covalent,3.0428262,3.3383381,0.017722735
CNc1cnc(nc1)c2c(c(cs2)Cl)[C@@H]3CCC[C@H]3C(=O)NC(=O)C=C,BEN-VAN-d2b-4,x0874,-5.476882,active-noncovalent,10.834459,11.83479,0.05052753
C[C@@H](c1ccc2ccc(cc2c1)NS(=O)(=O)C)NC(=O)CCl,TAM-UNI-d1c-22,x1392,-5.463551,active-covalent,7.8718734,8.85082,0.0507493
CCNc1c(c(c(cn1)C#N)Nc2cscc2[C@@H]3CCC[C@@H]3C(=O)NC(=O)C=C)F,BEN-VAN-d2b-2,x0874,-5.447653,active-noncovalent,3.2091615,3.836453,0.07663055
CC(=O)Nc1ccc(cc1C[NH+]2CCN(CC2)C(=O)CCl)C#N,TAM-UNI-d1c-18,x1392,-5.442736,active-covalent,7.0385523,8.938612,0.13445294
c1c(cc(cc1Cl)Cl)C[NH+]2CCN(CC2)C(=O)CCl,PAU-UNI-8cd-1,x0770,-5.428621,active-covalent,5.879878,6.7613945,0.021284224
CS(=O)(=O)[N@]1CCc2ccc(cc2C1)[C@H]3CN(Cc4c3cccc4)C(=O)CCl,TAM-UNI-d1c-8,x1392,-5.427806,active-covalent,3.0961287,3.645581,0.019819975
c1ccc2c(c1)CN(C[C@@H]2c3cccc(c3)CNC(=O)N4CCOCC4)C(=O)CCl,TAM-UNI-d1c-7,x1392,-5.423794,active-covalent,2.9793582,3.2956696,0.012724479
Cc1ccc(cc1)CC[C@H](c2cccc3c2[nH]cc3CCNC(=O)C)[NH+]4CCN(CC4)C(=O)CCl,PAU-WEI-b9b-8,x0104,-5.389394,active-noncovalent,8.774641,9.3507185,0.067112476
c1cc(c(cc1S(=O)(=O)N)CC[N@H+]2CCCN(CC2)C(=O)CCl)Br,PED-UNI-89d-1,x0831,-5.371132,active-covalent,4.4360256,5.429702,0.07513335
c1c(c(c(s1)NCO)C[NH+]2CCN(CC2)C(=O)CCl)C#N,DAV-CRI-d1e-5,x1386,-5.367616,active-covalent,3.843738,5.011362,0.0455664
c1c2c(cc(c1C(F)F)S(=O)(=O)N)C[N@@H+](CC2)CC3CCN(CC3)C(=O)CCl,STU-CHA-814-1,x0195,-5.339505,active-noncovalent,5.166397,5.5947475,0.04049401
COCCNc1cc(c(cn1)C#N)Nc2cscc2[C@@H]3CCC[C@@H]3C(=O)NC(=O)C=C,BEN-VAN-d2b-10,x0874,-5.329708,active-noncovalent,5.042529,6.2422595,0.10472246
CCNc1ccc(c(n1)Cc2cc(ccc2Cl)OCC(=O)NC(=O)C=C)F,BEN-VAN-ed8-20,x0434,-5.322351,active-noncovalent,11.953894,13.054797,0.058278758
CC(=O)N[C@](Cc1ccc(cc1)O)(C(=O)NCC#CBr)S(=O)(=O)NCCc2ccccc2,MAK-UNK-c44-6,x0967,-5.320551,active-noncovalent,6.353566,7.166416,0.039103452
Cc1cccc(c1)[C@H]2CN(CC[N@@]2c3ccccc3N4CCOCC4)C(=O)CS,KAT-FAI-9b6-2,x0708,-5.312636,active-covalent,3.684317,4.2742114,0.023810139
C=CC(=O)N1CC(C1)[NH2+]C[C@H]2C=N[C@H]3[C@@H]2C=C(C=C3)C#N,JAN-GHE-bf4-10,x0692,-5.285728,active-covalent,6.7687054,8.112052,0.07550372
CC(C)[C@@H]1C[N@H+](CCN1C(=O)CCl)Cc2cccc(c2)Cl,DAN-LON-a5f-4,x0770,-5.240683,active-covalent,3.0168092,3.5821073,0.034280173
CC1(CN(CC[N@H+]1Cc2cccc(c2)Cl)C(=O)CCl)C,DAN-LON-a5f-2,x0770,-5.224834,active-covalent,3.015276,3.4557314,0.007760479
C=CC(=O)N1CC[NH+](CC1)CC#C,TOB-UNK-c2a-2,x1386,-5.215091,active-covalent,6.4462748,7.131108,0.046036445
c1cc2c(cc1S(=O)(=O)N)N(CCC2)CCCC[C@@H]3CCCN(C3)C(=O)CCl,PAU-UNI-f43-1,x0749,-5.208764,active-covalent,3.0517375,3.5598702,0.040032122
CC(=O)N[C@@H](Cc1ccc(cc1)O)C(=O)N[C@@H](C[NH+]2CCN(CC2)C(=O)CCl)c3ccccc3,NIM-UNI-ed9-4,x0967,-5.183060,active-noncovalent,6.630184,7.4651027,0.028782867
Cn1cc(c(n1)C[NH+]2CCN(CC2)C(=O)CCl)N3CCC[C@@H]3C(=O)N,TAM-UNI-d1c-2,x0692,-5.154994,active-covalent,4.912583,6.189254,0.04297113
CCNc1c2cc(ccc2c(cn1)C#N)N(c3cccc(c3)C(=O)N4CCSCC4)C(=O)CCl,NIR-THE-ed2-2,x0107,-5.154628,active-noncovalent,6.995903,7.38881,0.035328835
CCNc1ccc(c(n1)Cc2cc(ccc2Cl)NCC(=O)NC(=O)C=C)F,BEN-VAN-ed8-19,x0434,-5.086646,active-noncovalent,9.437002,9.998352,0.03564612
C[NH2+]CCSC(=O)c1cccc(c1)C[NH+]2CCN(CC2)C(=O)CCl,MAK-UNK-cd9-1,x0104,-5.084774,active-noncovalent,9.637426,10.913251,0.08832845
C=CC(=O)N1CCN(CC1)c2ccc(cc2S(=O)(=O)N)[C@H]3c4ccccc4C(=O)N3,DR -UNK-640-2,x1093,-5.077204,active-noncovalent,8.374757,9.401042,0.046515964
C=CC(=O)N1CCN(CC1)c2ccc(cc2S(=O)(=O)N)[C@H]3c4ccccc4C(=O)N3,DR -UNK-dd7-2,x1093,-5.077204,active-noncovalent,8.009474,8.955717,0.062073566
CNc1cnc(nc1)c2c(ccs2)[C@@H]3CCC[C@H]3C(=O)NC(=O)C=C,BEN-VAN-d2b-6,x0874,-5.031328,active-noncovalent,10.2544365,11.408908,0.0685666
Cc1ccnc(c1)N(CCC2CN(C2)C(=O)C=C)C(=O)Nc3c(ncc(c3CC[NH+]4CCOCC4)C)C,AGN-NEW-5f0-1,x0434,-5.012227,active-noncovalent,12.181189,13.297875,0.048337966
C[C@H](N)[NH2+][C@@H](CC(=O)N)C(=O)N[C@H]1CC[C@H](CN1C(=O)CCl)c2nc3c(cccc3s2)c4ccc(c(c4)[O-])S(=O)(=O)N,DAV-CRI-f9b-6,x0161,-5.001788,active-noncovalent,,,
CNC(=O)[C@H](CC[NH+]1CCN(CC1)C(=O)CCl)Nc2ccsc2,MAK-UNK-e4a-2,x0692,-5.000103,active-covalent,9.814749,11.018746,0.08418533
c1cc(cc(c1)Cl)C[N@@H+]2CCN(C[C@H]2C(=O)N)C(=O)CCl,DAN-LON-a5f-1,x0770,-4.988998,active-covalent,4.6075835,5.775089,0.07208705
C=CC(=O)NC1C[NH+](C1)C[C@H]2C=N[C@H]3[C@@H]2C=C(C=C3)C#N,JAN-GHE-bf4-11,x0692,-4.962409,active-covalent,7.589452,8.193475,0.026690977
Cc1ccncc1/N=C(/C)\CCn2c3ccccc3nc2[C@@H]4CCCN(C4)C(=O)CCl,PAU-UNI-b6a-1,x0107,-4.961240,active-noncovalent,10.124469,10.799062,0.039625842
CC(=O)N1CCCc2cccc(c2C1)C[NH+]3CCN(CC3)C(=O)CCl,TAM-UNI-d1c-13,x1392,-4.925334,active-covalent,6.266515,7.0436997,0.024491275
C[C@@H](c1ccccc1CNC(=O)N2CCOCC2)NC(=O)CCl,TAM-UNI-d1c-21,x1392,-4.917112,active-covalent,3.2496638,3.6733017,0.048220452
CNS(=O)(=O)c1ccc2ccc(cc2c1)C[NH+]3CCN(CC3)C(=O)CCl,TAM-UNI-d1c-6,x0692,-4.904441,active-covalent,3.0709176,3.7263336,0.037502967
CC(C)C[C@@H]1CN(CC[N@H+]1Cc2cccc(c2)Cl)C(=O)CCl,DAN-LON-a5f-3,x0770,-4.898075,active-covalent,3.346179,3.9820273,0.07515706
COc1ccccc1n2cc(nn2)C[NH+]3CCN(CC3)C(=O)CCl,ANT-STE-dbb-3,x1386,-4.881322,active-covalent,3.0169914,3.4518595,0.014996873
C[N@](C[NH+]1CCC(CC1)O)C[NH+]2CCN(CC2)C(=O)CCl,MAK-UNK-e4a-14,x0387,-4.880488,active-noncovalent,5.005653,6.1584854,0.071009874
Cc1ccc2c(c1)[C@H](C(=O)N([C@@H]2[C@H]3CS(=O)(=O)C[C@@H]3N4CCCC4=O)C(=O)CCl)c5cccc(c5)O,DAV-CRI-f47-7,x1392,-4.810890,active-covalent,,,
c1ccc(cc1)[C@H]2CN([C@@H](c3c2cc(cc3)F)[C@H]4CS(=O)(=O)C[C@@H]4N5CCCC5=O)C(=O)CCl,DAV-CRI-f47-2,x1392,-4.796548,active-covalent,3.009613,3.4809008,0.017399339
C#Cc1ccc(nc1)Nc2cc(sc2)C[S@](=N)(=O)Cc3cccc4c3CN(CC4)C(=O)CCl,NIY-UNK-626-2,x0195,-4.775069,active-noncovalent,9.715704,10.779051,0.06952707
c1ccc2c(c1)CN(C[C@H]2c3cc(cnc3CNC(=O)N4CCOCC4)C#N)C(=O)CCl,DAR-DIA-cab-12,x0195,-4.753704,active-noncovalent,10.693024,11.514595,0.05061452
CNc1cnc(nc1F)c2c(ccs2)[C@@H]3CCC[C@H]3C(=O)NC(=O)C=C,BEN-VAN-d2b-18,x0874,-4.752408,active-noncovalent,5.705434,6.837132,0.10115021
c1cc2c(cc1C(=O)[O-])[NH+]=C(c3cc(ccc3S2)Cl)NC(=O)CCl,AVI-UNI-a66-2,x1382,-4.739315,active-covalent,6.665181,8.459894,0.14765458
Cc1ccnc2c1[nH]c(n2)CC3CCN(CC3)C(=O)CCl,WAR-XCH-b03-3,x1493,-4.711391,active-covalent,2.96599,3.5077524,0.022541817
c1ccc(cc1)CC[C@H](c2cccc(c2)Cl)[NH+]3CCN(CC3)C(=O)CCl,PAU-WEI-b9b-1,x0104,-4.709893,active-noncovalent,12.982645,13.668069,0.053227168
CC(=O)NCCc1c[nH]c2c1cccc2CNC(=O)CCl,DUN-NEW-f8c-21,x0072,-4.685959,active-noncovalent,9.355948,10.990979,0.09238609
C=CS(=O)(=O)[N@]1CCC[C@@H](C1)C#C,TOB-UNK-c2a-6,x1386,-4.665012,active-covalent,5.269983,6.5659914,0.08796476
Cc1cc(ccc1[C@@H](C(=O)OC)NS(=O)(=O)NS(=O)(=O)N)C[NH+]2CCN(CC2)C(=O)CCl,MAK-UNK-af8-14,x0104,-4.634429,active-noncovalent,8.259933,9.110429,0.02935765
CNS(=O)(=O)c1ccc(c(c1)[C@H]2CN(Cc3c2cccc3)C(=O)CCl)C#N,TAM-UNI-d1c-10,x0692,-4.629535,active-covalent,3.00688,3.3568199,0.012823462
Cc1cccc(c1C(=O)N2CCC(CC2)O)C[NH+]3CCN(CC3)C(=O)CCl,MAK-UNK-e4a-26,x0387,-4.612614,active-noncovalent,6.0135765,7.2339354,0.06851953
CS(=O)(=O)[N@@](C[C@H]1CC[N@]2c3cc(ccc3CC[C@@H]2C1)S(=O)(=O)N)C4=CCC(=C4NC(=O)CCl)[C@@H]([NH+]5CCSCC5)O,STE-NAN-baf-3,x0072,-4.596193,active-noncovalent,8.875247,10.022907,0.106157295
c1cc(cc(c1)C[NH+]2CCN(CC2)C(=O)CCl)CNC(=O)N3CCOCC3,TAM-UNI-d1c-12,x0692,-4.588231,active-covalent,6.917228,7.456364,0.038197227
Cc1cccc(c1)[C@H](c2ccc(s2)Cl)[NH+]3CCN(CC3)C(=O)CCl,SIM-SYN-f15-2,x1334,-4.558472,active-covalent,3.0008795,3.3606083,0.013987291
C=CS(=O)(=O)N1CC[NH+](CC1)CC#C,TOB-UNK-c2a-3,x1386,-4.556074,active-covalent,6.6543245,7.6477056,0.08169898
CCCNc1cc(c(cc1N(CC)CC)NC(=O)C=C)Nc2nccc(n2)C(=O)N,STE-LAU-a2c-2,x0072,-4.520107,active-noncovalent,4.7372656,6.17799,0.06266054
c1cc(c(cc1C#N)C[NH+]2CCN(CC2)C(=O)CCl)CNC(=O)N3CCOCC3,DAR-DIA-fb2-16,x0305,-4.520052,active-noncovalent,9.043368,9.368492,0.04457305
CC(=O)Nc1cc(cc(c1)C#N)C[NH+]2CCN(CC2)C(=O)CCl,TAM-UNI-d1c-16,x0692,-4.514347,active-covalent,3.169239,3.533654,0.03962585
C=CC(=O)N1CCC(CC1)[N@@H+](Cc2ccccc2C#N)C3CCC(CC3)O,WAR-XCH-72a-10,x1418,-4.496875,active-covalent,7.6897807,8.569868,0.026589824
CC(=O)Nc1c(c(cs1)C#N)C[NH+]2CCN(CC2)C(=O)CCl,DAV-CRI-d1e-6,x1386,-4.480016,active-covalent,3.0433517,3.375388,0.014895977
CCNc1cc(c(cn1)C#N)C[NH+]2CCN(CC2)C(=O)CCl,DAV-CRI-d1e-2,x1418,-4.469190,active-covalent,3.0011492,3.4132035,0.020256836
CCN(CC)c1cc(c(cc1NCC[NH+](C)C)Nc2nccc(n2)C(=O)N)NC(=O)C=C,STE-LAU-a2c-3,x0072,-4.441552,active-noncovalent,3.3907995,5.016319,0.08693101
c1c2c(sc1N(C3CCC(CC3)O)C(=O)C4CCN(CC4)C(=O)CCl)CCCC2,WAR-XCH-bdd-27,x1334,-4.384601,active-covalent,3.012785,3.4888964,0.032754015
CN(CC(=O)N)C(=O)[C@@H]1[C@H](CCN1C(=O)CSC)NC(=O)Nc2ccc(cc2F)F,FAR-UNI-9a7-2,x1093,-4.340620,active-noncovalent,6.6457086,7.8649063,0.09046617
c1c(c(cnc1NCO)C#N)C[NH+]2CCN(CC2)C(=O)CCl,DAV-CRI-d1e-3,x1386,-4.328671,active-covalent,3.1093354,3.6008892,0.03563653
C=CC(=O)N1C[C@@H]2CN(C[C@@H]2C1)S(=O)(=O)c3ccccc3c4ccc(cc4)Nc5ccc(cn5)C#N,JAN-GHE-bf4-4,x0692,-4.306818,active-covalent,2.927215,4.0950265,0.0756544
C[NH+](C)CCNc1cc(c(cc1N(C)C)NC(=O)C=C)Nc2nccc(n2)C(=O)N,STE-LAU-a2c-1,x0072,-4.297851,active-noncovalent,5.492148,6.4936647,0.050274402
Cc1cc(ccc1NCCNC[NH+]2CCC(CC2)O)C[NH+]3CCN(CC3)C(=O)CCl,MAK-UNK-e4a-18,x0387,-4.259506,active-noncovalent,4.9858546,6.353971,0.079328686
C[C@H](N)[NH2+][C@@H](CC(=O)N)C(=O)N[C@H]1CC[C@H](CN1C(=O)CCl)c2nc3c(cccc3s2)c4cccc(c4)S(=O)(=O)N,DAV-CRI-f9b-4,x0749,-4.245031,active-covalent,6.6292343,7.1923804,0.015877444
C=CC(=O)N1CCN(CC1)S(=O)(=O)c2c(cccc2F)OCCCNc3ccc(cn3)C#N,JAN-GHE-bf4-1,x0692,-4.243554,active-covalent,3.0942621,3.9827306,0.029714469
C[C@H](N)[NH2+][C@@H](CC(=O)N)C(=O)N[C@H]1CC[C@H](CN1C(=O)CCl)c2nc3c(cccc3s2)c4ccc(c(c4)S(=O)(=O)N)[O-],DAV-CRI-f9b-8,x0749,-4.235141,active-covalent,,,
C[C@H]1CC[C@@H]([C@H](C1)C[NH+]2CCN(CC2)C(=O)CCl)OCc3ccsc3,MAK-UNK-e4a-24,x0387,-4.163197,active-noncovalent,6.635682,7.171566,0.029175213
c1cc(ccc1C[C@H]2C[N@@H+](CCN2C(=O)CCl)Cc3ccc(s3)Cl)O,SEA-TRI-825-1,x0967,-4.143690,active-noncovalent,5.2852583,6.508517,0.06637208
C=CC(=O)N1C[C@H]2C[NH+](C[C@H]2C1)C[C@H]3C=N[C@H]4[C@@H]3C=C(C=C4)C#N,JAN-GHE-bf4-12,x0692,-4.142497,active-covalent,6.8270435,7.3864927,0.04629368
CC(=O)NCCc1cn(c2c1ccc(c2)C[NH+]3CCN(CC3)C(=O)CCl)C,TAM-UNI-d1c-19,x1392,-4.142491,active-covalent,9.819097,10.771277,0.06737816
c1ccc(cc1)[C@@H]2CN([C@H](c3c2cccc3)c4cccc(c4)N5CCCC5=O)C(=O)CCl,DAV-CRI-8c8-1,x1392,-4.134730,active-covalent,3.0158825,3.4041817,0.024837438
Cc1ccc2c(c1)cc(cc2C[N@H+]3C[C@H](CN([C@@H](C3)Cc4ccncn4)C(=O)CCl)n5c(nnc5C)C)C,INS-INS-9c6-1,x0831,-4.119519,active-covalent,2.8936944,3.5102472,0.02134428
Cc1cccc(c1NC(=O)N[C@H](Cc2ccc(cc2)O)C(=O)N(CCCC(=O)N)CC[N@H+]3CCCN(C3)C(=O)CCl)CO,CHA-KIN-87c-2,x0967,-4.118788,active-noncovalent,7.8142476,8.633084,0.038886536
CCNc1cc(c(cn1)C#N)Nc2cscc2[C@@H]3CCC[C@@H]3C(=O)NC(=O)C=C,BEN-VAN-d2b-1,x0874,-4.091533,active-noncovalent,5.7761197,6.2437444,0.041132968
c1cc(ccc1C[NH+]2CCN(CC2)C(=O)CCl)CS(=O)(=O)F,JIA-UNI-93b-1,x0770,-4.050922,active-covalent,3.1264627,3.6143622,0.027791353
c1cc(cnc1)C2(CCCCC2)[NH2+]C3CCN(CC3)C(=O)CCl,WAR-XCH-79d-5,x1493,-4.018666,active-covalent,11.168797,12.158348,0.07597558
c1cc2c(cc1S(=O)(=O)N)N[C@H](CC2)C[C@H](c3ccc(s3)Br)[NH+]4CCN(CC4)C(=O)CCl,PED-UNI-d0b-1,x0195,-3.988873,active-noncovalent,13.26764,13.4923525,0.05073818
C[C@H](N)[NH2+][C@@H](CC(=O)N)C(=O)N[C@H]1CC[C@H](CN1C(=O)CCl)c2nc3cc(ccc3s2)Cc4cccc(c4)S(=O)(=O)N,DAV-CRI-f9b-10,x0749,-3.974461,active-covalent,6.584158,7.554089,0.06968411
CCNc1cc(c(cn1)C#N)Nc2c(csc2Cl)[C@@H]3CCC[C@@H]3C(=O)NC(=O)C=C,BEN-VAN-d2b-14,x0874,-3.959137,active-noncovalent,5.096035,5.6792564,0.044081997
Cc1[nH]c(=O)c(c(n1)C[NH+]2CCN(CC2)C(=O)CCl)NCc3cccc(c3)O,MAK-UNK-e4a-27,x0387,-3.938882,active-noncovalent,3.48966,4.3601294,0.03786095
c1ccc(cc1)[C@H]2c3ccccc3CN([C@@H]2[NH2+]Cc4cc(n(c4)S(=O)(=O)c5cccnc5)c6ccccc6F)C(=O)CCl,MAK-UNK-702-7,x0387,-3.934216,active-noncovalent,5.065918,6.3144145,0.09038323
C[C@H](N)[NH2+][C@@H](CC(=O)N)C(=O)N[C@H]1CC[C@H](CN1C(=O)CCl)c2nc3cc(ccc3s2)c4cccc(c4)S(=O)(=O)N,DAV-CRI-f9b-3,x0749,-3.928930,active-covalent,,,
c1cc(c(cc1Cl)C[NH+]2CCN(CC2)C(=O)CCl)CNC(=O)[C@@H]3CCCOC3,STU-CHA-7b3-1,x1249,-3.919082,active-noncovalent,5.4876575,6.1199045,0.049694132
CC(=O)NCCc1c[nH]c2c1cccc2[C@@H](CCc3ccccc3)[NH+]4CCN(CC4)C(=O)CCl,PAU-WEI-b9b-7,x0104,-3.916099,active-noncovalent,7.628588,9.23595,0.09126083
Cc1ccc(cc1)OCCCC[C@H]2C(=O)C[C@@H](C[NH2+]2)c3cc(cc(c3)C[NH+]4CCN(CC4)C(=O)CCl)C,MAK-UNK-af8-33,x0104,-3.899983,active-noncovalent,12.217014,13.243754,0.092682436
Cc1cc(ccc1[C@@H](C(=O)NS(=O)(=O)N)O[C@H]2[C@@H](CO[C@H]([C@@H]2[NH2+]C)O)O)C[NH+]3CCN(CC3)C(=O)CCl,MAK-UNK-af8-16,x0104,-3.885993,active-noncovalent,9.400931,10.738531,0.060336925
CCOc1cc(c(cn1)C#N)Nc2cscc2[C@@H]3CCC[C@@H]3C(=O)NC(=O)C=C,BEN-VAN-d2b-9,x0874,-3.885869,active-noncovalent,5.12001,5.8085265,0.07031627
c1cscc1Cc2cnc(nc2N)C[NH+]3CCN(CC3)C(=O)CCl,MAK-UNK-e4a-22,x0387,-3.868979,active-noncovalent,4.7651706,5.1908007,0.049938902
CC(C)(C)NC(=O)[C@@H]1CN(CC[N@H+]1Cc2cccc(c2)Cl)C(=O)CCl,DAN-LON-a5f-7,x0770,-3.848757,active-covalent,2.9728398,3.3539324,0.008941372
Cc1[nH]c(=O)c(c(n1)C[NH+]2CCN(CC2)C(=O)CCl)CCCc3ccsc3,MAK-UNK-e4a-25,x0387,-3.830079,active-noncovalent,5.139781,6.4172583,0.0851001
c1cc(c(cc1C#N)[C@H](c2ccc(s2)Br)[NH+]3CCN(CC3)C(=O)CCl)CNC(=O)N4CCOCC4,PAU-WEI-f73-2,x0830,-3.817135,active-covalent,3.1254802,3.579068,0.012662606
C=CS(=O)(=O)N1CCN(CC1)c2ccc(cc2S(=O)(=O)N)[C@H]3c4ccccc4C(=O)N3,DR -UNK-640-3,x1093,-3.816393,active-noncovalent,7.56609,8.741426,0.05049407
C=CS(=O)(=O)N1CCN(CC1)c2ccc(cc2S(=O)(=O)N)[C@H]3c4ccccc4C(=O)N3,DR -UNK-dd7-3,x1093,-3.816393,active-noncovalent,8.389114,8.897855,0.044422895
c1cc(cc(c1)NC(=O)CCl)c2cc3c(s2)CCCC3,WAR-XCH-bdd-24,x1334,-3.808669,active-covalent,3.167811,3.6663487,0.019453995
C[C@@H]1CCC[C@@H](C1)[C@@H]2CN(CC[N@]2[C@@H]3CCCC[C@H]3[NH+]4CCOCC4)C(=O)CS,KAT-FAI-9b6-3,x0708,-3.808011,active-covalent,6.2380605,6.768196,0.037074093
CN(C)C(=O)c1ccc(c(c1)C[NH+]2CCN(CC2)C(=O)CCl)CNS(=O)(=O)C,TAM-UNI-d1c-4,x0692,-3.725492,active-covalent,9.107819,10.042216,0.05441428
COc1cc(c(nc1)CNC(=O)N2CCOCC2)C[NH+]3CCN(CC3)C(=O)CCl,DAR-DIA-fb2-18,x0305,-3.715890,active-noncovalent,7.7177076,8.291723,0.062360134
c1cc(cc(c1)C#N)CCc2ccnc(c2)[C@@H]3CCCN(C3)C(=O)CCl,WAR-XCH-bdd-19,x1334,-3.700049,active-covalent,2.9522424,3.3245432,0.008092014
C=CC(=O)N1CCN(CC1)S(=O)(=O)c2ccccc2c3ccc(cc3)Nc4ccc(cn4)C#N,JAN-GHE-bf4-2,x0692,-3.641435,active-covalent,3.0005882,3.9645493,0.095841534
C1CCC(CC1)C#CC2(CCCCC2)[NH2+]C3CCN(CC3)C(=O)CCl,WAR-XCH-b03-7,x1458,-3.589585,active-covalent,2.8648307,3.3448427,0.0106882015
Cc1ccc(c(c1)S(=O)(=O)N2CCN(CC2)C(=O)CCl)C,WAR-XCH-79d-6,x1478,-3.587647,active-covalent,3.102138,3.599305,0.022821989
c1c(cnc(c1C[NH+]2CCN(CC2)C(=O)CCl)CNC(=O)N3CCOCC3)C#N,DAR-DIA-fb2-17,x0195,-3.553147,active-noncovalent,5.1929092,6.3173556,0.079380974
C[C@](Cc1cccc(c1)C[NH+]2CCN(CC2)C(=O)CCl)(CO)COc3c[nH]c4c3cc(cc4)F,MAK-UNK-69e-1,x0104,-3.540390,active-noncovalent,8.222254,9.819401,0.15744495
C1CCN(CC1)C(=O)C2CCN(CC2)C(=O)CCl,VIR-GIT-7b3-2,x1380,-3.481020,active-covalent,3.2890604,3.7820938,0.03367203
c1cc(c(cc1Cl)C[NH+]2CCN(CC2)C(=O)CCl)CNS(=O)(=O)N3CCOCC3,STU-CHA-6d5-1,x1249,-3.463517,active-noncovalent,9.905239,10.607738,0.047340397
c1ccc(cc1)C2(CCCCC2)[NH+]3CCN(CC3)C(=O)CCl,WAR-XCH-79d-7,x1478,-3.456313,active-covalent,2.9889765,3.490636,0.016651105
c1cc(cc(c1)Cl)C[N@H+]2CCN(C[C@@H]2c3ccc(cc3)Cl)C(=O)CCl,DAN-LON-a5f-6,x0770,-3.445186,active-covalent,8.519554,9.241642,0.030759966
C[C@@H](Cc1cc(c(cc1[C@H]2CN(CCO2)C(=O)C=C)F)F)Nc3ccc(cn3)C#N,BEN-VAN-77c-11,x0759,-3.423838,active-covalent,7.960715,8.939338,0.0578373
C[C@H](N)[NH2+][C@@H](CC(=O)N)C(=O)N[C@H]1CC[C@H](CN1C(=O)CCl)c2nc3cc(ccc3s2)c4ccc(c(c4)S(=O)(=O)N)[O-],DAV-CRI-f9b-7,x0749,-3.423652,active-covalent,7.082987,8.256178,0.06472014
CC(C)N(C)C(=O)C1CCN(CC1)C(=O)CCl,VIR-GIT-7b3-3,x1458,-3.390148,active-covalent,3.028666,3.4979036,0.037007198
C=CC(=O)N1C[C@@H]2CN(C[C@@H]2C1)S(=O)(=O)c3c(cccc3F)OCCCNc4ccc(cn4)C#N,JAN-GHE-bf4-3,x0305,-3.371951,active-noncovalent,3.6989918,5.5366473,0.11312448
c1cc(cc(c1)CSCC(=O)C[NH+]2CCC(CC2)O)C[NH+]3CCN(CC3)C(=O)CCl,MAK-UNK-e4a-7,x0692,-3.367372,active-covalent,3.1005611,3.530323,0.039175104
C[C@@H](Cc1cc(ccc1[C@H]2CN(CCO2)C(=O)C=C)F)Nc3ccc(cn3)C#N,BEN-VAN-77c-10,x0759,-3.355216,active-covalent,6.93249,8.331517,0.07538538
c1ccc(cc1)[C@@H]2c3cc(ccc3[C@H](N(C2=O)C(=O)CCl)[C@H]4CS(=O)(=O)C[C@@H]4N5CCCC5=O)F,DAV-CRI-f47-4,x1392,-3.306824,active-covalent,2.9361322,3.3031352,0.024176588
C[C@@H]([C@@]1(C=C(C=C1c2ccccc2F)C[NH2+]C)S(=O)(=O)c3cccnc3)N(C)C(=O)C4CCN(CC4)C(=O)CCl,MAK-UNK-8fd-4,x0305,-3.253440,active-noncovalent,7.3411155,8.450836,0.07550643
C[C@@H](Cc1c(ccc(c1F)F)[C@H]2CN(CCO2)C(=O)C=C)Nc3ccc(cn3)C#N,BEN-VAN-77c-12,x0759,-3.237170,active-covalent,7.2637153,8.452271,0.0595948
c1cncc(c1C[N@@H+]2CCCN(CC2)C(=O)CCl)Nc3cc4c(s3)CCCC4,WAR-XCH-bdd-25,x1334,-3.233390,active-covalent,4.1645722,5.1474385,0.046726182
CNc1c(cnc(n1)C[NH+]2CCN(CC2)C(=O)CCl)c3ccsc3,MAK-UNK-e4a-23,x0387,-3.230167,active-noncovalent,3.2140603,3.8701286,0.03407196
Cn1ccc2c1c(ccc2)CCc3ccnc(c3)[C@@H]4CCCN(C4)C(=O)CCl,WAR-XCH-bdd-20,x1334,-3.216296,active-covalent,3.282521,3.758589,0.035820674
COCCNc1c(c(c(c(n1)F)C#N)Nc2cscc2[C@@H]3CCC[C@@H]3C(=O)NC(=O)C=C)F,BEN-VAN-d2b-11,x0874,-3.166244,active-noncovalent,3.5389967,4.4505067,0.105662316
c1cc(c(cc1C#N)C[NH+]2CCN(CC2)C(=O)CCl)CNC(=O)N3CCOCC3,TAM-UNI-d1c-1,x1392,-3.116615,active-covalent,3.1051133,3.9836578,0.043190073
CC(C)N(c1c(cccn1)S(=O)(=O)n2cc(cc2c3ccccc3F)C[NH2+]C)C(=O)C4CCN(CC4)C(=O)CCl,MAK-UNK-8fd-25,x0305,-3.104195,active-noncovalent,7.0016403,7.9509172,0.073283084
C[C@H](N)[NH2+][C@@H](CC(=O)N)C(=O)N[C@H]1CC[C@H](CN1C(=O)CCl)c2nc3cc(ccc3s2)Cc4ccc(cc4)S(=O)(=O)N,DAV-CRI-f9b-9,x0749,-3.083346,active-covalent,7.934186,8.468864,0.047595892
CC(=O)N[C@@H](Cc1ccc(cc1)O)C(=O)NCC[NH+]2CCN(CC2)C(=O)CCl,NIM-UNI-ed9-2,x0967,-3.080068,active-noncovalent,5.6396904,6.752238,0.10552867
Cc1ccc2c(c1)[C@H](C(=O)N([C@@H]2[C@H]3CS(=O)(=O)C[C@@H]3N4CCCC4=O)C(=O)CCl)c5ccccc5,DAV-CRI-f47-6,x1392,-3.076247,active-covalent,2.9890683,3.278927,0.0077318046
c1ccc(cc1)[C@@H]2c3cc(ccc3[C@H](N(C2=O)C(=O)CCl)[C@H]4CS(=O)(=O)C[C@@H]4N5CCCC5=O)O,DAV-CRI-f47-5,x1392,-3.063451,active-covalent,,,
CC(=O)NCCCc1cn(c2c1ccc(c2)[C@H]3CN(Cc4c3cccc4)C(=O)CCl)C,TAM-UNI-d1c-11,x1392,-3.047361,active-covalent,3.266761,4.285223,0.07437277
CCNc1cc(c(cn1)C#N)Nc2c(csc2F)[C@@H]3CCC[C@@H]3C(=O)NC(=O)C=C,BEN-VAN-d2b-13,x0874,-2.854450,active-noncovalent,5.117492,5.746029,0.044397615
COc1ccc(cc1)n2cc(nn2)C[NH+]3CCN(CC3)C(=O)CCl,ANT-STE-dbb-1,x1386,-2.789942,active-covalent,5.640046,5.8404927,0.045553964
C=CC(=O)N1CC(C1)NS(=O)(=O)c2c(cccc2F)OCCCNc3ccc(cn3)C#N,JAN-GHE-bf4-8,x0692,-2.647098,active-covalent,3.70641,4.47715,0.0435328
C[C@@H](c1ccc(c(c1)F)c2cc(cn2S(=O)(=O)c3cccnc3)C[NH2+]C)N(C)C(=O)C4CCN(CC4)C(=O)CCl,MAK-UNK-8fd-13,x0305,-2.646001,active-noncovalent,4.7146144,6.177862,0.08094225
c1cc(c(cc1Cl)C[NH+]2CCN(CC2)C(=O)CCl)CNC(=O)N3CCOCC3,STU-CHA-6ca-1,x1249,-2.579540,active-noncovalent,6.2927294,6.7305427,0.037287578
CC(C)N(c1ccncc1S(=O)(=O)n2cc(cc2c3ccccc3F)C[NH2+]C)C(=O)C4CCN(CC4)C(=O)CCl,MAK-UNK-8fd-21,x0305,-2.502165,active-noncovalent,3.9197245,4.466458,0.025024086
c1ccc(c(c1)C[N@@H+](C2CCC(CC2)O)C3CCN(CC3)C(=O)CCl)C#N,WAR-XCH-72a-6,x1418,-2.492003,active-covalent,7.9962544,8.538525,0.04276098
Cc1ccc2c(c1)[C@H](C(=O)N([C@@H]2[C@H]3CS(=O)(=O)C[C@@H]3N4CCCC4=O)C(=O)CCl)c5ccc(cc5)O,DAV-CRI-f47-8,x1392,-2.329210,active-covalent,,,
C[C@H](N)[NH2+][C@@H](CC(=O)N)C(=O)N[C@H]1CC[C@H](CN1C(=O)CCl)c2nc3cc(ccc3s2)c4ccc(cc4)S(=O)(=O)N,DAV-CRI-f9b-1,x0749,-2.319822,active-covalent,,,
C[C@H](Nc1cccnc1Cl)OCc2cc(ccc2F)[C@@H]3CN(CCO3)C(=O)C=C,BEN-VAN-77c-4,x0759,-2.302989,active-covalent,8.679101,9.385246,0.0510861
c1ccc(cc1)C[C@H]2C[N@@H+](CCN2C(=O)CCl)Cc3cccc(c3)Cl,DAN-LON-a5f-10,x0770,-2.224048,active-covalent,2.914128,3.3622694,0.016527928
CCC(=O)/N=C/C(=O)N(CC[NH+]1CCOCC1)Cc2c(ccs2)Br,JUA-UNI-bc0-3,x1382,-2.198053,active-covalent,,,
Cc1ncc(s1)C2(CCCCC2)[NH+]3CCN(CC3)C(=O)CCl,WAR-XCH-79d-9,x1478,-2.189257,active-covalent,2.946113,3.5023575,0.026866877
c1ccc(cc1)CCNS(=O)(=O)CC(=O)N[C@H](Cc2ccc(cc2)O)C(=O)NCC#CBr,MAK-UNK-c44-8,x0072,-2.181119,active-noncovalent,5.605107,6.343585,0.030471964
C1CN(CCC1[NH+]2CCN(CC2)C(=O)CCl)C(=O)CCl,WAR-XCH-b03-18,x1493,-2.098330,active-covalent,8.3478365,8.771611,0.042521454
Cc1ccc2c(c1)[C@H](CN([C@@H]2[C@H]3CS(=O)(=O)C[C@@H]3N4CCCC4=O)C(=O)CCl)c5ccccc5,DAV-CRI-f47-1,x1384,-2.095085,active-covalent,9.220733,10.038219,0.06704017
C[C@@H](C(=O)N)NC(=O)[C@@H]1[C@@H](CC1(F)F)c2cccc3c2CN([C@H]([C@H]3c4ccccc4)c5cc(ncn5)NC(=O)N)C(=O)CCl,INS-INS-abe-1,x1392,-2.085247,active-covalent,4.8662305,5.6181245,0.038608942
C[C@@H](C(=O)N)NC(=O)[C@@H]1[C@@H](CC1(F)F)c2cccc3c2CN([C@H]([C@H]3c4ccccc4)c5cc(ncn5)NC(=O)N)C(=O)CCl,INS-INS-9a4-1,x1392,-2.085247,active-covalent,3.2423563,3.8706746,0.050899405
c1cc2c(cc1C(=O)N)Sc3ccc(cc3C(=[NH+]2)NC(=O)CCl)Cl,AVI-UNI-a66-3,x1382,-2.080060,active-covalent,3.047645,3.463392,0.018011302
Cc1ccc(cc1)S(=O)(=O)NC2CCN(CC2)C(=O)CCl,WAR-XCH-79d-4,x1478,-2.043401,active-covalent,2.958253,3.3988738,0.015092734
C[C@@H](c1cccc(c1c2cc(cn2S(=O)(=O)c3cccnc3)C[NH2+]C)F)N(C)C(=O)C4CCN(CC4)C(=O)CCl,MAK-UNK-8fd-15,x0305,-1.952273,active-noncovalent,9.673618,10.970919,0.06409642
c1ccc(cc1)C[NH2+][C@@H]2CN(CC[C@H]2NC(=O)c3ccccc3)C(=O)CCl,SIM-SYN-7db-1,x0692,-1.935841,active-covalent,6.5559015,6.9368496,0.020581935
COC(=O)c1cccc(c1)NS(=O)(=O)CC(=O)Nc2cccc(c2)N3CCCC3=O,MAK-UNK-915-1,x1384,-1.811847,active-covalent,9.306401,9.957545,0.042733878
C=CS(=O)(=O)[N@]1CCC[C@@H](C1)c2cn(nn2)c3ccc4c(c3)nc[nH]4,TOB-UNK-c2a-7,x1386,-1.751881,active-covalent,6.896556,8.0490465,0.074821286
c1cc(ccc1CNC(=O)N2CCO[C@@H](C2)Cc3cc(ccc3Cl)S(=O)(=O)N4CCN(CC4)C(=O)CCl)C#N,PED-UNI-b79-2,x1249,-1.733013,active-noncovalent,3.165352,3.8238044,0.06139034
C[C@H](Nc1cccnc1Cl)OCc2cc(cc(c2F)F)[C@@H]3CN(CCO3)C(=O)C=C,BEN-VAN-77c-5,x0759,-1.698888,active-covalent,8.499125,9.28725,0.06443071
c1ccc(cc1)[C@H]2CN([C@@H](c3c2cc(cc3)O)[C@H]4CS(=O)(=O)C[C@@H]4N5CCCC5=O)C(=O)CCl,DAV-CRI-f47-3,x1392,-1.680602,active-covalent,8.3879795,9.403325,0.050333172
Cc1cc(co1)c2cccc(c2)[C@@H]3c4cccc(c4CN([C@@H]3c5cc(ncn5)NC(=O)N)C(=O)CCl)C6CC(C6)(F)F,INS-INS-68e-1,x1392,-1.678821,active-covalent,,,
CCC(=O)/N=C/C(=O)N(Cc1ccccc1)C[C@@H](c2cccs2)O,JUA-UNI-bc0-1,x1382,-1.635661,active-covalent,,,
C[C@H](Nc1cccnc1Cl)OCc2cc(c(cc2F)F)[C@@H]3CN(CCO3)C(=O)C=C,BEN-VAN-77c-6,x1478,-1.539723,active-covalent,2.8399787,3.4879656,0.015766654
COc1cccc(c1)n2cc(nn2)C[NH+]3CCN(CC3)C(=O)CCl,ANT-STE-dbb-2,x1386,-1.467141,active-covalent,3.6487942,5.0437684,0.08397972
C=CC(=O)N1CC(C1)NS(=O)(=O)c2ccccc2c3ccc(cc3)Nc4ccc(cn4)C#N,JAN-GHE-bf4-5,x0692,-1.451895,active-covalent,3.366229,4.374091,0.08519835
Cc1cc(nc(n1)NC2CCN(CC2)C(=O)CCl)C,GIA-UNK-a79-1,x1351,-1.436659,active-covalent,3.134098,3.5549982,0.01612868
c1cc(cc(c1)NC(=O)c2cnc(s2)Cc3ccsc3)C[NH+]4CCN(CC4)C(=O)CCl,MAK-UNK-e4a-8,x0692,-1.424988,active-covalent,3.0728447,3.7901454,0.05540571
CC(C)N(C=[S@@](=O)(c1cccnc1)n2cc(cc2c3ccccc3F)C[NH2+]C)C(=O)C4CCN(CC4)C(=O)CCl,MAK-UNK-8fd-20,x0305,-1.423294,active-noncovalent,5.1290727,5.725889,0.029954769
CC(=O)N[C@@H](Cc1ccc(cc1)O)C(=O)N[C@@H](c2ccccc2)[NH+]3CCN(CC3)C(=O)CCl,NIM-UNI-ed9-3,x0967,-1.408819,active-noncovalent,,,
Cn1ccc2c1c(ccc2)c3cc(ccn3)CCC4CCN(CC4)C(=O)CCl,WAR-XCH-bdd-22,x1334,-1.368689,active-covalent,6.16662,7.0502872,0.09827968
c1ccc2c(c1)c(nc(n2)c3cccnc3)[C@@H]4CCCN(C4)C(=O)CCl,WAR-XCH-bdd-16,x1334,-1.345714,active-covalent,3.0099287,3.6188319,0.037734605
CC(C)N(C(=O)C1CCN(CC1)C(=O)CCl)[C@@]2(C=C(C=C2c3ccccc3F)C[NH2+]C)S(=O)(=O)c4cccnc4,MAK-UNK-8fd-19,x0305,-1.215507,active-noncovalent,9.71799,10.381753,0.06658951
c1ccc2c(c1)c(nc(n2)c3cccnc3)C4CCN(CC4)C(=O)CCl,WAR-XCH-b03-19,x1458,-0.831118,active-covalent,3.1137896,3.5983236,0.022356912
c1cncc(c1C[NH+]2CCN(CC2)C(=O)CCl)Nc3cc4c(s3)CCCC4,WAR-XCH-bdd-26,x1334,-0.827863,active-covalent,6.7313523,8.115368,0.08333759
C[C@H](Cc1ccccc1c2cc(cn2S(=O)(=O)c3cccnc3)C[NH2+]C)N(C)C(=O)C4CCN(CC4)C(=O)CCl,MAK-UNK-8fd-11,x0305,-0.753580,active-noncovalent,,,
C=CC(=O)NC1CN(C1)S(=O)(=O)c2ccccc2c3ccc(cc3)Nc4ccc(cn4)C#N,JAN-GHE-bf4-6,x0692,-0.717830,active-covalent,6.8181286,7.385705,0.032783844
C=CS(=O)(=O)N1CC[NH+](CC1)Cc2cn(nn2)c3ccc4c(c3)nc[nH]4,TOB-UNK-c2a-5,x1386,-0.714680,active-covalent,6.4834175,7.7240963,0.05217248
c1ccc(cc1)[C@H]2CN(Cc3c2ccc(c3)NCc4cc(n(c4)S(=O)(=O)c5cccnc5)c6ccccc6F)C(=O)CCl,MAK-UNK-702-9,x0387,-0.669664,active-noncovalent,3.4746387,4.5011554,0.09990222
c1ccc(cc1)[C@H]2CN(Cc3c2c(ccc3)NCc4cc(n(c4)S(=O)(=O)c5cccnc5)c6ccccc6F)C(=O)CCl,MAK-UNK-702-11,x0387,-0.525374,active-noncovalent,6.999794,8.071104,0.10385957
C=CC(=O)NC1CN(C1)S(=O)(=O)c2c(cccc2F)OCCCNc3ccc(cn3)C#N,JAN-GHE-bf4-7,x0305,-0.409975,active-noncovalent,9.70817,10.464115,0.045711126
CC(C)N(c1ccc(c(c1)c2cc(cn2S(=O)(=O)c3cccnc3)C[NH2+]C)F)C(=O)C4CCN(CC4)C(=O)CCl,MAK-UNK-8fd-30,x0305,-0.370065,active-noncovalent,10.625736,11.488822,0.04882044
c1c2c(sc1N(C3CCC(CC3)O)C4CCN(CC4)C(=O)CCl)CCCC2,WAR-XCH-bdd-32,x1334,-0.314765,active-covalent,3.7157104,4.691681,0.058983855
Cc1ccc(cc1)N([C@H](c2ccc(cc2)O)C(=O)NC3CCCCC3)C(=O)[C@@H]4C(S(=O)(=O)[C@@H]5N4C(=O)C5)(C)C,FAR-UNI-956-1,x0759,-0.313162,active-covalent,,,
C[C@H](Cc1cc(n(c1)S(=O)(=O)c2cccnc2)c3ccccc3F)[C@H](C)N(C)C(=O)C4CCN(CC4)C(=O)CCl,MAK-UNK-8fd-2,x0305,-0.236167,active-noncovalent,6.914778,7.55471,0.07797075
CC(C)N(c1cccc(c1F)c2cc(cn2S(=O)(=O)c3cccnc3)C[NH2+]C)C(=O)C4CCN(CC4)C(=O)CCl,MAK-UNK-8fd-27,x0305,-0.202656,active-noncovalent,10.666473,11.149717,0.053181347
C[C@@H](c1ccncc1S(=O)(=O)n2cc(cc2c3ccccc3F)C[NH2+]C)N(C)C(=O)C4CCN(CC4)C(=O)CCl,MAK-UNK-8fd-6,x0305,-0.173815,active-noncovalent,10.914884,11.713291,0.05105082
C[C@@H](c1ccc(cn1)S(=O)(=O)n2cc(cc2c3ccccc3F)C[NH2+]C)N(C)C(=O)C4CCN(CC4)C(=O)CCl,MAK-UNK-8fd-8,x0305,-0.056872,active-noncovalent,4.497823,5.390909,0.05191065
CC(C)[N@@H+](C)[C@@H](/C=N/Cc1cc(n(c1)S(=O)(=O)c2cccnc2)c3ccccc3F)C4CCN(CC4)C(=O)CCl,MAK-UNK-8fd-39,x0305,-0.024756,active-noncovalent,10.076428,11.33152,0.06227997
Cc1ccc2cc(cc(c2c1)N([C@H]3CCS(=O)(=O)C3)C(=O)CCl)c4c(cc[nH]4)C(=O)c5ccc(c(c5)Cl)C,INS-INS-8db-1,x1311,-0.011295,active-covalent,2.954845,3.4884691,0.05020786
c1ccc2c(c1)cccc2Cc3ccc(s3)S(=O)(=O)N4CCN(CC4)C(=O)CCl,MAK-UNK-e05-8,x1402,0.017614,active-covalent,7.1438103,7.735773,0.05480659
CN(CC(=O)[C@H]1CCCN1C(=O)c2ccccc2)C(=O)CCl,GIA-UNK-d2d-9,x0540,0.028600,active-noncovalent,3.8838768,5.6437044,0.13268515
c1cc(ccc1CNC(=O)N2CCO[C@@H](C2)Cc3cc(ccc3Cl)S(=O)(=O)N4CCN(CC4)C(=O)CCl)N(=O)=O,PED-UNI-b79-1,x1249,0.091272,active-noncovalent,3.3390794,4.4018154,0.064315416
CC(C)N(Cc1ccccc1c2cc(cn2S(=O)(=O)c3cccnc3)C[NH2+]C)C(=O)C4CCN(CC4)C(=O)CCl,MAK-UNK-8fd-26,x0305,0.106145,active-noncovalent,11.613047,12.828982,0.12028417
c1ccc(cc1)[C@H]2CN(Cc3c2cc(cc3)NCc4cc(n(c4)S(=O)(=O)c5cccnc5)c6ccccc6F)C(=O)CCl,MAK-UNK-702-10,x0387,0.205776,active-noncovalent,6.688508,7.1968684,0.027784633
C[C@@H](C[NH2+]Cc1cc(n(c1)S(=O)(=O)c2cccnc2)c3ccccc3F)N(C)C(=O)C4CCN(CC4)C(=O)CCl,MAK-UNK-8fd-1,x0305,0.267145,active-noncovalent,5.1968503,5.610857,0.028563475
C1CCC(CC1)C(=O)N2CCC[C@@H]2C(=O)CNC(=O)CCl,GIA-UNK-d2d-8,x0540,0.300617,active-noncovalent,4.4844637,5.290753,0.07203995
CC(C)N(c1cccc(c1c2cc(cn2S(=O)(=O)c3cccnc3)C[NH2+]C)F)C(=O)C4CCN(CC4)C(=O)CCl,MAK-UNK-8fd-31,x0305,0.410786,active-noncovalent,10.995717,12.000612,0.0738429
C[C@H](N)[NH2+][C@@H](CC(=O)N)C(=O)N[C@H]1CC[C@H](CN1C(=O)CCl)c2nc3cc(ccc3s2)c4ccc(c(c4)[O-])S(=O)(=O)N,DAV-CRI-f9b-5,x0749,0.436184,active-covalent,6.9295616,7.657088,0.025351997
CC(C)[C@@](C)(C(=O)C1CCN(CC1)C(=O)CCl)[NH2+]Cc2cc(n(c2)S(=O)(=O)c3cccnc3)c4ccccc4F,MAK-UNK-8fd-40,x0305,0.491287,active-noncovalent,10.303468,11.896247,0.18464006
CC(C)N(C)C(=O)[C@H]1CCN([C@@H](C1)[NH2+]Cc2cc(n(c2)S(=O)(=O)c3cccnc3)c4ccccc4F)C(=O)CCl,MAK-UNK-8fd-36,x0305,0.688050,active-noncovalent,9.73175,10.519235,0.04730136
CC(C)N(C[NH2+]Cc1cc(n(c1)S(=O)(=O)c2cccnc2)c3ccccc3F)C(=O)C4CCN(CC4)C(=O)CCl,MAK-UNK-8fd-16,x0305,0.689232,active-noncovalent,3.394093,4.144868,0.074773215
c1ccc(cc1)C(=O)N2CCC[C@@H]2C(=O)CNC(=O)CCl,GIA-UNK-d2d-7,x0540,0.716351,active-noncovalent,3.6625376,4.5118604,0.045294493
C[C@@H](c1cc(cnc1)S(=O)(=O)n2cc(cc2c3ccccc3F)C[NH2+]C)N(C)C(=O)C4CCN(CC4)C(=O)CCl,MAK-UNK-8fd-7,x0305,0.717149,active-noncovalent,9.976438,11.118757,0.057446986
c1ccc(cc1)[C@@H]2CN([C@H](c3c2cccc3)[NH2+]Cc4cc(n(c4)S(=O)(=O)c5cccnc5)c6ccccc6F)C(=O)CCl,MAK-UNK-702-5,x0387,0.776862,active-noncovalent,3.5348964,4.7933173,0.07864636
C[C@@H](c1ccc(c(c1)c2cc(cn2S(=O)(=O)c3cccnc3)C[NH2+]C)F)N(C)C(=O)C4CCN(CC4)C(=O)CCl,MAK-UNK-8fd-14,x0305,0.793131,active-noncovalent,11.936661,13.439232,0.06449894
C[C@@H](c1cccc(c1)S(=O)(=O)n2cc(cc2c3ccccc3F)C[NH2+]C)N(C)C(=O)C4CCN(CC4)C(=O)CCl,MAK-UNK-8fd-9,x0305,0.831258,active-noncovalent,5.3395534,6.4501905,0.03839754
CC(C)N([C@@H](c1cc(n(c1)S(=O)(=O)c2cccnc2)c3ccccc3F)[NH2+]C)C(=O)C4CCN(CC4)C(=O)CCl,MAK-UNK-8fd-18,x0305,0.848668,active-noncovalent,10.553257,11.714482,0.09575532
C[C@@H](C=[S@@](=O)(c1cccnc1)n2cc(cc2c3ccccc3F)C[NH2+]C)N(C)C(=O)C4CCN(CC4)C(=O)CCl,MAK-UNK-8fd-5,x0305,0.916315,active-noncovalent,8.767566,10.677055,0.20866582
CC(C)N(c1ccc(c(c1)F)c2cc(cn2S(=O)(=O)c3cccnc3)C[NH2+]C)C(=O)C4CCN(CC4)C(=O)CCl,MAK-UNK-8fd-29,x0305,1.097454,active-noncovalent,11.889367,12.662061,0.045524262
CC(C)N(c1ccc(c(c1)F)c2cc(cn2S(=O)(=O)c3cccnc3)C[NH2+]C)C(=O)C4CCN(CC4)C(=O)CCl,MAK-UNK-8fd-28,x0305,1.097454,active-noncovalent,10.90755,11.266652,0.062731825
C[C@@H](c1c(cccn1)S(=O)(=O)n2cc(cc2c3ccccc3F)C[NH2+]C)N(C)C(=O)C4CCN(CC4)C(=O)CCl,MAK-UNK-8fd-10,x0305,1.316514,active-noncovalent,8.284362,9.010014,0.092899166
C[C@@H](c1cccc(c1F)c2cc(cn2S(=O)(=O)c3cccnc3)C[NH2+]C)N(C)C(=O)C4CCN(CC4)C(=O)CCl,MAK-UNK-8fd-12,x0305,1.335625,active-noncovalent,4.1807957,5.642197,0.06402706
c1ccc2c(c1)CN(C[C@@H]2c3ccc(cc3)NCc4cc(n(c4)S(=O)(=O)c5cccnc5)c6ccccc6F)C(=O)CCl,MAK-UNK-702-14,x0387,1.682573,active-noncovalent,8.421667,8.959159,0.033861216
C1CC=C(C(=C1)C#N)C2=NC(=[NH+][C@H]([C@@H]2C#N)O)SCC(=O)NC3=CCN=C[C@@H]3C(F)F,JON-UIO-cc9-8,x1382,1.878609,active-covalent,,,
CC(C)N(C)C(=O)C1(CCN(CC1)C(=O)CCl)[NH2+]Cc2cc(n(c2)S(=O)(=O)c3cccnc3)c4ccccc4F,MAK-UNK-8fd-38,x0305,2.017221,active-noncovalent,8.872144,10.792535,0.17529517
CC(C)N(C)C(=O)[C@@H]1CCN(C[C@H]1[NH2+]Cc2cc(n(c2)S(=O)(=O)c3cccnc3)c4ccccc4F)C(=O)CCl,MAK-UNK-8fd-37,x0305,2.352189,active-noncovalent,5.8031025,6.9639225,0.040865935
CC(C)N(c1cc(cnc1)S(=O)(=O)n2cc(cc2c3ccccc3F)C[NH2+]C)C(=O)C4CCN(CC4)C(=O)CCl,MAK-UNK-8fd-22,x0305,2.377596,active-noncovalent,13.688787,14.039154,0.07706845
C[C@H](Cc1cc(n(c1)S(=O)(=O)c2cccnc2)c3ccccc3F)N(C(C)C)C(=O)C4CCN(CC4)C(=O)CCl,MAK-UNK-8fd-17,x0305,2.419015,active-noncovalent,11.351929,12.607409,0.08010088
c1cc(cc(c1)C(F)(F)F)C(=O)c2ccsc2c3cc4c(c(c3)N([C@H]5CCS(=O)(=O)C5)C(=O)CCl)C(=O)NC4,INS-INS-a68-1,x1311,2.477818,active-covalent,3.067365,3.6095178,0.03567999
c1ccc(cc1)[C@H]2CN(Cc3c2cccc3NCc4cc(n(c4)S(=O)(=O)c5cccnc5)c6ccccc6F)C(=O)CCl,MAK-UNK-702-8,x0387,2.560536,active-noncovalent,9.227091,9.78693,0.06850791
CC(C)N(c1cccc(c1)S(=O)(=O)n2cc(cc2c3ccccc3F)C[NH2+]C)C(=O)C4CCN(CC4)C(=O)CCl,MAK-UNK-8fd-24,x0305,2.566427,active-noncovalent,10.171643,11.20385,0.06850633
CC(C)([NH2+]Cc1cc(n(c1)S(=O)(=O)c2cccnc2)c3ccccc3F)N(C)C(=O)C4CCN(CC4)C(=O)CCl,MAK-UNK-8fd-41,x0305,2.606719,active-noncovalent,3.2643433,3.9122283,0.05010096
C=CC(=O)Nc1cc(ccc1O)C(=O)NC[C@H](Cc2ccccc2)c3ccccn3,JUA-UNI-bc0-5,x1382,2.881295,active-covalent,,,
C=CC(=O)NCc1ccc(cc1)C(=O)N[C@H](CO)c2ccc(c(c2)F)Br,JUA-UNI-bc0-4,x1382,3.064626,active-covalent,8.133679,8.908057,0.038008966
C[C@@H]([C@H](c1cc(n(c1)S(=O)(=O)c2cccnc2)c3ccccc3F)[NH2+]C)N(C)C(=O)C4CCN(CC4)C(=O)CCl,MAK-UNK-8fd-3,x0305,3.172751,active-noncovalent,9.070623,10.379734,0.08227914
c1ccc2c(c1)CN(C[C@@H]2c3ccccc3NCc4cc(n(c4)S(=O)(=O)c5cccnc5)c6ccccc6F)C(=O)CCl,MAK-UNK-702-12,x0387,3.560473,active-noncovalent,8.475668,9.361605,0.049811162
c1ccc2c(c1)CN(C[C@@H]2c3ccccc3NCc4cc(n(c4)S(=O)(=O)c5cccnc5)c6ccccc6F)C(=O)CCl,MAK-UNK-702-16,x0387,3.560473,active-noncovalent,9.906961,10.246855,0.04959861
CC(C)N(c1ccc(cn1)S(=O)(=O)n2cc(cc2c3ccccc3F)C[NH2+]C)C(=O)C4CCN(CC4)C(=O)CCl,MAK-UNK-8fd-23,x0305,3.987191,active-noncovalent,6.331222,8.378713,0.1131757
c1ccc(cc1)[C@@]2(CN(Cc3c2cccc3)C(=O)CCl)[NH2+]Cc4cc(n(c4)S(=O)(=O)c5cccnc5)c6ccccc6F,MAK-UNK-702-6,x0387,4.207771,active-noncovalent,4.207862,4.911997,0.02827743
c1cc(cc(c1)C(F)(F)F)C(=O)c2ccsc2c3cc4c(c(c3)N([C@H]5CCS(=O)(=O)C5)C(=O)CCl)C[C@H](C4)C#N,INS-INS-bc9-1,x1311,4.534545,active-covalent,5.8676505,6.7187195,0.041165825
CC1(Cc2cc(cc(c2C1=O)N([C@H]3CCS(=O)(=O)C3)C(=O)CCl)c4ccnn4c5nnc6n5ccc(c6)C(=O)NC)C,INS-INS-7e2-1,x1311,5.337206,active-covalent,7.8160267,8.485408,0.047225058
CCCC(=O)c1ccsc1c2cc(cc(c2)N([C@H]3CCS(=O)(=O)C3)C(=O)CCl)c4ccc5c(c4C(C)C)CCO5,INS-INS-714-1,x1311,5.865649,active-covalent,2.8913655,3.2638247,0.008711922
Cc1cc(c2c(c1)c(c([nH]2)C)C)CNC(=O)c3ccc(cc3)CNC(=O)C=C,JUA-UNI-bc0-2,x1382,5.880832,active-covalent,9.674615,10.318517,0.051944595
c1ccc2c(c1)CN(C[C@@H]2c3cccc(c3)NCc4cc(n(c4)S(=O)(=O)c5cccnc5)c6ccccc6F)C(=O)CCl,MAK-UNK-702-13,x0387,6.719999,active-noncovalent,5.1490207,5.458382,0.037798267
c1ccc2c(c1)CN(C[C@@H]2c3cccc(c3)NCc4cc(n(c4)S(=O)(=O)c5cccnc5)c6ccccc6F)C(=O)CCl,MAK-UNK-702-15,x0387,6.719999,active-noncovalent,3.3906624,3.7495368,0.021587541
c1cc2cc(c(cc2c(c1)S(=O)(=O)N3CC[NH+](CC3)Cc4ccc(s4)S(=O)(=O)N5CCN(CC5)C(=O)CCl)Cc6cccs6)CCc7ccc(s7)Cl,MAK-UNK-e05-1,x1402,6.889365,active-covalent,7.1930847,8.361605,0.07583941
c1cc2cc(c(cc2c(c1)S(=O)(=O)N3CC[NH+](CC3)Cc4ccc(s4)S(=O)(=O)N5CCN(CC5)C(=O)CCl)Cc6ccsc6)Cc7ccc(s7)Cl,MAK-UNK-e05-3,x1402,6.921484,active-covalent,7.4183397,8.107939,0.050711054
c1cc2cc(c(cc2c(c1)S(=O)(=O)N3CC[NH+](CC3)Cc4ccc(s4)S(=O)(=O)N5CCN(CC5)C(=O)CCl)Cc6ccsc6)Cc7ccc(s7)Cl,MAK-UNK-e05-4,x1402,6.921484,active-covalent,6.7951922,7.9130144,0.118171446
Cc1cc(ccc1[C@H]2[C@@H]([C@H]([C@@H](O2)CO)OC[NH+]3CCC(CC3)O)O)C[NH+]4CCN(CC4)C(=O)CCl,MAK-UNK-e4a-19,x0692,8.078110,active-covalent,,,
c1cc2cc(c(cc2c(c1)S(=O)(=O)N3CC[NH+](CC3)Cc4ccc(s4)S(=O)(=O)N5CCN(CC5)C(=O)CCl)CCc6ccsc6)C[NH+]7CCN(CC7)c8ccc(s8)Cl,MAK-UNK-e05-5,x1402,8.088060,active-covalent,10.454042,10.918669,0.054850876
c1cc2cc(c(cc2c(c1)S(=O)(=O)N3CC[NH+](CC3)Cc4ccc(s4)S(=O)(=O)N5CCN(CC5)C(=O)CCl)CCc6ccsc6)C[NH+]7CCN(CC7)S(=O)(=O)c8ccc(s8)Cl,MAK-UNK-e05-7,x1402,8.814718,active-covalent,6.335342,7.5497775,0.101497196
c1cc2cc(c(cc2c(c1)S(=O)(=O)N3CC[NH+](CC3)Cc4ccc(s4)S(=O)(=O)N5CCN(CC5)C(=O)CCl)Cc6ccsc6)CCc7ccc(s7)Cl,MAK-UNK-e05-2,x1402,8.955384,active-covalent,10.60725,11.425968,0.027489495
c1cc2cc(c(cc2c(c1)S(=O)(=O)N3CC[NH+](CC3)Cc4ccc(s4)S(=O)(=O)N5CCN(CC5)C(=O)CCl)CCc6ccsc6)C[NH+]7CCN(CC7)S(=O)(=O)[C@H]8CC[C@@H](S8)Cl,MAK-UNK-e05-6,x1402,10.437064,active-covalent,8.248192,9.499756,0.10179653
