SMILES,TITLE,fragments,Hybrid2,site
Cc1ccncc1N[C@@H]2[C@H](c3ccccc3CN2C(=O)CCl)c4ccccc4,MIH-UNI-e57-13,x0678,-12.839993,active-noncovalent
C=CC(=O)N1CC[NH+](CC1)Cc2cccc3c2[nH]cc3CCNC(=O)c4ccc[nH]4,JAN-GHE-641-1,x0104,-12.560509,active-noncovalent
C=CC(=O)N1C[C@H]2C[NH+](C[C@H]2C1)Cc3cccc4c3[nH]cc4CCNC(=O)c5ccc[nH]5,JAN-GHE-641-4,x0104,-12.308494,active-noncovalent
C=CC(=O)N1CC(C1)[NH2+]Cc2cccc3c2[nH]cc3CCNC(=O)c4ccc[nH]4,JAN-GHE-641-2,x0104,-12.202948,active-noncovalent
C=CC(=O)NC1C[NH+](C1)Cc2cccc3c2[nH]cc3CCNC(=O)c4ccc[nH]4,JAN-GHE-641-3,x0104,-11.945398,active-noncovalent
C=CC(=O)N1CC[NH+](CC1)Cc2cccc3c2[nH]cc3CCNC(=O)[C@@H]4CCC[NH2+]4,JAN-GHE-641-6,x0104,-11.574834,active-noncovalent
c1ccc(cc1)[C@H]2c3ccccc3CN([C@@H]2Cc4c[nH]c5c4cccn5)C(=O)CCl,MIH-UNI-e57-14,x0678,-11.087617,active-noncovalent
c1ccc2c(c1)cccc2C[N@H+]3CCN([C@@H](C3)Cc4cccnc4)C(=O)CCl,MIH-UNI-e57-3,x0107,-11.060534,active-noncovalent
CC(=O)NCCc1c[nH]c2c1cc(cc2C[NH+]3CCN(CC3)C(=O)CCl)OC,DAR-DIA-fb2-14,x0104,-10.935854,active-noncovalent
c1ccc2c(c1)CN(C[C@@H]2c3ccccc3CC(=O)N)C(=O)CCl,MIH-UNI-e57-9,x0874,-10.770145,active-noncovalent
c1ccc2c(c1)CN(C[C@@H]2c3ccccc3CC(=O)N)C(=O)CCl,NIR-THE-c33-5,x0874,-10.770145,active-noncovalent
c1ccc2c(c1)cccc2C[N@H+]3CCN([C@@H](C3)c4cccnc4)C(=O)CCl,MIH-UNI-e57-2,x0107,-10.770021,active-noncovalent
c1cc(cc(c1)Cl)[C@@H](CCc2ccc(cc2)C(F)(F)F)[NH+]3CCN(CC3)C(=O)CCl,PAU-WEI-b9b-2,x0104,-10.621989,active-noncovalent
c1cc(cnc1)c2cn(c(=O)nc2NC(=O)CCl)Cc3ccsc3,NIM-UNI-7ba-4,x0678,-10.561682,active-noncovalent
c1ccc(cc1)CCNS(=O)(=O)C2(CCCCC2)CC(=O)Nc3cccnc3,MAK-UNK-b2c-6,x0678,-10.417187,active-noncovalent
c1ccc(cc1)CCNS(=O)(=O)[C@@H](C2CCCCC2)C(=O)Nc3cccnc3,MAK-UNK-b2c-5,x0678,-10.141737,active-noncovalent
c1ccc2c(c1)cc(cc2[C@@H]3CN(Cc4c3cccc4)C(=O)CCl)Cl,DAR-DIA-cab-8,x0830,-10.113053,active-covalent
c1ccc2c(c1)cc(cc2[C@@H]3CN(Cc4c3cccc4)C(=O)CCl)F,DAR-DIA-cab-7,x0830,-10.024381,active-covalent
c1cc(cc(c1)[C@@H](CCc2ccc(cc2)C(F)(F)F)[NH+]3CCN(CC3)C(=O)CCl)C#N,PAU-WEI-b9b-5,x0104,-9.970257,active-noncovalent
c1ccc2c(c1)cc(cc2C[NH+]3CCN(CC3)C(=O)CCl)C#N,DAR-DIA-fb2-6,x0830,-9.822056,active-covalent
c1ccc2c(c1)CN(C[C@@H]2c3ccc4ccc(cc4c3)S(=O)(=O)N)C(=O)CCl,MIH-UNI-e57-12,x0072,-9.803926,active-noncovalent
c1ccc2c(c1)cccc2C[N@H+]3CCN([C@@H](C3)c4c[nH]c5c4cccn5)C(=O)CCl,MIH-UNI-e57-1,x0678,-9.792763,active-noncovalent
c1ccc(c(c1)Cn2cc(c(nc2=O)NC(=O)CCl)c3cccnc3)Cl,NIM-UNI-7ba-3,x0678,-9.534260,active-noncovalent
c1c2c([nH]c1[C@@H]3CCCN(C3)C(=O)CCl)CC[C@H](C2)C[NH3+],HAR-NEW-972-1,x0749,-9.532208,active-covalent
CC(=O)NCCc1c[nH]c2c1cc(cc2[C@@H]3CN(Cc4c3cccc4)C(=O)CCl)OC,DAR-DIA-cab-4,x0195,-9.449170,active-noncovalent
c1ccc2c(c1)cc(cc2C[NH+]3CCN(CC3)C(=O)CCl)Cl,DAR-DIA-fb2-8,x0830,-9.418757,active-covalent
Cc1cccc(c1)C[C@@H]2CCN([C@H](C2)C(=O)[O-])C(=O)CCl,MAK-UNK-af8-5,x0161,-9.341013,active-noncovalent
CCNc1ccc(c(c1)C#N)Nc2cc(cc(c2)C[NH+]3CCN(CC3)C(=O)CCl)C,MAK-UNK-af8-22,x0161,-9.223373,active-noncovalent
Cc1ccccc1Cn2cc(c(nc2=O)NC(=O)CCl)c3cccnc3,NIM-UNI-7ba-2,x0678,-9.220601,active-noncovalent
c1cc(c(cc1O)C[N@H+]2CCN(C[C@H](C2)c3cc(ccc3O)O)C(=O)CCl)O,AVI-UNI-70b-2,x0107,-9.111778,active-noncovalent
c1cc(cnc1)c2cn(c(=O)nc2NC(=O)CCl)Cc3ccc(s3)Br,NIM-UNI-7ba-5,x0678,-9.069537,active-noncovalent
COc1cc2ccccc2c(c1)[C@@H]3CN(Cc4c3cccc4)C(=O)CCl,DAR-DIA-cab-9,x0830,-9.046430,active-covalent
c1ccc2c(c1)cc(cc2C[NH+]3CCN(CC3)C(=O)CCl)F,DAR-DIA-fb2-2,x0830,-8.993263,active-covalent
c1ccc2c(c1)CN(C[C@@H]2c3cccc(c3)C#N)C(=O)CCl,NIR-THE-c33-2,x0195,-8.984533,active-noncovalent
c1ccc2c(c1)nc(n2CCC(=O)Nc3cccnc3)[C@@H]4CCCN(C4)C(=O)CCl,PAU-UNI-b33-1,x0678,-8.964411,active-noncovalent
c1ccc2c(c1)CN(C[C@@H]2c3cccc(c3)N)C(=O)CCl,NIR-THE-c33-1,x0195,-8.949076,active-noncovalent
COc1cc2cc[nH]c2c(c1)[C@@H]3CN(Cc4c3cccc4)C(=O)CCl,DAR-DIA-cab-3,x0830,-8.943825,active-covalent
Cc1cccc(c1)C[C@@H]2CCN([C@H](C2)C(=O)OC)C(=O)CCl,MAK-UNK-af8-9,x0161,-8.916635,active-noncovalent
c1ccc(cc1)[C@H]2CN(C[C@@H]3C2=CC=C3[C@@H]4CN(Cc5c4cccc5)C(=O)CCl)C(=O)CCl,JAR-IMP-ed4-2,x0072,-8.895629,active-noncovalent
c1ccc2c(c1)CN(C[C@H]2c3cccc(c3)F)C(=O)CCl,DAR-DIA-cab-1,x0830,-8.894762,active-covalent
c1cc(cnc1)N[C@H]2[C@H](OCCN2C(=O)CCl)c3ccc(cc3)F,FOC-CAS-e3a-1,x0107,-8.865638,active-noncovalent
CC(=O)NCCc1c[nH]c2c1cccc2CCC[C@H]3CN(CCN3C(=O)C)C(=O)CCl,HAN-NEW-5f5-4,x0104,-8.814908,active-noncovalent
Cc1cccc(c1)[C@H]2CN(Cc3c2cccc3)C(=O)CCl,NIR-THE-c33-6,x0195,-8.814099,active-noncovalent
c1ccc(cc1)[C@H]2CN(Cc3c2ccc(c3)O)C(=O)CCl,MIH-UNI-e57-10,x0678,-8.784090,active-noncovalent
c1cncc2c1c(cc(c2)Cl)C[NH+]3CCN(CC3)C(=O)CCl,JOO-PER-58e-1,x0830,-8.757071,active-covalent
CC(=O)NCCc1c[nH]c2c1cc(cc2C[NH+]3CCN(CC3)C(=O)CCl)F,DAR-DIA-fb2-11,x0830,-8.730661,active-covalent
CC(=O)NCCc1c[nH]c2c1cc(cc2C[NH+]3CCN(CC3)C(=O)CCl)F,JOO-PER-d7a-1,x0830,-8.730661,active-covalent
c1cc2cc(cc(c2c(c1)OCC[NH+]3CCOCC3)C[NH+]4CCN(CC4)C(=O)CCl)Cl,SEA-TRI-67e-1,x0830,-8.707362,active-covalent
c1ccc2c(c1)CN(CN2c3cccc(c3)C[NH3+])C(=O)CCl,MIH-UNI-e57-8,x0830,-8.688944,active-covalent
COc1cc2ccccc2c(c1)C[NH+]3CCN(CC3)C(=O)CCl,DAR-DIA-fb2-7,x0830,-8.680429,active-covalent
C[N@]1c2cc(ccc2CC[C@@H]1C(=O)N3CCN(CC3)C(=O)CCl)S(=O)(=O)N,HAR-NEW-e34-5,x0195,-8.626937,active-noncovalent
C=CC(=O)N1CC[NH+](CC1)Cc2ccc(cc2)F,ANT-OPE-d97-1,x0831,-8.579416,active-covalent
Cc1cccc(c1)CC2CCN(CC2)C(=O)CCl,MAK-UNK-af8-6,x0161,-8.573510,active-noncovalent
C=CC(=O)N1CCC[N@H+](CC1)Cc2ccccc2,ANT-OPE-c0c-1,x0831,-8.552860,active-covalent
CC(=O)NCCC1=CCc2c1cc(cc2C[NH+]3CCN(CC3)C(=O)CCl)F,DAR-DIA-fb2-10,x0830,-8.525767,active-covalent
c1ccc2c(c1)CN(C[C@H]2[C@H]3CCCS3)C(=O)CCl,MIH-UNI-e57-11,x0678,-8.518147,active-noncovalent
C[C@H](CCc1ccccc1)[NH+]2CCN(CC2)C(=O)CCl,MAK-UNK-af8-2,x0104,-8.429302,active-noncovalent
C=CC(=O)N1CCC[C@H](C1)[N@@H+](CC2CCCCC2)C3CCC(CC3)O,WAR-XCH-72a-9,x1418,-8.417408,active-covalent
c1cc(c2c(c1)sc(n2)[C@@H]3CCCN(C3)C(=O)CCl)CCS(=O)(=O)N,SEA-TRI-f74-1,x0749,-8.382774,active-covalent
Cc1cccc(c1)CC2C[C@H]3CC[C@@H](C2)N3C(=O)CCl,MAK-UNK-af8-8,x0072,-8.368351,active-noncovalent
c1cc2ccc(cc2c(c1)C[NH+]3CCN(CC3)C(=O)CCl)S(=O)(=O)N,MIH-UNI-e57-4,x0830,-8.354447,active-covalent
c1cc2c(c(c1)CS(=O)(=O)Nc3cc(cs3)C[NH+]4CCC(CC4)O)CN(CC2)C(=O)CCl,NIY-UNK-626-6,x0195,-8.347075,active-noncovalent
c1cc2c(cc1S(=O)(=O)N)cc(cc2C[NH+]3CCN(CC3)C(=O)CCl)F,DAR-DIA-fb2-12,x0195,-8.322442,active-noncovalent
C[C@H](C1=CC(=C[C@@H]2[C@H]1CC[NH2+]2)Cl)NC(=O)CCl,DAV-CRI-eab-4,x0831,-8.275120,active-covalent
C1C[C@H](CN(C1)C(=O)CCl)c2nc3c(s2)C[C@H](CC3)C[NH3+],HAR-NEW-972-2,x0749,-8.274970,active-covalent
COc1cccc(c1)[C@@H]2CN(Cc3c2cccc3)C(=O)CCl,DAR-DIA-cab-2,x0830,-8.254995,active-covalent
CC(=O)NCCc1c[nH]c2c1cccc2C[NH+]3CCN(CC3)C(=O)C=C,JAN-GHE-641-5,x0104,-8.227654,active-noncovalent
Cc1ccncc1N2C[C@@H](CN(C2=O)c3cc(cc(c3)F)C)NC(=O)C=C,AGN-NEW-63f-2,x0434,-8.184485,active-noncovalent
c1ccc(cc1)CC[C@H](c2cccc(c2)C#N)[NH+]3CCN(CC3)C(=O)CCl,PAU-WEI-b9b-4,x0104,-8.106890,active-noncovalent
c1ccc(c(c1)N2CCN(CC2)C(=O)CCl)N3CCC[C@@H]3C(=O)N,DUN-NEW-f8c-3,x0072,-8.081551,active-noncovalent
c1cc(ccc1[C@@H]2[C@@H](N(CCO2)C(=O)CCl)Nc3cnccn3)F,FOC-CAS-e3a-2,x0107,-8.065756,active-noncovalent
CCOC(=O)[C@H]1C[C@@H](CCN1C(=O)CCl)Cc2cccc(c2)C,MAK-UNK-af8-7,x0104,-8.032699,active-noncovalent
Cc1ccncc1N(CCc2ccc(cc2NC(=O)CCl)C(=O)N3CCSCC3)C(=O)C,NIR-THE-ed2-1,x0107,-8.030373,active-noncovalent
CS(=O)(=O)NCc1cccc(c1)C2=C(N(Cc3c2cccc3)C(=O)CCl)C(=O)Nc4cccnc4,GER-FIO-88d-1,x0195,-8.016589,active-noncovalent
CCNc1c(cc(cn1)C#N)[C@H](c2ccc(s2)Br)[NH+]3CCN(CC3)C(=O)CCl,PAU-WEI-f73-3,x0830,-8.014444,active-covalent
CC[NH2+][C@H]1C[C@H](C[C@H]([C@@H]1OC#N)O)c2cccc(c2)C[NH+]3CCN(CC3)C(=O)CCl,MAK-UNK-af8-21,x0161,-7.992857,active-noncovalent
C[NH+]1CCN(CC1)CCOc2cccc3c2c(cc(c3)Cl)C[NH+]4CCN(CC4)C(=O)C=C,SEA-TRI-98d-1,x0830,-7.992652,active-covalent
c1cc(cc(c1)Cl)C[N@H+]2CCN(C[C@H](C2)c3cc(ccc3O)O)C(=O)CCl,AVI-UNI-70b-1,x0107,-7.957927,active-noncovalent
c1ccc(c(c1)CCS(=O)(=O)N)C[NH+]2CCN(CC2)C(=O)CCl,MIH-UNI-e57-5,x0678,-7.947098,active-noncovalent
Cc1ccc(cc1)CC[C@H](c2cccc(c2)C#N)[NH+]3CCN(CC3)C(=O)CCl,PAU-WEI-b9b-6,x0104,-7.943945,active-noncovalent
c1cc(c2c(c1)OCCN2C(=O)CCl)c3cccnc3,TIM-UNK-6bd-2,x0759,-7.935658,active-covalent
Cc1cccc(c1)[C@H](c2ccc(s2)C)[NH+]3CCN(CC3)C(=O)CCl,WAL-WAB-df1-2,x0072,-7.907163,active-noncovalent
c1ccc2c(c1)CN(C[C@@H]2c3ccc4ccc(cc4c3)S(=O)(=O)N)C(=O)CCl,NIR-THE-c33-4,x0874,-7.902070,active-noncovalent
CC(=O)NCCc1c[nH]c2c1cc(cc2C[NH+]3CCN(CC3)C(=O)CCl)Cl,DAR-DIA-fb2-15,x0830,-7.877357,active-covalent
Cc1cccc(c1)[C@@H]([NH+]2CCN(CC2)C(=O)CCl)N3CCC(CC3)O,MIH-UNI-e57-7,x0678,-7.846193,active-noncovalent
Cc1cccc(c1)[C@H]([N@]2CCCOCC2)[NH+]3CCN(CC3)C(=O)CCl,MIH-UNI-e57-6,x0072,-7.828751,active-noncovalent
c1ccc2c(c1)CN(C(=C2Cc3cc4cc(ccc4s3)S(=O)(=O)N)C(=O)Nc5cccnc5)C(=O)CCl,GER-FIO-88d-2,x0874,-7.802330,active-noncovalent
C[C@H](C1=CC(=C[C@@H]2[C@H]1CCC2)Cl)NC(=O)CCl,DAV-CRI-eab-2,x1382,-7.781020,active-covalent
C1CCC(CC1)C[N@H+]([C@H]2CCCN(C2)C(=O)CCl)C3CCC(CC3)O,WAR-XCH-72a-5,x1418,-7.760713,active-covalent
c1cscc1Cc2cnc(s2)C[NH+]3CCN(CC3)C(=O)CCl,MAK-UNK-e4a-20,x0692,-7.758801,active-covalent
CCNc1ccc(c(n1)Cc2cc(cc(c2)F)NCC(=O)NC(=O)C=C)F,BEN-VAN-ed8-4,x0434,-7.746318,active-noncovalent
CC(=O)NCCc1c[nH]c2c1ccc(c2[C@H]3CN(Cc4c3cccc4)C(=O)CCl)F,NIR-THE-c33-3,x0874,-7.733530,active-noncovalent
C=CC(=O)N1CC(C1)[NH2+]Cc2cccc3c2[nH]cc3CC(=O)N,JAN-GHE-641-10,x0104,-7.572403,active-noncovalent
CC[NH2+][C@@H]1C[C@@H](CC[C@H]1OC#N)Oc2cccc(c2)C[NH+]3CCN(CC3)C(=O)CCl,MAK-UNK-af8-19,x0161,-7.556659,active-noncovalent
c1ccc(cc1)CC[C@H]2CN(CC[C@@H]2C(=O)N3CCCCC3)C(=O)CCl,PAU-WEI-c6d-1,x0072,-7.551484,active-noncovalent
CCNc1ccc(cn1)NCc2cc(c(nc2)C)C[NH+]3CCN(CC3)C(=O)CCl,MAK-UNK-af8-27,x0104,-7.550834,active-noncovalent
C[C@H]1Cc2ccc(cc2C[N@H+]1CC3CCN(CC3)C(=O)CCl)S(=O)(=O)N,STU-CHA-7e7-1,x0195,-7.504455,active-noncovalent
c1ccc(c(c1)C[NH+]2CCN(CC2)C(=O)CCl)N3CCC[C@@H]3C(=O)N,DUN-NEW-f8c-2,x0072,-7.494275,active-noncovalent
c1cc2cc(ccc2c(c1)C[NH+]3CCN(CC3)C(=O)CCl)S(=O)(=O)N,DAR-DIA-fb2-9,x0830,-7.490153,active-covalent
c1cc(ccc1CNC(=O)C[NH2+]Cc2c[nH]c3c2cc(cc3)F)C[NH+]4CCN(CC4)C(=O)CCl,MAK-UNK-72b-1,x0104,-7.483333,active-noncovalent
CC(=O)NCCC1=CCc2c1cc(cc2C[NH+]3CCN(CC3)C(=O)CCl)OC,DAR-DIA-fb2-13,x0830,-7.465430,active-covalent
Cc1ccc(cc1)CC[C@H](c2cccc(c2)Cl)[NH+]3CCN(CC3)C(=O)CCl,PAU-WEI-b9b-3,x0104,-7.439302,active-noncovalent
CCNc1ccc(cn1)[C@H]2[C@@H]([C@H]([C@@H]([C@H](O2)O)NC[NH+]3CCN(CC3)C(=O)CCl)O)O,MAK-UNK-af8-30,x0104,-7.412730,active-noncovalent
CS(=O)(=O)[N@]1CCN([C@H](C1)c2ccccc2)C(=O)C=C,NAU-LAT-f72-4,x0072,-7.399308,active-noncovalent
CCNc1ccc(cc1C[NH+]2CCN(CC2)C(=O)CCl)C#N,DAR-DIA-fb2-3,x0830,-7.398350,active-covalent
c1ccc2c(c1)[NH+]=C(c3cc(ccc3S2)Cl)NC(=O)CCl,AVI-UNI-a66-1,x1382,-7.383278,active-covalent
Cc1cccc(c1)[C@H]2CN(CCN2c3ccccc3C#N)C(=O)CS,KAT-FAI-9b6-1,x0708,-7.361490,active-covalent
c1cc(cc(c1)F)CCNC(=O)c2cccc3c2nc(s3)NC(=O)CCl,WAL-WAB-df1-1,x0072,-7.359375,active-noncovalent
Cc1cc(cc(c1)NC[C@H](C)c2ccc(cc2)S(=O)(=O)N)C[NH+]3CCN(CC3)C(=O)CCl,MAK-UNK-af8-17,x0195,-7.316123,active-noncovalent
CC[NH2+][C@@H](COc1cccc(c1)C[NH+]2CCN(CC2)C(=O)CCl)OCC#N,MAK-UNK-af8-20,x0072,-7.310226,active-noncovalent
CC(=O)NCCc1c[nH]c2c1cc(cc2[C@@H]3CN(Cc4c3cccc4)C(=O)CCl)F,DAR-DIA-cab-6,x0830,-7.310155,active-covalent
C[C@H](C1=CC(=C[C@@H]2[C@H]1CC=N2)Cl)NC(=O)CCl,DAV-CRI-eab-7,x0831,-7.294122,active-covalent
Cc1c(cccn1)NC(=O)Cc2cccc(c2NC(=O)C=C)Cl,AGN-NEW-cce-2,x0434,-7.266014,active-noncovalent
c1cscc1NC(=O)[C@@H](CN2CCN(CC2)C(=O)CCl)[NH3+],MAK-UNK-e4a-1,x0387,-7.265724,active-noncovalent
CS(=O)(=O)[N@]1CCN(C[C@H]1c2ccccc2)C(=O)CCl,DUN-NEW-f8c-22,x0072,-7.261208,active-noncovalent
CS(=O)(=O)Nc1ccc2c(c1)[C@H](CN(C2)C(=O)CCl)c3ccccc3,MIH-UNI-e57-15,x0104,-7.183770,active-noncovalent
Cc1ccncc1N2C[C@@H](CN(C2=O)c3cc(cc(c3)Cl)C)NC(=O)C=C,AGN-NEW-63f-1,x0434,-7.177935,active-noncovalent
C=CC(=O)N1CC[NH+](CC1)Cc2cccc3c2[nH]cc3CC(=O)N,JAN-GHE-641-9,x0692,-7.157577,active-covalent
CC(=O)N[C@@H]([C@@H](c1ccc(cc1)O)S(=O)(=O)NCCc2ccccc2)C(=O)NCC#CBr,MAK-UNK-c44-5,x0967,-7.156637,active-noncovalent
CC(=O)NCCc1c[nH]c2c1cc(cc2[C@@H]3CN(Cc4c3cccc4)C(=O)CCl)Cl,DAR-DIA-cab-5,x0830,-7.141233,active-covalent
CC(=O)NCCc1c[nH]c2c1cccc2[C@@H](CCc3ccc(cc3)C(F)(F)F)[NH+]4CCN(CC4)C(=O)CCl,PAU-WEI-b9b-9,x0104,-7.114065,active-noncovalent
c1ccc(c(c1)CNC(=O)CCl)[C@@H]2CCC[C@H]2C(=O)N,NIR-THE-99f-3,x0874,-7.106254,active-noncovalent
CS(=O)(=O)[N@](CCc1ccccc1)CC2CCN(CC2)C(=O)CCl,DUN-NEW-f8c-25,x0072,-7.086342,active-noncovalent
c1cc(cnc1)NC(=O)Cn2cc(nn2)CN([C@@H]3CCS(=O)(=O)C3)C(=O)CCl,NIM-UNI-594-1,x0195,-7.080320,active-noncovalent
c1cc2ccc(cc2c(c1)Cn3cc(c(nc3=O)NC(=O)CCl)c4cccnc4)S(=O)(=O)N,NIM-UNI-7ba-1,x0830,-7.062444,active-covalent
c1csc(c1C#N)C[NH+]2CCN(CC2)C(=O)CCl,DAV-CRI-d1e-1,x1386,-7.032925,active-covalent
CCNc1c(cc(cn1)F)C[NH+]2CCN(CC2)C(=O)CCl,DAR-DIA-fb2-1,x0104,-7.018445,active-noncovalent
CCNc1ccc(c(n1)Cc2cc(cc(c2)NCC(=O)NC(=O)C=C)C)F,BEN-VAN-ed8-10,x0434,-7.002871,active-noncovalent
C[C@H](C1=CC(=C[C@H]2[C@@H]1[NH2+]CC2)Cl)NC(=O)CCl,DAV-CRI-eab-3,x0831,-6.999310,active-covalent
C[C@H](C1=CC(=C[C@H]2[C@@H]1N=CC2)Cl)NC(=O)CCl,DAV-CRI-eab-6,x0831,-6.993941,active-covalent
CS(=O)(=O)[N@@]1CCc2ccc(cc2C1)C[NH+]3CCN(CC3)C(=O)CCl,TAM-UNI-d1c-5,x0692,-6.992064,active-covalent
C[C@H](C1=CC(=C[C@@H]2[C@H]1CSC2)Cl)NC(=O)CCl,DAV-CRI-eab-8,x0831,-6.961595,active-covalent
c1cc([nH]c1)C(=O)N2C[C@@H]3CCCN([C@@H]3C2)C(=O)CCl,TIM-UNK-6bd-1,x0434,-6.945223,active-noncovalent
c1cc(cc(c1)Cl)[C@@H]2CN(Cc3c2cccc3OCC[NH+]4CCOCC4)C(=O)CCl,SEA-TRI-fac-1,x1392,-6.918802,active-covalent
CCNc1ccc(cn1)Oc2c3c(cnn2)cn(c3C[NH+]4CCN(CC4)C(=O)CCl)C,MAK-UNK-af8-28,x0195,-6.905110,active-noncovalent
C1CS(=O)(=O)C[C@@H]1N(CCC(=[NH2+])N)C(=O)CCl,DAN-PUR-678-1,x1311,-6.892467,active-covalent
CCNc1ccc(cn1)CNC(=O)CCC[NH+]2CCN(CC2)C(=O)CCl,MAK-UNK-af8-31,x0104,-6.861592,active-noncovalent
c1ccc(cc1)CCNS(=O)(=O)c2cccc3c2nc(s3)NC(=O)CCl,DUN-NEW-f8c-23,x0072,-6.849080,active-noncovalent
c1cc(cc(c1)Cl)[C@@H](c2ccc(s2)Cl)[NH+]3CCN(CC3)C(=O)CCl,SEA-TRI-822-1,x0434,-6.837725,active-noncovalent
C[C@H](C1=CC(=C[C@H]2[C@@H]1C[NH2+]C2)Cl)NC(=O)CCl,DAV-CRI-eab-5,x0831,-6.807669,active-covalent
Cc1cccc(c1)[C@H]2CN(CCN2c3ccccc3[N+](=O)[O-])C(=O)CS,KAT-FAI-789-1,x0708,-6.772408,active-covalent
c1ccc2c(c1)cccc2[C@@H](C[C@H]3CC[C@H]([C@@H]3c4ccsc4)C(=O)N)NC(=O)CCl,NIR-THE-99f-1,x0874,-6.763976,active-noncovalent
CC(=O)NCCc1ccc2c(c1)cc(cc2[C@@H]3CN(Cc4c3cccc4)C(=O)CCl)OC,DAR-DIA-cab-11,x0195,-6.692318,active-noncovalent
C=CC(=O)N1CCC(CC1)C[N@@H+]2CCc3ccc(cc3C2)S(=O)(=O)N,STU-CHA-83d-2,x0195,-6.687809,active-noncovalent
c1cc(cnc1)NC(=O)Cn2cc(nn2)CN([C@@H]3CCS(=O)(=O)C3)C(=O)CCl,NIM-UNI-bb6-2,x0195,-6.647882,active-noncovalent
CC(=O)NCCc1cn(c2c1cccc2C[NH+]3CCN(CC3)C(=O)CCl)C,TAM-UNI-d1c-20,x0692,-6.596281,active-covalent
C=CC(=O)NCCc1c[nH]c2c1cc(cc2NCc3ccc4c(c3)[nH]cn4)F,ANT-OPE-b90-1,x0072,-6.571191,active-noncovalent
C[C@H]1C[C@H](C[C@H](C1)C[NH+]2CCN(CC2)C(=O)CCl)C[NH2+]CNc3ccc(cn3)C#N,MAK-UNK-af8-24,x0072,-6.564718,active-noncovalent
CCNc1cc(c(cn1)C#N)Nc2csc(c2[C@@H]3CCC[C@@H]3C(=O)NC(=O)C=C)OC,BEN-VAN-d2b-12,x0874,-6.551128,active-noncovalent
CCNc1c(cc(cn1)OC)C[NH+]2CCN(CC2)C(=O)CCl,DAR-DIA-fb2-5,x0104,-6.538956,active-noncovalent
CO[C@@H]1CN(C[C@@H]1C[NH+]2CCN(CC2)C(=O)CCl)C(=O)CCNc3ccc(cn3)C#N,MAK-UNK-af8-26,x0072,-6.526270,active-noncovalent
CCc1cc(cc(c1)NCC(=O)NC(=O)C=C)Cc2c(ccc(n2)NCC)F,BEN-VAN-ed8-12,x0434,-6.499113,active-noncovalent
CC(=O)NCCc1c[nH]c2c1cc(cc2C[NH+]3CCN(CC3)C(=O)CCl)F,NAU-LAT-f72-1,x0104,-6.453052,active-noncovalent
c1cc2c(cc1S(=O)(=O)N)C[N@@H+](CC2)CC3CCN(CC3)C(=O)CCl,STU-CHA-83d-1,x0195,-6.445353,active-noncovalent
Cc1ccc(c(c1)C[NH+]2CCN(CC2)C(=O)CCl)Oc3cc(ccc3N(C)c4cc(ncn4)S(=O)(=O)N)O,MAK-UNK-af8-18,x0161,-6.436746,active-noncovalent
C1CS(=O)(=O)C[C@@H]1N(CCC(=O)N)C(=O)CCl,DAN-PUR-678-2,x1311,-6.436077,active-covalent
Cc1ccc(c(c1CC(=O)Nc2cccnc2Cl)NC(=O)C=C)C,AGN-NEW-cce-3,x0434,-6.422377,active-noncovalent
c1cc2c(c(c1)C[NH+]3CCN(CC3)C(=O)CCl)CC(=O)NCC2,TAM-UNI-d1c-14,x1392,-6.384351,active-covalent
Cn1cc(c(n1)C[NH+]2CCN(CC2)C(=O)CCl)N3CCC[C@@H]3C(=O)N,TAM-UNI-d1c-2,x0692,-6.371239,active-covalent
c1cc(cc(c1)Cl)C[N@H+]2C[C@H]3C[C@@H]2CN3C(=O)CCl,DAN-LON-a5f-8,x0770,-6.342978,active-covalent
C[C@@H](c1cc(cc2c1CC=CC2)Cl)NC(=O)CCl,DAV-CRI-eab-1,x0831,-6.332597,active-covalent
Cc1cccc(c1C[C@H]([C@@H](C)O)NC(=O)CS(=O)(=O)N)C[NH+]2CCN(CC2)C(=O)CCl,MAK-UNK-af8-15,x0161,-6.328569,active-noncovalent
C[C@@H]1C[C@@H](C[C@@H](C1)[NH2+]CCNc2ccc(cn2)C#N)C[NH+]3CCN(CC3)C(=O)CCl,MAK-UNK-af8-23,x0104,-6.308840,active-noncovalent
C[C@@H](c1cc(ccc1Oc2cccc(c2)S(=O)(=O)N)Cl)NC(=O)CCl,STU-CHA-91d-1,x0195,-6.304440,active-noncovalent
CNC(=O)c1ccc(cc1C[NH+]2CCN(CC2)C(=O)CCl)C#N,TAM-UNI-d1c-17,x1386,-6.300272,active-covalent
c1ccc(cc1)c2ncc(cn2)C[NH+]3CCN(CC3)C(=O)CCl,MAK-UNK-af8-1,x0072,-6.235673,active-noncovalent
c1ccc2c(c1)CN(C[C@H]2c3cc(cnc3CNC(=O)N4CCOCC4)F)C(=O)CCl,DAR-DIA-cab-13,x0195,-6.233018,active-noncovalent
C[C@@H](c1cccc2c1n(cc2CCNC(=O)C)C)NC(=O)CCl,TAM-UNI-d1c-24,x1392,-6.228618,active-covalent
COc1cc2cc(ccc2c(c1)[C@@H]3CN(Cc4c3cccc4)C(=O)CCl)S(=O)(=O)N,DAR-DIA-cab-10,x0830,-6.223668,active-covalent
c1cscc1Cc2ncc(s2)C[NH+]3CCN(CC3)C(=O)CCl,MAK-UNK-e4a-21,x0692,-6.183504,active-covalent
C1C[NH+](CCC1O)C[C@@H]([C@@H]([NH+]2CCN(CC2)C(=O)CCl)O)O,MAK-UNK-e4a-12,x0387,-6.169175,active-noncovalent
c1cc(cnc1)C2(CCCCC2)[NH+]3CCN(CC3)C(=O)CCl,WAR-XCH-79d-8,x1493,-6.150517,active-covalent
c1cc(ncc1C#N)NCCOc2c(ccc(n2)NC[NH+]3CCN(CC3)C(=O)CCl)C#N,MAK-UNK-af8-32,x0161,-6.126231,active-noncovalent
C#Cc1cc(cnc1)Nc2cc(sc2)NS(=O)(=O)c3ccc4c(c3)CCN(C4)C(=O)CCl,NIY-UNK-626-5,x0387,-6.106668,active-noncovalent
c1ccc(cc1)C(c2ccccc2)[NH+]3CCN(CC3)C(=O)CCl,SIM-SYN-f15-1,x0692,-6.083106,active-covalent
C#Cc1ccc(nc1)Nc2cc(sc2)CS(=O)(=O)Cc3cccc4c3CN(CC4)C(=O)CCl,NIY-UNK-626-1,x0387,-6.075204,active-noncovalent
CCNc1c(c(cs1)C#N)C[NH+]2CCN(CC2)C(=O)CCl,DAV-CRI-d1e-4,x1386,-6.074709,active-covalent
CCNc1ccc(cn1)c2c3ncc(c(n3cn2)C[NH+]4CCN(CC4)C(=O)CCl)C,MAK-UNK-af8-29,x0161,-6.067757,active-noncovalent
C[N@H+](CCN(C)C(=O)C=C)C[C@H]1C=N[C@H]2[C@@H]1C=C(C=C2)C#N,JAN-GHE-bf4-13,x0692,-6.055426,active-covalent
c1cnc(c(c1[C@H]2C[C@H]([C@@H](C2)C(=O)N)c3ccsc3)NC(=O)CCl)Cl,NIR-THE-99f-4,x0759,-6.042750,active-covalent
c1ccc(cc1)[C@@H]2C[N@H+](CCN2C(=O)CCl)Cc3cccc(c3)Cl,DAN-LON-a5f-5,x0770,-5.993355,active-covalent
c1cc(ccc1Cn2c(cnn2)CN([C@@H]3CCS(=O)(=O)C3)C(=O)CCl)Cl,NIM-UNI-594-2,x0195,-5.972826,active-noncovalent
c1cc(ccc1Cn2c(cnn2)CN([C@@H]3CCS(=O)(=O)C3)C(=O)CCl)Cl,NIM-UNI-bb6-1,x0195,-5.972826,active-noncovalent
c1ccc2c(c1)csc2C[NH+]3CCN(CC3)C(=O)CCl,PAU-UNI-b2b-1,x1418,-5.969722,active-covalent
Cc1ccc(cc1)CC[C@H](c2cccc3c2[nH]cc3CCNC(=O)C)[NH+]4CCN(CC4)C(=O)CCl,PAU-WEI-b9b-8,x0104,-5.950015,active-noncovalent
C=CC(=O)N1CC[NH+](CC1)C[C@H]2C=N[C@H]3[C@@H]2C=C(C=C3)C#N,JAN-GHE-bf4-9,x0692,-5.943081,active-covalent
c1ccc2c(c1)CN(C[C@@H]2c3ccc4ccc(cc4c3)S(=O)(=O)N)C(=O)CCl,TAM-UNI-d1c-9,x1392,-5.937392,active-covalent
c1cscc1[C@@H]2C[C@]3(CCCN(C3)C(=O)CCl)C[C@H]2C(=O)N,NIR-THE-99f-2,x0874,-5.896872,active-noncovalent
CCNc1c(cc(cn1)C#N)C[NH+]2CCN(CC2)C(=O)CCl,DAR-DIA-fb2-4,x0195,-5.893555,active-noncovalent
C#Cc1cc(cnc1)Nc2cc(sc2)NS(=O)(=O)CCN3CCN(CC3)C(=O)CCl,NIY-UNK-626-4,x0195,-5.885530,active-noncovalent
C[C@H](N)[NH2+][C@@H](CC(=O)N)C(=O)N[C@H]1CC[C@H](CN1C(=O)CCl)c2nc3c(cccc3s2)c4ccc(cc4)S(=O)(=O)N,DAV-CRI-f9b-2,x0161,-5.874022,active-noncovalent
c1cc2c(c(c1)C[NH+]3CCN(CC3)C(=O)CCl)C(=O)NCCC2,TAM-UNI-d1c-15,x0692,-5.863121,active-covalent
C[NH+](C)CCCC(=O)NCCc1c[nH]c2c1cccc2C[NH+]3CCN(CC3)C(=O)C=C,JAN-GHE-641-8,x0104,-5.849407,active-noncovalent
CC(=O)NCCc1c[nH]c2c1cc(cc2C[NH+]3CCN(CC3)C(=O)CCl)F,STU-CHA-bc0-1,x0104,-5.819488,active-noncovalent
c1ccc(c(c1)C[NH+]2CCN(CC2)C(=O)CCl)N3CCC[C@@H]3C(=O)N,TAM-UNI-d1c-3,x1386,-5.806887,active-covalent
CC(=O)NCCc1c[nH]c2c1cccc2[C@@H](CCc3ccccc3)[NH+]4CCN(CC4)C(=O)CCl,PAU-WEI-b9b-7,x0104,-5.796318,active-noncovalent
c1cc(cc(c1)S(=O)(=O)N)n2cc(nn2)C[NH+]3CCN(CC3)C(=O)CCl,NIM-UNI-594-3,x0195,-5.789229,active-noncovalent
c1cc(cc(c1)S(=O)(=O)N)n2cc(nn2)C[NH+]3CCN(CC3)C(=O)CCl,NIM-UNI-bb6-3,x0195,-5.789229,active-noncovalent
CCNc1c(cc(cn1)C#N)C[NH+]2CCN(CC2)C(=O)CCl,BRU-LEF-ae0-1,x0305,-5.769223,active-noncovalent
C1C[NH+](CCC1O)[C@H](CC[NH+]2CCN(CC2)C(=O)CCl)N,MAK-UNK-e4a-13,x0692,-5.742552,active-covalent
CS(=O)(=O)NCCc1c[nH]c2c1cccc2C[NH+]3CCN(CC3)C(=O)C=C,JAN-GHE-641-7,x0104,-5.723781,active-noncovalent
Cc1ccc(c(c1)S(=O)(=O)N2CCN(CC2)C(=O)CCl)NCc3ccccc3,NAU-LAT-f72-5,x0104,-5.703283,active-noncovalent
CNc1cnc(nc1F)c2c(cc(s2)F)[C@@H]3CCC[C@H]3C(=O)NC(=O)C=C,BEN-VAN-d2b-19,x0874,-5.632443,active-noncovalent
c1c(c(cs1)NC(=O)CCS(=O)(=O)N)C[NH+]2CCC(CC2)O,MAK-UNK-5e8-4,x0195,-5.617511,active-noncovalent
CNc1cnc(nc1)c2c(ccs2)[C@@H]3CCC[C@H]3C(=O)NC(=O)C=C,BEN-VAN-d2b-6,x0874,-5.613561,active-noncovalent
CCCNc1cc(c(cc1N(C)C)NC(=O)C=C)Nc2nccc(n2)C(=O)N,STE-LAU-835-1,x0072,-5.593823,active-noncovalent
Cc1cccc(c1NC(=O)C=C)CC(=O)Nc2cccnc2Cl,AGN-NEW-cce-1,x0434,-5.588207,active-noncovalent
C=CS(=O)(=O)N1CC[NH+](CC1)[C@H](c2cccs2)c3cc(cc(c3)Cl)CCS(=O)(=O)N,SEA-TRI-6cb-1,x0161,-5.575256,active-noncovalent
CC(=O)NCCc1c[nH]c2c1cccc2C[NH+]3CCN(CC3)C(=O)CCl,DUN-NEW-f8c-24,x0072,-5.550492,active-noncovalent
CC(=O)N[C@@H](Cc1ccc(cc1)O)C(=O)NC[NH+]2CCN(CC2)C(=O)CCl,NIM-UNI-ed9-1,x0967,-5.544855,active-noncovalent
C[C@H]1[C@@H]([C@H]([C@H](O1)C[NH+]2CCN(CC2)C(=O)CCl)O)OCCCNc3ccc(cn3)C#N,MAK-UNK-af8-25,x0195,-5.543700,active-noncovalent
c1ccc(cc1)[C@H]2CN([C@@H](c3c2cccc3)[C@H]4CS(=O)(=O)C[C@@H]4N5CCCC5=O)C(=O)CCl,DAV-CRI-b70-1,x1392,-5.525158,active-covalent
C#CC[NH+]1CCN(CC1)C(=O)CCl,TOB-UNK-c2a-1,x1386,-5.523991,active-covalent
c1cc(cc(c1)Cl)C[N@H+]2CCN(C[C@@H]2c3cccs3)C(=O)CCl,DAN-LON-a5f-9,x0770,-5.483294,active-covalent
CNc1cnc(nc1)c2c(c(cs2)Cl)[C@@H]3CCC[C@H]3C(=O)NC(=O)C=C,BEN-VAN-d2b-4,x0874,-5.476882,active-noncovalent
C[C@@H](c1ccc2ccc(cc2c1)NS(=O)(=O)C)NC(=O)CCl,TAM-UNI-d1c-22,x1392,-5.463551,active-covalent
CCNc1c(c(c(cn1)C#N)Nc2cscc2[C@@H]3CCC[C@@H]3C(=O)NC(=O)C=C)F,BEN-VAN-d2b-2,x0874,-5.447653,active-noncovalent
CC(=O)Nc1ccc(cc1C[NH+]2CCN(CC2)C(=O)CCl)C#N,TAM-UNI-d1c-18,x1392,-5.442736,active-covalent
c1c(cc(cc1Cl)Cl)C[NH+]2CCN(CC2)C(=O)CCl,PAU-UNI-8cd-1,x0770,-5.428621,active-covalent
CS(=O)(=O)[N@]1CCc2ccc(cc2C1)[C@H]3CN(Cc4c3cccc4)C(=O)CCl,TAM-UNI-d1c-8,x1392,-5.427806,active-covalent
c1ccc2c(c1)CN(C[C@@H]2c3cccc(c3)CNC(=O)N4CCOCC4)C(=O)CCl,TAM-UNI-d1c-7,x1392,-5.423794,active-covalent
c1cc(c(cc1S(=O)(=O)N)CC[N@H+]2CCCN(CC2)C(=O)CCl)Br,PED-UNI-89d-1,x0831,-5.371132,active-covalent
c1c(c(c(s1)NCO)C[NH+]2CCN(CC2)C(=O)CCl)C#N,DAV-CRI-d1e-5,x1386,-5.367616,active-covalent
c1c2c(cc(c1C(F)F)S(=O)(=O)N)C[N@@H+](CC2)CC3CCN(CC3)C(=O)CCl,STU-CHA-814-1,x0195,-5.339505,active-noncovalent
COCCNc1cc(c(cn1)C#N)Nc2cscc2[C@@H]3CCC[C@@H]3C(=O)NC(=O)C=C,BEN-VAN-d2b-10,x0874,-5.329708,active-noncovalent
CC(=O)N[C@](Cc1ccc(cc1)O)(C(=O)NCC#CBr)S(=O)(=O)NCCc2ccccc2,MAK-UNK-c44-6,x0967,-5.320551,active-noncovalent
Cc1cccc(c1)[C@H]2CN(CC[N@@]2c3ccccc3N4CCOCC4)C(=O)CS,KAT-FAI-9b6-2,x0708,-5.312636,active-covalent
C=CC(=O)N1CC(C1)[NH2+]C[C@H]2C=N[C@H]3[C@@H]2C=C(C=C3)C#N,JAN-GHE-bf4-10,x0692,-5.285728,active-covalent
CC(C)[C@@H]1C[N@H+](CCN1C(=O)CCl)Cc2cccc(c2)Cl,DAN-LON-a5f-4,x0770,-5.240683,active-covalent
CC1(CN(CC[N@H+]1Cc2cccc(c2)Cl)C(=O)CCl)C,DAN-LON-a5f-2,x0770,-5.224834,active-covalent
C=CC(=O)N1CC[NH+](CC1)CC#C,TOB-UNK-c2a-2,x1386,-5.215091,active-covalent
c1cc2c(cc1S(=O)(=O)N)N(CCC2)CCCC[C@@H]3CCCN(C3)C(=O)CCl,PAU-UNI-f43-1,x0749,-5.208764,active-covalent
CC(=O)N[C@@H](Cc1ccc(cc1)O)C(=O)N[C@@H](C[NH+]2CCN(CC2)C(=O)CCl)c3ccccc3,NIM-UNI-ed9-4,x0967,-5.183060,active-noncovalent
C[C@@H](c1ccc2c(c1)n(cc2CCNC(=O)C)C)NC(=O)CCl,TAM-UNI-d1c-23,x1392,-5.151674,active-covalent
CCNc1ccc(c(n1)Cc2cc(ccc2Cl)NCC(=O)NC(=O)C=C)F,BEN-VAN-ed8-19,x0434,-5.086646,active-noncovalent
C[NH2+]CCSC(=O)c1cccc(c1)C[NH+]2CCN(CC2)C(=O)CCl,MAK-UNK-cd9-1,x0104,-5.084774,active-noncovalent
C=CC(=O)N1CCN(CC1)c2ccc(cc2S(=O)(=O)N)[C@H]3c4ccccc4C(=O)N3,DR -UNK-640-2,x1093,-5.077204,active-noncovalent
C=CC(=O)N1CCN(CC1)c2ccc(cc2S(=O)(=O)N)[C@H]3c4ccccc4C(=O)N3,DR -UNK-dd7-2,x1093,-5.077204,active-noncovalent
Cc1ccnc(c1)N(CCC2CN(C2)C(=O)C=C)C(=O)Nc3c(ncc(c3CC[NH+]4CCOCC4)C)C,AGN-NEW-5f0-1,x0434,-5.012227,active-noncovalent
C[C@H](N)[NH2+][C@@H](CC(=O)N)C(=O)N[C@H]1CC[C@H](CN1C(=O)CCl)c2nc3c(cccc3s2)c4ccc(c(c4)[O-])S(=O)(=O)N,DAV-CRI-f9b-6,x0161,-5.001788,active-noncovalent
CNC(=O)[C@H](CC[NH+]1CCN(CC1)C(=O)CCl)Nc2ccsc2,MAK-UNK-e4a-2,x0692,-5.000103,active-covalent
CCNc1c2cc(ccc2c(cn1)C#N)N(c3cccc(c3)C(=O)N4CCSCC4)C(=O)CCl,NIR-THE-ed2-2,x0107,-4.992660,active-noncovalent
c1cc(cc(c1)Cl)C[N@@H+]2CCN(C[C@H]2C(=O)N)C(=O)CCl,DAN-LON-a5f-1,x0770,-4.988998,active-covalent
C=CC(=O)NC1C[NH+](C1)C[C@H]2C=N[C@H]3[C@@H]2C=C(C=C3)C#N,JAN-GHE-bf4-11,x0692,-4.962409,active-covalent
Cc1ccncc1/N=C(/C)\CCn2c3ccccc3nc2[C@@H]4CCCN(C4)C(=O)CCl,PAU-UNI-b6a-1,x0107,-4.961240,active-noncovalent
CC(=O)N1CCCc2cccc(c2C1)C[NH+]3CCN(CC3)C(=O)CCl,TAM-UNI-d1c-13,x1392,-4.925334,active-covalent
C[C@@H](c1ccccc1CNC(=O)N2CCOCC2)NC(=O)CCl,TAM-UNI-d1c-21,x1392,-4.917112,active-covalent
CNS(=O)(=O)c1ccc2ccc(cc2c1)C[NH+]3CCN(CC3)C(=O)CCl,TAM-UNI-d1c-6,x0692,-4.904441,active-covalent
CC(C)C[C@@H]1CN(CC[N@H+]1Cc2cccc(c2)Cl)C(=O)CCl,DAN-LON-a5f-3,x0770,-4.898075,active-covalent
C[N@](C[NH+]1CCC(CC1)O)C[NH+]2CCN(CC2)C(=O)CCl,MAK-UNK-e4a-14,x0387,-4.880488,active-noncovalent
CCNc1ccc(c(n1)Cc2cc(ccc2Cl)OCC(=O)NC(=O)C=C)F,BEN-VAN-ed8-20,x0434,-4.874451,active-noncovalent
Cc1ccc2c(c1)[C@H](C(=O)N([C@@H]2[C@H]3CS(=O)(=O)C[C@@H]3N4CCCC4=O)C(=O)CCl)c5cccc(c5)O,DAV-CRI-f47-7,x1392,-4.810890,active-covalent
c1ccc(cc1)[C@H]2CN([C@@H](c3c2cc(cc3)F)[C@H]4CS(=O)(=O)C[C@@H]4N5CCCC5=O)C(=O)CCl,DAV-CRI-f47-2,x1392,-4.796548,active-covalent
C#Cc1ccc(nc1)Nc2cc(sc2)C[S@](=N)(=O)Cc3cccc4c3CN(CC4)C(=O)CCl,NIY-UNK-626-2,x0195,-4.775069,active-noncovalent
c1ccc2c(c1)CN(C[C@H]2c3cc(cnc3CNC(=O)N4CCOCC4)C#N)C(=O)CCl,DAR-DIA-cab-12,x0195,-4.753704,active-noncovalent
CNc1cnc(nc1F)c2c(ccs2)[C@@H]3CCC[C@H]3C(=O)NC(=O)C=C,BEN-VAN-d2b-18,x0874,-4.752408,active-noncovalent
c1cc2c(cc1C(=O)[O-])[NH+]=C(c3cc(ccc3S2)Cl)NC(=O)CCl,AVI-UNI-a66-2,x1382,-4.739315,active-covalent
Cc1ccnc2c1[nH]c(n2)CC3CCN(CC3)C(=O)CCl,WAR-XCH-b03-3,x1493,-4.711391,active-covalent
c1ccc(cc1)CC[C@H](c2cccc(c2)Cl)[NH+]3CCN(CC3)C(=O)CCl,PAU-WEI-b9b-1,x0104,-4.709893,active-noncovalent
CC(=O)NCCc1c[nH]c2c1cccc2CNC(=O)CCl,DUN-NEW-f8c-21,x0072,-4.685959,active-noncovalent
C=CS(=O)(=O)[N@]1CCC[C@@H](C1)C#C,TOB-UNK-c2a-6,x1386,-4.665012,active-covalent
Cc1cc(ccc1[C@@H](C(=O)OC)NS(=O)(=O)NS(=O)(=O)N)C[NH+]2CCN(CC2)C(=O)CCl,MAK-UNK-af8-14,x0104,-4.634429,active-noncovalent
CNS(=O)(=O)c1ccc(c(c1)[C@H]2CN(Cc3c2cccc3)C(=O)CCl)C#N,TAM-UNI-d1c-10,x0692,-4.629535,active-covalent
Cc1cccc(c1C(=O)N2CCC(CC2)O)C[NH+]3CCN(CC3)C(=O)CCl,MAK-UNK-e4a-26,x0387,-4.612614,active-noncovalent
CS(=O)(=O)[N@@](C[C@H]1CC[N@]2c3cc(ccc3CC[C@@H]2C1)S(=O)(=O)N)C4=CCC(=C4NC(=O)CCl)[C@@H]([NH+]5CCSCC5)O,STE-NAN-baf-3,x0072,-4.596193,active-noncovalent
c1cc(cc(c1)C[NH+]2CCN(CC2)C(=O)CCl)CNC(=O)N3CCOCC3,TAM-UNI-d1c-12,x0692,-4.588231,active-covalent
Cc1cccc(c1)[C@H](c2ccc(s2)Cl)[NH+]3CCN(CC3)C(=O)CCl,SIM-SYN-f15-2,x1334,-4.558472,active-covalent
C=CS(=O)(=O)N1CC[NH+](CC1)CC#C,TOB-UNK-c2a-3,x1386,-4.556074,active-covalent
CCCNc1cc(c(cc1N(CC)CC)NC(=O)C=C)Nc2nccc(n2)C(=O)N,STE-LAU-a2c-2,x0072,-4.520107,active-noncovalent
c1cc(c(cc1C#N)C[NH+]2CCN(CC2)C(=O)CCl)CNC(=O)N3CCOCC3,DAR-DIA-fb2-16,x0305,-4.520052,active-noncovalent
CC(=O)Nc1cc(cc(c1)C#N)C[NH+]2CCN(CC2)C(=O)CCl,TAM-UNI-d1c-16,x0692,-4.514347,active-covalent
C=CC(=O)N1CCC(CC1)[N@@H+](Cc2ccccc2C#N)C3CCC(CC3)O,WAR-XCH-72a-10,x1418,-4.496875,active-covalent
CC(=O)Nc1c(c(cs1)C#N)C[NH+]2CCN(CC2)C(=O)CCl,DAV-CRI-d1e-6,x1386,-4.480016,active-covalent
CCNc1cc(c(cn1)C#N)C[NH+]2CCN(CC2)C(=O)CCl,DAV-CRI-d1e-2,x1418,-4.469190,active-covalent
CC(=O)NCCc1c[nH]c2c1cccc2[C@H](c3ccc(s3)Br)[NH+]4CCN(CC4)C(=O)CCl,PAU-WEI-f73-1,x0104,-4.425745,active-noncovalent
c1c2c(sc1N(C3CCC(CC3)O)C(=O)C4CCN(CC4)C(=O)CCl)CCCC2,WAR-XCH-bdd-27,x1334,-4.384601,active-covalent
CN(CC(=O)N)C(=O)[C@@H]1[C@H](CCN1C(=O)CSC)NC(=O)Nc2ccc(cc2F)F,FAR-UNI-9a7-2,x1093,-4.340620,active-noncovalent
c1c(c(cnc1NCO)C#N)C[NH+]2CCN(CC2)C(=O)CCl,DAV-CRI-d1e-3,x1386,-4.328671,active-covalent
C=CC(=O)N1C[C@@H]2CN(C[C@@H]2C1)S(=O)(=O)c3ccccc3c4ccc(cc4)Nc5ccc(cn5)C#N,JAN-GHE-bf4-4,x0692,-4.306818,active-covalent
C[NH+](C)CCNc1cc(c(cc1N(C)C)NC(=O)C=C)Nc2nccc(n2)C(=O)N,STE-LAU-a2c-1,x0072,-4.297851,active-noncovalent
Cc1cc(ccc1NCCNC[NH+]2CCC(CC2)O)C[NH+]3CCN(CC3)C(=O)CCl,MAK-UNK-e4a-18,x0387,-4.259506,active-noncovalent
C=CC(=O)N1CCN(CC1)S(=O)(=O)c2c(cccc2F)OCCCNc3ccc(cn3)C#N,JAN-GHE-bf4-1,x0692,-4.243554,active-covalent
C[C@H](N)[NH2+][C@@H](CC(=O)N)C(=O)N[C@H]1CC[C@H](CN1C(=O)CCl)c2nc3c(cccc3s2)c4ccc(c(c4)S(=O)(=O)N)[O-],DAV-CRI-f9b-8,x0749,-4.235141,active-covalent
C[C@H]1CC[C@@H]([C@H](C1)C[NH+]2CCN(CC2)C(=O)CCl)OCc3ccsc3,MAK-UNK-e4a-24,x0387,-4.163197,active-noncovalent
COc1ccccc1n2cc(nn2)C[NH+]3CCN(CC3)C(=O)CCl,ANT-STE-dbb-3,x1386,-4.148588,active-covalent
c1cc(ccc1C[C@H]2C[N@@H+](CCN2C(=O)CCl)Cc3ccc(s3)Cl)O,SEA-TRI-825-1,x0967,-4.143690,active-noncovalent
C=CC(=O)N1C[C@H]2C[NH+](C[C@H]2C1)C[C@H]3C=N[C@H]4[C@@H]3C=C(C=C4)C#N,JAN-GHE-bf4-12,x0692,-4.142497,active-covalent
CC(=O)NCCc1cn(c2c1ccc(c2)C[NH+]3CCN(CC3)C(=O)CCl)C,TAM-UNI-d1c-19,x1392,-4.142491,active-covalent
c1ccc(cc1)[C@@H]2CN([C@H](c3c2cccc3)c4cccc(c4)N5CCCC5=O)C(=O)CCl,DAV-CRI-8c8-1,x1392,-4.134730,active-covalent
Cc1ccc2c(c1)cc(cc2C[N@H+]3C[C@H](CN([C@@H](C3)Cc4ccncn4)C(=O)CCl)n5c(nnc5C)C)C,INS-INS-9c6-1,x0831,-4.119519,active-covalent
Cc1cccc(c1NC(=O)N[C@H](Cc2ccc(cc2)O)C(=O)N(CCCC(=O)N)CC[N@H+]3CCCN(C3)C(=O)CCl)CO,CHA-KIN-87c-2,x0967,-4.118788,active-noncovalent
C[C@H](N)[NH2+][C@@H](CC(=O)N)C(=O)N[C@H]1CC[C@H](CN1C(=O)CCl)c2nc3c(cccc3s2)c4cccc(c4)S(=O)(=O)N,DAV-CRI-f9b-4,x0749,-4.103287,active-covalent
CCNc1cc(c(cn1)C#N)Nc2cscc2[C@@H]3CCC[C@@H]3C(=O)NC(=O)C=C,BEN-VAN-d2b-1,x0874,-4.091533,active-noncovalent
c1cc(ccc1C[NH+]2CCN(CC2)C(=O)CCl)CS(=O)(=O)F,JIA-UNI-93b-1,x0770,-4.050922,active-covalent
c1cc(cnc1)C2(CCCCC2)[NH2+]C3CCN(CC3)C(=O)CCl,WAR-XCH-79d-5,x1493,-4.018666,active-covalent
CCN(CC)c1cc(c(cc1NCC[NH+](C)C)Nc2nccc(n2)C(=O)N)NC(=O)C=C,STE-LAU-a2c-3,x0072,-4.011621,active-noncovalent
c1cc2c(cc1S(=O)(=O)N)N[C@H](CC2)C[C@H](c3ccc(s3)Br)[NH+]4CCN(CC4)C(=O)CCl,PED-UNI-d0b-1,x0195,-3.988873,active-noncovalent
C[C@H](N)[NH2+][C@@H](CC(=O)N)C(=O)N[C@H]1CC[C@H](CN1C(=O)CCl)c2nc3cc(ccc3s2)Cc4cccc(c4)S(=O)(=O)N,DAV-CRI-f9b-10,x0749,-3.974461,active-covalent
CCNc1cc(c(cn1)C#N)Nc2c(csc2Cl)[C@@H]3CCC[C@@H]3C(=O)NC(=O)C=C,BEN-VAN-d2b-14,x0874,-3.959137,active-noncovalent
Cc1[nH]c(=O)c(c(n1)C[NH+]2CCN(CC2)C(=O)CCl)NCc3cccc(c3)O,MAK-UNK-e4a-27,x0387,-3.938882,active-noncovalent
c1ccc(cc1)[C@H]2c3ccccc3CN([C@@H]2[NH2+]Cc4cc(n(c4)S(=O)(=O)c5cccnc5)c6ccccc6F)C(=O)CCl,MAK-UNK-702-7,x0387,-3.934216,active-noncovalent
C[C@H](N)[NH2+][C@@H](CC(=O)N)C(=O)N[C@H]1CC[C@H](CN1C(=O)CCl)c2nc3cc(ccc3s2)c4cccc(c4)S(=O)(=O)N,DAV-CRI-f9b-3,x0749,-3.928930,active-covalent
c1cc(c(cc1Cl)C[NH+]2CCN(CC2)C(=O)CCl)CNC(=O)[C@@H]3CCCOC3,STU-CHA-7b3-1,x1249,-3.919082,active-noncovalent
Cc1ccc(cc1)OCCCC[C@H]2C(=O)C[C@@H](C[NH2+]2)c3cc(cc(c3)C[NH+]4CCN(CC4)C(=O)CCl)C,MAK-UNK-af8-33,x0104,-3.899983,active-noncovalent
Cc1cc(ccc1[C@@H](C(=O)NS(=O)(=O)N)O[C@H]2[C@@H](CO[C@H]([C@@H]2[NH2+]C)O)O)C[NH+]3CCN(CC3)C(=O)CCl,MAK-UNK-af8-16,x0104,-3.885993,active-noncovalent
CCOc1cc(c(cn1)C#N)Nc2cscc2[C@@H]3CCC[C@@H]3C(=O)NC(=O)C=C,BEN-VAN-d2b-9,x0874,-3.885869,active-noncovalent
c1cscc1Cc2cnc(nc2N)C[NH+]3CCN(CC3)C(=O)CCl,MAK-UNK-e4a-22,x0387,-3.868979,active-noncovalent
CC(C)(C)NC(=O)[C@@H]1CN(CC[N@H+]1Cc2cccc(c2)Cl)C(=O)CCl,DAN-LON-a5f-7,x0770,-3.848757,active-covalent
Cc1[nH]c(=O)c(c(n1)C[NH+]2CCN(CC2)C(=O)CCl)CCCc3ccsc3,MAK-UNK-e4a-25,x0387,-3.830079,active-noncovalent
c1cc(c(cc1C#N)[C@H](c2ccc(s2)Br)[NH+]3CCN(CC3)C(=O)CCl)CNC(=O)N4CCOCC4,PAU-WEI-f73-2,x0830,-3.817135,active-covalent
C=CS(=O)(=O)N1CCN(CC1)c2ccc(cc2S(=O)(=O)N)[C@H]3c4ccccc4C(=O)N3,DR -UNK-640-3,x1093,-3.816393,active-noncovalent
C=CS(=O)(=O)N1CCN(CC1)c2ccc(cc2S(=O)(=O)N)[C@H]3c4ccccc4C(=O)N3,DR -UNK-dd7-3,x1093,-3.816393,active-noncovalent
c1cc(cc(c1)NC(=O)CCl)c2cc3c(s2)CCCC3,WAR-XCH-bdd-24,x1334,-3.808669,active-covalent
C[C@@H]1CCC[C@@H](C1)[C@@H]2CN(CC[N@]2[C@@H]3CCCC[C@H]3[NH+]4CCOCC4)C(=O)CS,KAT-FAI-9b6-3,x0708,-3.808011,active-covalent
CN(C)C(=O)c1ccc(c(c1)C[NH+]2CCN(CC2)C(=O)CCl)CNS(=O)(=O)C,TAM-UNI-d1c-4,x0692,-3.725492,active-covalent
COc1cc(c(nc1)CNC(=O)N2CCOCC2)C[NH+]3CCN(CC3)C(=O)CCl,DAR-DIA-fb2-18,x0305,-3.715890,active-noncovalent
c1cc(cc(c1)C#N)CCc2ccnc(c2)[C@@H]3CCCN(C3)C(=O)CCl,WAR-XCH-bdd-19,x1334,-3.700049,active-covalent
C=CC(=O)N1CCN(CC1)S(=O)(=O)c2ccccc2c3ccc(cc3)Nc4ccc(cn4)C#N,JAN-GHE-bf4-2,x0692,-3.641435,active-covalent
CC(=O)N[C@@H](Cc1ccc(cc1)O)C(=O)NCC[NH+]2CCN(CC2)C(=O)CCl,NIM-UNI-ed9-2,x0967,-3.606693,active-noncovalent
C1CCC(CC1)C#CC2(CCCCC2)[NH2+]C3CCN(CC3)C(=O)CCl,WAR-XCH-b03-7,x1458,-3.589585,active-covalent
Cc1ccc(c(c1)S(=O)(=O)N2CCN(CC2)C(=O)CCl)C,WAR-XCH-79d-6,x1478,-3.587647,active-covalent
c1c(cnc(c1C[NH+]2CCN(CC2)C(=O)CCl)CNC(=O)N3CCOCC3)C#N,DAR-DIA-fb2-17,x0195,-3.553147,active-noncovalent
C[C@](Cc1cccc(c1)C[NH+]2CCN(CC2)C(=O)CCl)(CO)COc3c[nH]c4c3cc(cc4)F,MAK-UNK-69e-1,x0104,-3.540390,active-noncovalent
C1CCN(CC1)C(=O)C2CCN(CC2)C(=O)CCl,VIR-GIT-7b3-2,x1380,-3.481020,active-covalent
c1cc(c(cc1Cl)C[NH+]2CCN(CC2)C(=O)CCl)CNS(=O)(=O)N3CCOCC3,STU-CHA-6d5-1,x1249,-3.463517,active-noncovalent
c1ccc(cc1)C2(CCCCC2)[NH+]3CCN(CC3)C(=O)CCl,WAR-XCH-79d-7,x1478,-3.456313,active-covalent
c1cc(cc(c1)Cl)C[N@H+]2CCN(C[C@@H]2c3ccc(cc3)Cl)C(=O)CCl,DAN-LON-a5f-6,x0770,-3.445186,active-covalent
C[C@@H](Cc1cc(c(cc1[C@H]2CN(CCO2)C(=O)C=C)F)F)Nc3ccc(cn3)C#N,BEN-VAN-77c-11,x0759,-3.423838,active-covalent
C[C@H](N)[NH2+][C@@H](CC(=O)N)C(=O)N[C@H]1CC[C@H](CN1C(=O)CCl)c2nc3cc(ccc3s2)c4ccc(c(c4)S(=O)(=O)N)[O-],DAV-CRI-f9b-7,x0749,-3.423652,active-covalent
CC(C)N(C)C(=O)C1CCN(CC1)C(=O)CCl,VIR-GIT-7b3-3,x1458,-3.390148,active-covalent
C=CC(=O)N1C[C@@H]2CN(C[C@@H]2C1)S(=O)(=O)c3c(cccc3F)OCCCNc4ccc(cn4)C#N,JAN-GHE-bf4-3,x0305,-3.371951,active-noncovalent
c1cc(cc(c1)CSCC(=O)C[NH+]2CCC(CC2)O)C[NH+]3CCN(CC3)C(=O)CCl,MAK-UNK-e4a-7,x0692,-3.367372,active-covalent
C[C@@H](Cc1cc(ccc1[C@H]2CN(CCO2)C(=O)C=C)F)Nc3ccc(cn3)C#N,BEN-VAN-77c-10,x0759,-3.355216,active-covalent
c1ccc(cc1)[C@@H]2c3cc(ccc3[C@H](N(C2=O)C(=O)CCl)[C@H]4CS(=O)(=O)C[C@@H]4N5CCCC5=O)F,DAV-CRI-f47-4,x1392,-3.306824,active-covalent
C[C@@H]([C@@]1(C=C(C=C1c2ccccc2F)C[NH2+]C)S(=O)(=O)c3cccnc3)N(C)C(=O)C4CCN(CC4)C(=O)CCl,MAK-UNK-8fd-4,x0305,-3.253440,active-noncovalent
C[C@@H](Cc1c(ccc(c1F)F)[C@H]2CN(CCO2)C(=O)C=C)Nc3ccc(cn3)C#N,BEN-VAN-77c-12,x0759,-3.237170,active-covalent
c1cncc(c1C[N@@H+]2CCCN(CC2)C(=O)CCl)Nc3cc4c(s3)CCCC4,WAR-XCH-bdd-25,x1334,-3.233390,active-covalent
COCCNc1c(c(c(c(n1)F)C#N)Nc2cscc2[C@@H]3CCC[C@@H]3C(=O)NC(=O)C=C)F,BEN-VAN-d2b-11,x0874,-3.231313,active-noncovalent
CNc1c(cnc(n1)C[NH+]2CCN(CC2)C(=O)CCl)c3ccsc3,MAK-UNK-e4a-23,x0387,-3.230167,active-noncovalent
Cn1ccc2c1c(ccc2)CCc3ccnc(c3)[C@@H]4CCCN(C4)C(=O)CCl,WAR-XCH-bdd-20,x1334,-3.216296,active-covalent
c1cc(c(cc1C#N)C[NH+]2CCN(CC2)C(=O)CCl)CNC(=O)N3CCOCC3,TAM-UNI-d1c-1,x1392,-3.116615,active-covalent
CC(C)N(c1c(cccn1)S(=O)(=O)n2cc(cc2c3ccccc3F)C[NH2+]C)C(=O)C4CCN(CC4)C(=O)CCl,MAK-UNK-8fd-25,x0305,-3.104195,active-noncovalent
C[C@H](N)[NH2+][C@@H](CC(=O)N)C(=O)N[C@H]1CC[C@H](CN1C(=O)CCl)c2nc3cc(ccc3s2)Cc4ccc(cc4)S(=O)(=O)N,DAV-CRI-f9b-9,x0749,-3.083346,active-covalent
Cc1ccc2c(c1)[C@H](C(=O)N([C@@H]2[C@H]3CS(=O)(=O)C[C@@H]3N4CCCC4=O)C(=O)CCl)c5ccccc5,DAV-CRI-f47-6,x1392,-3.076247,active-covalent
c1ccc(cc1)[C@@H]2c3cc(ccc3[C@H](N(C2=O)C(=O)CCl)[C@H]4CS(=O)(=O)C[C@@H]4N5CCCC5=O)O,DAV-CRI-f47-5,x1392,-3.063451,active-covalent
CC(=O)NCCCc1cn(c2c1ccc(c2)[C@H]3CN(Cc4c3cccc4)C(=O)CCl)C,TAM-UNI-d1c-11,x1392,-3.047361,active-covalent
C[C@H](Nc1cccnc1Cl)OCc2cc(ccc2F)[C@@H]3CN(CCO3)C(=O)C=C,BEN-VAN-77c-4,x1478,-3.034378,active-covalent
CCNc1cc(c(cn1)C#N)Nc2c(csc2F)[C@@H]3CCC[C@@H]3C(=O)NC(=O)C=C,BEN-VAN-d2b-13,x0874,-2.854450,active-noncovalent
COc1ccc(cc1)n2cc(nn2)C[NH+]3CCN(CC3)C(=O)CCl,ANT-STE-dbb-1,x1386,-2.789942,active-covalent
C=CC(=O)N1CC(C1)NS(=O)(=O)c2c(cccc2F)OCCCNc3ccc(cn3)C#N,JAN-GHE-bf4-8,x0692,-2.647098,active-covalent
C[C@@H](c1ccc(c(c1)F)c2cc(cn2S(=O)(=O)c3cccnc3)C[NH2+]C)N(C)C(=O)C4CCN(CC4)C(=O)CCl,MAK-UNK-8fd-13,x0305,-2.646001,active-noncovalent
C[C@H](N)[NH2+][C@@H](CC(=O)N)C(=O)N[C@H]1CC[C@H](CN1C(=O)CCl)c2nc3cc(ccc3s2)c4ccc(cc4)S(=O)(=O)N,DAV-CRI-f9b-1,x0749,-2.624542,active-covalent
c1cc(c(cc1Cl)C[NH+]2CCN(CC2)C(=O)CCl)CNC(=O)N3CCOCC3,STU-CHA-6ca-1,x1249,-2.579540,active-noncovalent
CC(C)N(c1ccncc1S(=O)(=O)n2cc(cc2c3ccccc3F)C[NH2+]C)C(=O)C4CCN(CC4)C(=O)CCl,MAK-UNK-8fd-21,x0305,-2.502165,active-noncovalent
c1ccc(c(c1)C[N@@H+](C2CCC(CC2)O)C3CCN(CC3)C(=O)CCl)C#N,WAR-XCH-72a-6,x1418,-2.492003,active-covalent
Cc1ccc2c(c1)[C@H](C(=O)N([C@@H]2[C@H]3CS(=O)(=O)C[C@@H]3N4CCCC4=O)C(=O)CCl)c5ccc(cc5)O,DAV-CRI-f47-8,x1392,-2.329210,active-covalent
c1ccc(cc1)C[C@H]2C[N@@H+](CCN2C(=O)CCl)Cc3cccc(c3)Cl,DAN-LON-a5f-10,x0770,-2.224048,active-covalent
CCC(=O)/N=C/C(=O)N(CC[NH+]1CCOCC1)Cc2c(ccs2)Br,JUA-UNI-bc0-3,x1382,-2.198053,active-covalent
Cc1ncc(s1)C2(CCCCC2)[NH+]3CCN(CC3)C(=O)CCl,WAR-XCH-79d-9,x1478,-2.189257,active-covalent
c1ccc(cc1)CCNS(=O)(=O)CC(=O)N[C@H](Cc2ccc(cc2)O)C(=O)NCC#CBr,MAK-UNK-c44-8,x0072,-2.181119,active-noncovalent
C1CN(CCC1[NH+]2CCN(CC2)C(=O)CCl)C(=O)CCl,WAR-XCH-b03-18,x1493,-2.098330,active-covalent
Cc1ccc2c(c1)[C@H](CN([C@@H]2[C@H]3CS(=O)(=O)C[C@@H]3N4CCCC4=O)C(=O)CCl)c5ccccc5,DAV-CRI-f47-1,x1384,-2.095085,active-covalent
C[C@@H](C(=O)N)NC(=O)[C@@H]1[C@@H](CC1(F)F)c2cccc3c2CN([C@H]([C@H]3c4ccccc4)c5cc(ncn5)NC(=O)N)C(=O)CCl,INS-INS-9a4-1,x1392,-2.085247,active-covalent
c1cc2c(cc1C(=O)N)Sc3ccc(cc3C(=[NH+]2)NC(=O)CCl)Cl,AVI-UNI-a66-3,x1382,-2.080060,active-covalent
Cc1ccc(cc1)S(=O)(=O)NC2CCN(CC2)C(=O)CCl,WAR-XCH-79d-4,x1478,-2.043401,active-covalent
C[C@@H](c1cccc(c1c2cc(cn2S(=O)(=O)c3cccnc3)C[NH2+]C)F)N(C)C(=O)C4CCN(CC4)C(=O)CCl,MAK-UNK-8fd-15,x0305,-1.952273,active-noncovalent
c1ccc(cc1)C[NH2+][C@@H]2CN(CC[C@H]2NC(=O)c3ccccc3)C(=O)CCl,SIM-SYN-7db-1,x0692,-1.935841,active-covalent
COC(=O)c1cccc(c1)NS(=O)(=O)CC(=O)Nc2cccc(c2)N3CCCC3=O,MAK-UNK-915-1,x1384,-1.811847,active-covalent
C=CS(=O)(=O)[N@]1CCC[C@@H](C1)c2cn(nn2)c3ccc4c(c3)nc[nH]4,TOB-UNK-c2a-7,x1386,-1.751881,active-covalent
c1cc(ccc1CNC(=O)N2CCO[C@@H](C2)Cc3cc(ccc3Cl)S(=O)(=O)N4CCN(CC4)C(=O)CCl)C#N,PED-UNI-b79-2,x1249,-1.733013,active-noncovalent
C[C@H](Nc1cccnc1Cl)OCc2cc(cc(c2F)F)[C@@H]3CN(CCO3)C(=O)C=C,BEN-VAN-77c-5,x0759,-1.698888,active-covalent
c1ccc(cc1)[C@H]2CN([C@@H](c3c2cc(cc3)O)[C@H]4CS(=O)(=O)C[C@@H]4N5CCCC5=O)C(=O)CCl,DAV-CRI-f47-3,x1392,-1.680602,active-covalent
Cc1cc(co1)c2cccc(c2)[C@@H]3c4cccc(c4CN([C@@H]3c5cc(ncn5)NC(=O)N)C(=O)CCl)C6CC(C6)(F)F,INS-INS-68e-1,x1392,-1.678821,active-covalent
CCC(=O)/N=C/C(=O)N(Cc1ccccc1)C[C@@H](c2cccs2)O,JUA-UNI-bc0-1,x1382,-1.635661,active-covalent
COc1cccc(c1)n2cc(nn2)C[NH+]3CCN(CC3)C(=O)CCl,ANT-STE-dbb-2,x1386,-1.467141,active-covalent
C=CC(=O)N1CC(C1)NS(=O)(=O)c2ccccc2c3ccc(cc3)Nc4ccc(cn4)C#N,JAN-GHE-bf4-5,x0692,-1.451895,active-covalent
Cc1cc(nc(n1)NC2CCN(CC2)C(=O)CCl)C,GIA-UNK-a79-1,x1351,-1.436659,active-covalent
c1cc(cc(c1)NC(=O)c2cnc(s2)Cc3ccsc3)C[NH+]4CCN(CC4)C(=O)CCl,MAK-UNK-e4a-8,x0692,-1.424988,active-covalent
CC(C)N(C=[S@@](=O)(c1cccnc1)n2cc(cc2c3ccccc3F)C[NH2+]C)C(=O)C4CCN(CC4)C(=O)CCl,MAK-UNK-8fd-20,x0305,-1.423294,active-noncovalent
CC(=O)N[C@@H](Cc1ccc(cc1)O)C(=O)N[C@@H](c2ccccc2)[NH+]3CCN(CC3)C(=O)CCl,NIM-UNI-ed9-3,x0967,-1.408819,active-noncovalent
Cn1ccc2c1c(ccc2)c3cc(ccn3)CCC4CCN(CC4)C(=O)CCl,WAR-XCH-bdd-22,x1334,-1.368689,active-covalent
c1ccc2c(c1)c(nc(n2)c3cccnc3)[C@@H]4CCCN(C4)C(=O)CCl,WAR-XCH-bdd-16,x1334,-1.345714,active-covalent
CC(C)N(C(=O)C1CCN(CC1)C(=O)CCl)[C@@]2(C=C(C=C2c3ccccc3F)C[NH2+]C)S(=O)(=O)c4cccnc4,MAK-UNK-8fd-19,x0305,-1.215507,active-noncovalent
C[C@H](Nc1cccnc1Cl)OCc2cc(c(cc2F)F)[C@@H]3CN(CCO3)C(=O)C=C,BEN-VAN-77c-6,x0759,-0.989327,active-covalent
c1ccc2c(c1)c(nc(n2)c3cccnc3)C4CCN(CC4)C(=O)CCl,WAR-XCH-b03-19,x1458,-0.831118,active-covalent
c1cncc(c1C[NH+]2CCN(CC2)C(=O)CCl)Nc3cc4c(s3)CCCC4,WAR-XCH-bdd-26,x1334,-0.827863,active-covalent
C[C@H](Cc1ccccc1c2cc(cn2S(=O)(=O)c3cccnc3)C[NH2+]C)N(C)C(=O)C4CCN(CC4)C(=O)CCl,MAK-UNK-8fd-11,x0305,-0.753580,active-noncovalent
C=CC(=O)NC1CN(C1)S(=O)(=O)c2ccccc2c3ccc(cc3)Nc4ccc(cn4)C#N,JAN-GHE-bf4-6,x0692,-0.717830,active-covalent
C=CS(=O)(=O)N1CC[NH+](CC1)Cc2cn(nn2)c3ccc4c(c3)nc[nH]4,TOB-UNK-c2a-5,x1386,-0.714680,active-covalent
c1ccc(cc1)[C@H]2CN(Cc3c2ccc(c3)NCc4cc(n(c4)S(=O)(=O)c5cccnc5)c6ccccc6F)C(=O)CCl,MAK-UNK-702-9,x0387,-0.669664,active-noncovalent
c1ccc(cc1)[C@H]2CN(Cc3c2c(ccc3)NCc4cc(n(c4)S(=O)(=O)c5cccnc5)c6ccccc6F)C(=O)CCl,MAK-UNK-702-11,x0387,-0.525374,active-noncovalent
C=CC(=O)NC1CN(C1)S(=O)(=O)c2c(cccc2F)OCCCNc3ccc(cn3)C#N,JAN-GHE-bf4-7,x0305,-0.409975,active-noncovalent
CC(C)N(c1ccc(c(c1)c2cc(cn2S(=O)(=O)c3cccnc3)C[NH2+]C)F)C(=O)C4CCN(CC4)C(=O)CCl,MAK-UNK-8fd-30,x0305,-0.370065,active-noncovalent
c1c2c(sc1N(C3CCC(CC3)O)C4CCN(CC4)C(=O)CCl)CCCC2,WAR-XCH-bdd-32,x1334,-0.314765,active-covalent
Cc1ccc(cc1)N([C@H](c2ccc(cc2)O)C(=O)NC3CCCCC3)C(=O)[C@@H]4C(S(=O)(=O)[C@@H]5N4C(=O)C5)(C)C,FAR-UNI-956-1,x0759,-0.313162,active-covalent
C[C@H](Cc1cc(n(c1)S(=O)(=O)c2cccnc2)c3ccccc3F)[C@H](C)N(C)C(=O)C4CCN(CC4)C(=O)CCl,MAK-UNK-8fd-2,x0305,-0.236167,active-noncovalent
CC(C)N(c1cccc(c1F)c2cc(cn2S(=O)(=O)c3cccnc3)C[NH2+]C)C(=O)C4CCN(CC4)C(=O)CCl,MAK-UNK-8fd-27,x0305,-0.202656,active-noncovalent
C[C@@H](c1ccncc1S(=O)(=O)n2cc(cc2c3ccccc3F)C[NH2+]C)N(C)C(=O)C4CCN(CC4)C(=O)CCl,MAK-UNK-8fd-6,x0305,-0.173815,active-noncovalent
C[C@@H](c1ccc(cn1)S(=O)(=O)n2cc(cc2c3ccccc3F)C[NH2+]C)N(C)C(=O)C4CCN(CC4)C(=O)CCl,MAK-UNK-8fd-8,x0305,-0.056872,active-noncovalent
CC(C)[N@@H+](C)[C@@H](/C=N/Cc1cc(n(c1)S(=O)(=O)c2cccnc2)c3ccccc3F)C4CCN(CC4)C(=O)CCl,MAK-UNK-8fd-39,x0305,-0.024756,active-noncovalent
Cc1ccc2cc(cc(c2c1)N([C@H]3CCS(=O)(=O)C3)C(=O)CCl)c4c(cc[nH]4)C(=O)c5ccc(c(c5)Cl)C,INS-INS-8db-1,x1311,-0.011295,active-covalent
c1ccc2c(c1)cccc2Cc3ccc(s3)S(=O)(=O)N4CCN(CC4)C(=O)CCl,MAK-UNK-e05-8,x1402,0.017614,active-covalent
CN(CC(=O)[C@H]1CCCN1C(=O)c2ccccc2)C(=O)CCl,GIA-UNK-d2d-9,x0540,0.028600,active-noncovalent
c1cc(ccc1CNC(=O)N2CCO[C@@H](C2)Cc3cc(ccc3Cl)S(=O)(=O)N4CCN(CC4)C(=O)CCl)N(=O)=O,PED-UNI-b79-1,x1249,0.091272,active-noncovalent
CC(C)N(Cc1ccccc1c2cc(cn2S(=O)(=O)c3cccnc3)C[NH2+]C)C(=O)C4CCN(CC4)C(=O)CCl,MAK-UNK-8fd-26,x0305,0.106145,active-noncovalent
C[C@@H](C[NH2+]Cc1cc(n(c1)S(=O)(=O)c2cccnc2)c3ccccc3F)N(C)C(=O)C4CCN(CC4)C(=O)CCl,MAK-UNK-8fd-1,x0305,0.267145,active-noncovalent
C1CCC(CC1)C(=O)N2CCC[C@@H]2C(=O)CNC(=O)CCl,GIA-UNK-d2d-8,x0540,0.273131,active-noncovalent
c1ccc(cc1)C(=O)N2CCC[C@@H]2C(=O)CNC(=O)CCl,GIA-UNK-d2d-7,x0540,0.406554,active-noncovalent
CC(C)N(c1cccc(c1c2cc(cn2S(=O)(=O)c3cccnc3)C[NH2+]C)F)C(=O)C4CCN(CC4)C(=O)CCl,MAK-UNK-8fd-31,x0305,0.410786,active-noncovalent
C[C@H](N)[NH2+][C@@H](CC(=O)N)C(=O)N[C@H]1CC[C@H](CN1C(=O)CCl)c2nc3cc(ccc3s2)c4ccc(c(c4)[O-])S(=O)(=O)N,DAV-CRI-f9b-5,x0749,0.467053,active-covalent
CC(C)[C@@](C)(C(=O)C1CCN(CC1)C(=O)CCl)[NH2+]Cc2cc(n(c2)S(=O)(=O)c3cccnc3)c4ccccc4F,MAK-UNK-8fd-40,x0305,0.491287,active-noncovalent
CC(C)N(C)C(=O)[C@H]1CCN([C@@H](C1)[NH2+]Cc2cc(n(c2)S(=O)(=O)c3cccnc3)c4ccccc4F)C(=O)CCl,MAK-UNK-8fd-36,x0305,0.688050,active-noncovalent
CC(C)N(C[NH2+]Cc1cc(n(c1)S(=O)(=O)c2cccnc2)c3ccccc3F)C(=O)C4CCN(CC4)C(=O)CCl,MAK-UNK-8fd-16,x0305,0.689232,active-noncovalent
C[C@@H](c1cc(cnc1)S(=O)(=O)n2cc(cc2c3ccccc3F)C[NH2+]C)N(C)C(=O)C4CCN(CC4)C(=O)CCl,MAK-UNK-8fd-7,x0305,0.717149,active-noncovalent
c1ccc(cc1)[C@@H]2CN([C@H](c3c2cccc3)[NH2+]Cc4cc(n(c4)S(=O)(=O)c5cccnc5)c6ccccc6F)C(=O)CCl,MAK-UNK-702-5,x0387,0.776862,active-noncovalent
C[C@@H](c1ccc(c(c1)c2cc(cn2S(=O)(=O)c3cccnc3)C[NH2+]C)F)N(C)C(=O)C4CCN(CC4)C(=O)CCl,MAK-UNK-8fd-14,x0305,0.793131,active-noncovalent
C[C@@H](c1cccc(c1)S(=O)(=O)n2cc(cc2c3ccccc3F)C[NH2+]C)N(C)C(=O)C4CCN(CC4)C(=O)CCl,MAK-UNK-8fd-9,x0305,0.831258,active-noncovalent
CC(C)N([C@@H](c1cc(n(c1)S(=O)(=O)c2cccnc2)c3ccccc3F)[NH2+]C)C(=O)C4CCN(CC4)C(=O)CCl,MAK-UNK-8fd-18,x0305,0.848668,active-noncovalent
C[C@@H](C=[S@@](=O)(c1cccnc1)n2cc(cc2c3ccccc3F)C[NH2+]C)N(C)C(=O)C4CCN(CC4)C(=O)CCl,MAK-UNK-8fd-5,x0305,0.916315,active-noncovalent
CC(C)N(c1ccc(c(c1)F)c2cc(cn2S(=O)(=O)c3cccnc3)C[NH2+]C)C(=O)C4CCN(CC4)C(=O)CCl,MAK-UNK-8fd-29,x0305,1.097454,active-noncovalent
CC(C)N(c1ccc(c(c1)F)c2cc(cn2S(=O)(=O)c3cccnc3)C[NH2+]C)C(=O)C4CCN(CC4)C(=O)CCl,MAK-UNK-8fd-28,x0305,1.097454,active-noncovalent
C[C@@H](c1c(cccn1)S(=O)(=O)n2cc(cc2c3ccccc3F)C[NH2+]C)N(C)C(=O)C4CCN(CC4)C(=O)CCl,MAK-UNK-8fd-10,x0305,1.316514,active-noncovalent
C[C@@H](c1cccc(c1F)c2cc(cn2S(=O)(=O)c3cccnc3)C[NH2+]C)N(C)C(=O)C4CCN(CC4)C(=O)CCl,MAK-UNK-8fd-12,x0305,1.335625,active-noncovalent
c1ccc(cc1)[C@H]2CN(Cc3c2cc(cc3)NCc4cc(n(c4)S(=O)(=O)c5cccnc5)c6ccccc6F)C(=O)CCl,MAK-UNK-702-10,x0387,1.540941,active-noncovalent
c1ccc2c(c1)CN(C[C@@H]2c3ccc(cc3)NCc4cc(n(c4)S(=O)(=O)c5cccnc5)c6ccccc6F)C(=O)CCl,MAK-UNK-702-14,x0387,1.682573,active-noncovalent
C1CC=C(C(=C1)C#N)C2=NC(=[NH+][C@H]([C@@H]2C#N)O)SCC(=O)NC3=CCN=C[C@@H]3C(F)F,JON-UIO-cc9-8,x1382,1.878609,active-covalent
CC(C)N(C)C(=O)C1(CCN(CC1)C(=O)CCl)[NH2+]Cc2cc(n(c2)S(=O)(=O)c3cccnc3)c4ccccc4F,MAK-UNK-8fd-38,x0305,2.017221,active-noncovalent
CC(C)N(C)C(=O)[C@@H]1CCN(C[C@H]1[NH2+]Cc2cc(n(c2)S(=O)(=O)c3cccnc3)c4ccccc4F)C(=O)CCl,MAK-UNK-8fd-37,x0305,2.352189,active-noncovalent
CC(C)N(c1cc(cnc1)S(=O)(=O)n2cc(cc2c3ccccc3F)C[NH2+]C)C(=O)C4CCN(CC4)C(=O)CCl,MAK-UNK-8fd-22,x0305,2.377596,active-noncovalent
C[C@H](Cc1cc(n(c1)S(=O)(=O)c2cccnc2)c3ccccc3F)N(C(C)C)C(=O)C4CCN(CC4)C(=O)CCl,MAK-UNK-8fd-17,x0305,2.419015,active-noncovalent
c1cc(cc(c1)C(F)(F)F)C(=O)c2ccsc2c3cc4c(c(c3)N([C@H]5CCS(=O)(=O)C5)C(=O)CCl)C(=O)NC4,INS-INS-a68-1,x1311,2.477818,active-covalent
c1ccc(cc1)[C@H]2CN(Cc3c2cccc3NCc4cc(n(c4)S(=O)(=O)c5cccnc5)c6ccccc6F)C(=O)CCl,MAK-UNK-702-8,x0387,2.560536,active-noncovalent
CC(C)N(c1cccc(c1)S(=O)(=O)n2cc(cc2c3ccccc3F)C[NH2+]C)C(=O)C4CCN(CC4)C(=O)CCl,MAK-UNK-8fd-24,x0305,2.566427,active-noncovalent
CC(C)([NH2+]Cc1cc(n(c1)S(=O)(=O)c2cccnc2)c3ccccc3F)N(C)C(=O)C4CCN(CC4)C(=O)CCl,MAK-UNK-8fd-41,x0305,2.606719,active-noncovalent
C=CC(=O)Nc1cc(ccc1O)C(=O)NC[C@H](Cc2ccccc2)c3ccccn3,JUA-UNI-bc0-5,x1382,2.881295,active-covalent
C=CC(=O)NCc1ccc(cc1)C(=O)N[C@H](CO)c2ccc(c(c2)F)Br,JUA-UNI-bc0-4,x1382,3.064626,active-covalent
C[C@@H]([C@H](c1cc(n(c1)S(=O)(=O)c2cccnc2)c3ccccc3F)[NH2+]C)N(C)C(=O)C4CCN(CC4)C(=O)CCl,MAK-UNK-8fd-3,x0305,3.172751,active-noncovalent
c1ccc2c(c1)CN(C[C@@H]2c3ccccc3NCc4cc(n(c4)S(=O)(=O)c5cccnc5)c6ccccc6F)C(=O)CCl,MAK-UNK-702-12,x0387,3.560473,active-noncovalent
c1ccc2c(c1)CN(C[C@@H]2c3ccccc3NCc4cc(n(c4)S(=O)(=O)c5cccnc5)c6ccccc6F)C(=O)CCl,MAK-UNK-702-16,x0387,3.889390,active-noncovalent
CC(C)N(c1ccc(cn1)S(=O)(=O)n2cc(cc2c3ccccc3F)C[NH2+]C)C(=O)C4CCN(CC4)C(=O)CCl,MAK-UNK-8fd-23,x0305,3.987191,active-noncovalent
c1ccc(cc1)[C@@]2(CN(Cc3c2cccc3)C(=O)CCl)[NH2+]Cc4cc(n(c4)S(=O)(=O)c5cccnc5)c6ccccc6F,MAK-UNK-702-6,x0387,4.207771,active-noncovalent
c1cc(cc(c1)C(F)(F)F)C(=O)c2ccsc2c3cc4c(c(c3)N([C@H]5CCS(=O)(=O)C5)C(=O)CCl)C[C@H](C4)C#N,INS-INS-bc9-1,x1311,4.534545,active-covalent
Cc1cc(c2c(c1)c(c([nH]2)C)C)CNC(=O)c3ccc(cc3)CNC(=O)C=C,JUA-UNI-bc0-2,x1382,5.219818,active-covalent
CC1(Cc2cc(cc(c2C1=O)N([C@H]3CCS(=O)(=O)C3)C(=O)CCl)c4ccnn4c5nnc6n5ccc(c6)C(=O)NC)C,INS-INS-7e2-1,x1311,5.337206,active-covalent
CCCC(=O)c1ccsc1c2cc(cc(c2)N([C@H]3CCS(=O)(=O)C3)C(=O)CCl)c4ccc5c(c4C(C)C)CCO5,INS-INS-714-1,x1311,5.865649,active-covalent
c1ccc2c(c1)CN(C[C@@H]2c3cccc(c3)NCc4cc(n(c4)S(=O)(=O)c5cccnc5)c6ccccc6F)C(=O)CCl,MAK-UNK-702-13,x0387,6.719999,active-noncovalent
c1ccc2c(c1)CN(C[C@@H]2c3cccc(c3)NCc4cc(n(c4)S(=O)(=O)c5cccnc5)c6ccccc6F)C(=O)CCl,MAK-UNK-702-15,x0387,6.719999,active-noncovalent
c1cc2cc(c(cc2c(c1)S(=O)(=O)N3CC[NH+](CC3)Cc4ccc(s4)S(=O)(=O)N5CCN(CC5)C(=O)CCl)Cc6ccsc6)Cc7ccc(s7)Cl,MAK-UNK-e05-3,x1402,6.921484,active-covalent
c1cc2cc(c(cc2c(c1)S(=O)(=O)N3CC[NH+](CC3)Cc4ccc(s4)S(=O)(=O)N5CCN(CC5)C(=O)CCl)Cc6ccsc6)Cc7ccc(s7)Cl,MAK-UNK-e05-4,x1402,6.921484,active-covalent
c1cc2cc(c(cc2c(c1)S(=O)(=O)N3CC[NH+](CC3)Cc4ccc(s4)S(=O)(=O)N5CCN(CC5)C(=O)CCl)Cc6cccs6)CCc7ccc(s7)Cl,MAK-UNK-e05-1,x1402,7.089044,active-covalent
C[C@@H](C(=O)N)NC(=O)[C@@H]1[C@@H](CC1(F)F)c2cccc3c2CN([C@H]([C@H]3c4ccccc4)c5cc(ncn5)NC(=O)N)C(=O)CCl,INS-INS-abe-1,x1392,7.149814,active-covalent
Cc1cc(ccc1[C@H]2[C@@H]([C@H]([C@@H](O2)CO)OC[NH+]3CCC(CC3)O)O)C[NH+]4CCN(CC4)C(=O)CCl,MAK-UNK-e4a-19,x0692,8.078110,active-covalent
c1cc2cc(c(cc2c(c1)S(=O)(=O)N3CC[NH+](CC3)Cc4ccc(s4)S(=O)(=O)N5CCN(CC5)C(=O)CCl)CCc6ccsc6)C[NH+]7CCN(CC7)c8ccc(s8)Cl,MAK-UNK-e05-5,x1402,8.088060,active-covalent
c1cc2cc(c(cc2c(c1)S(=O)(=O)N3CC[NH+](CC3)Cc4ccc(s4)S(=O)(=O)N5CCN(CC5)C(=O)CCl)Cc6ccsc6)CCc7ccc(s7)Cl,MAK-UNK-e05-2,x1402,8.955384,active-covalent
c1cc2cc(c(cc2c(c1)S(=O)(=O)N3CC[NH+](CC3)Cc4ccc(s4)S(=O)(=O)N5CCN(CC5)C(=O)CCl)CCc6ccsc6)C[NH+]7CCN(CC7)S(=O)(=O)c8ccc(s8)Cl,MAK-UNK-e05-7,x1402,9.783469,active-covalent
c1cc2cc(c(cc2c(c1)S(=O)(=O)N3CC[NH+](CC3)Cc4ccc(s4)S(=O)(=O)N5CCN(CC5)C(=O)CCl)CCc6ccsc6)C[NH+]7CCN(CC7)S(=O)(=O)[C@H]8CC[C@@H](S8)Cl,MAK-UNK-e05-6,x1402,10.437064,active-covalent
