smiles,Mpro-x0072_dock,Mpro-x0104_dock,Mpro-x0107_dock,Mpro-x0161_dock,Mpro-x0195_dock,Mpro-x0305_dock,Mpro-x0354_dock,Mpro-x0387_dock,Mpro-x0395_dock,Mpro-x0397_dock,Mpro-x0426_dock,Mpro-x0434_dock,Mpro-x0540_dock,Mpro-x0678_dock,Mpro-x0874_dock,Mpro-x0946_dock,Mpro-x0967_dock,Mpro-x0991_dock,Mpro-x0995_dock,Mpro-x1077_dock,Mpro-x1093_dock,Mpro-x1249_dock
Brc1c[nH]c(c1)C(=O)NCc1nnc2n1cccc2,,,,,,,,,,-11.367557525634766,,,,,,,,,,,,
Brc1ccc(c(c1)[N+](=O)[O-])C(=O)NC(c1cccc(c1)C(F)(F)F)C,,,,,,,,,,,,,,,,,-12.195198059082033,,,,,
Brc1ccc(cc1)NC(c1c(C)[nH]c2c1cccc2)c1ccccn1,,,,,,,,,,,,,,,-11.969464302062988,,,,,,,
Brc1cccc(c1)C1(CCCC1)C(=O)Nc1cccnc1,,,,,,,,,,,,,,,,-11.042842864990234,,,,,,
Brc1cccc(c1)OCCn1cnc2c(c1=O)cccc2,,,,,,,,,,,,,,,,,,,,,-12.103425979614258,
Brc1cnc(c(c1)S(=O)(=O)N1CCC(C1)Oc1cccnc1)N,,,,,,,,,,,,,,,,,,-11.795487403869627,,,,
Brc1cncc(c1)C(=O)NC(c1ccccn1)c1ccccc1,,,,,,,,,,-10.790013313293457,,,,,,,,,,,,
Brc1cncc(c1)C(=O)NCCn1c(C)nc2c1cccc2,-11.790989875793455,,,,,,,,,,,,,,,,,,,,-12.11111068725586,
Brc1cncc(c1)C(=O)N[C@H](c1nc2c([nH]1)cccc2)Cc1ccccc1,,,,,,,-12.099448204040527,,,,,,,,,,,,,,,
Brc1cncc(c1)C(=O)Nc1c(nc2n1cccc2C)c1ccccc1,,,,-13.342823028564453,,,-11.91294002532959,,,,,,,,,,,,,,,
Brc1cncc(c1)C(=O)Nc1sc2c(c1c1nc3c([nH]1)cccc3)CCCC2,,,,,,,-11.879929542541506,,,,,,,,,,,,,,,
C(CC12CC3CC(C2)CC(C1)C3)Sc1nn2c(n1)nccc2,,,-11.274331092834473,,,,,,,,,,,,,,,,-11.819356918334961,-12.529581069946287,,
C=CCc1cc(CN2CCC(CC2)c2[nH]ncc2)cc(c1O)OC,,,,,,,,,,,,,,,,,,-11.653864860534668,,,,
C=CCn1cnnc1SCc1cc(Cl)ccc1OCc1cccnc1,,,,,,,,,,,,,,-12.556279182434082,,,,,,,,
CC(=O)NC1CCN(CC1)C(=O)c1ccc2c(c1O)OC(C2)(C)C,,,,-12.512317657470705,,,,,,,,,,,,,,,,,,
CC(=O)Nc1cc(ccc1F)C(=O)N1CCc2c(C1)cc(cc2)O,,,,,-11.560532569885256,,,,,,,,,,,,,,,,,
CC(=O)Nc1ccc(cc1)CCNc1ncnc2c1c(C)ccc2,,,,,,,,,,,,,,,,,,-11.0126953125,,,,
CC(=O)Nc1cccc(c1)Oc1c(=O)[nH]c2c(c1c1ccccc1)cccc2,,,,,-11.672770500183105,,,,,,,,,,,,,,,,,
CC(=O)Nc1ccn(n1)C1CCN(C1)C(c1ccccn1)C,,,,,,,,,-11.537413597106935,,,,,,,,,,,,,
CC(=O)c1ccc(cc1)Oc1nc(nc2c1cccc2)c1cccnc1,,,,,,,,,,,,-12.42342758178711,,,,,,,,-12.531909942626953,,
CC(C(=O)NC1(CC1)c1ccccc1)Cc1c(C)n[nH]c1C,,,,,,,,,,,,,,,,,-12.2381591796875,,,,,
CC(C1CCCCN1C(=O)C(c1cccnc1)C)N,,,,,,,,,,,,,-10.428166389465332,,,,,,,,,
CC(C1Nc2ccccc2N(C1)C(=O)c1c[nH]nn1)C,,,,,,,,,,-10.615921020507812,,,,,,,,,,,,
CC(C1OCCCC1Nc1nccc(n1)NCc1ccncc1)C,,,,,,,,,,,,,-9.880460739135742,,,,,,,,,
CC(CC(c1ccccc1OCC(C)C)Nc1nn2c(s1)nccc2=O)C,-11.815126419067385,,,,,,,,,,,,,,,,,,,,,
CC(CC(c1onc(n1)c1nnc[nH]1)NC(=O)c1cncc(c1)C)C,,,,,,,,,,-12.55750846862793,,,,,,,,,,,,
CC(CN(Cc1nnnn1C1CC1)CC(=O)N)C,,,,,,,,,,,,,,,,,,-11.03879165649414,,,,
CC(N(c1ccccc1)C(=O)CNc1ccc(c(c1)C(=O)N)F)C,,,,,,,,,,,-10.43122673034668,,,,,,,,,,,
CC(NC(=O)c1[nH]nc(c1)C)CC(=O)c1ccccc1,,,,,,,,-10.375605583190918,,,,,,,,,,,,,,
CC(NC(=O)c1c(O)nc2c(c1C)cccc2)Cn1cncn1,,,,,,,,,,,,,,,,,,,,,-12.220702171325685,
CC(OC(=O)c1c(C)[nH]c(c1C)C(=O)NCc1nnc2n1cccc2)C,,,,,,,,,-11.89615535736084,,,,,,,,,,,,,
CC([C@H]1OCC[C@@H]1c1noc(n1)C=Cc1cnccc1C)(C)C,,,,,,,,,,-10.707929611206056,,,,,,,,,,,,
CC(c1cccc(c1)C(F)(F)F)CNC(=O)c1cc[nH]c(=O)c1,,,,,,,,,,,,,,-12.868171691894533,,,,,,,,
CC(c1ccccc1)NC(=O)c1cccnc1,,,,,,,,,,,,,-9.904394149780273,,,-11.014043807983398,,,,,,
CC(c1ccncc1)NC(=O)NCC1(C)CCCC1,,,,,,,,,,,,,-10.053869247436523,,,,,,,,,
CC1CCC(CC1)N(C(=O)Cc1cccnc1)CC1CCCO1,,,,,,,,,,,,,,,-12.48996353149414,,,,,,,
CC1CCCCN1C(=O)NCCNC(=O)c1ccn[nH]1,,,,,,,,,,,,,,,,-11.05606174468994,,,,,,
CC1CCCCN1Cc1ccccc1CNCc1c[nH]nc1C.Cl,,,,,,,,,,,,,,,,,,-11.69018840789795,,,,
CC1CCCN(C1)c1nc(nc2c1c(cs2)c1ccccc1)c1cccnc1,,,,,,,,-10.302542686462402,,,,,,,,,,,,,,
CC1CCCN(CC1)Cc1nc2ccccc2c(=O)[nH]1,,,,,,,,,,,,,,-12.655281066894533,,,,,,,,
CC1CCN(CC1)c1nc(nc2c1c(cs2)c1ccccc1)c1cccnc1,,,,,,,,-10.325406074523926,-11.644617080688475,,,,,,,,,,,,,
CC1CCN(c2c(S1)cccc2)C(=O)CSc1nnc[nH]1,,,,,,,-11.844127655029295,,,,,,,,,,,,,,,
CC1CCc2c(C1)sc1c2c(Oc2ccc3c(c2)cncc3)nc(n1)C,,,,,,,,,,,,,-10.351563453674316,,,,,,,,,
CCC(C(c1nc2c([nH]1)cccc2)NC(=O)c1ccc(nc1)O)C,,,,,,,,,,,,,,,,,-12.418176651000975,,,,,
CCC(N(C(=O)c1cc(C)c2c(n1)nc([nH]c2=O)O)Cc1ccccc1)C,,,,,,,,,,,,,,,,,,,,,-12.36235523223877,
CCC(c1scc(n1)C(F)(F)F)NC(=O)Nc1cccnc1,,,,,,,,,,,,,,-12.37860870361328,,,,,,,,
CCC1CN2CCCCC2CN1C(=O)CCc1n[nH]nn1,,,,,,,,,,,,,,,,,,,,,-12.185462951660154,
CCCOc1ccc(cc1)C(=O)N1CCN(CC1)Cc1nc2ccccc2c(=O)[nH]1,,-12.734293937683105,,,,,,,,,,,,,,,,,,,,
CCCc1nnc([nH]1)SCC(=O)c1cc(F)ccc1F,,,,,-11.778704643249512,,,,,,,,,,,,,,,,,
CCCn1c(NC(=O)CCc2onc(n2)c2ccncc2)nc2c1cccc2,,,,,,,,,,,,,,,,,,,,,-12.477972030639648,
CCN(C(=O)c1ccc([nH]c1=O)C)Cc1ccc2c(c1)OCO2,,,-11.56891918182373,,,,,,,,,,,,,,,,,,,
CCN1CC(C(C1)NS(=O)(=O)c1cncc(c1)F)C,,,,,,,,,-11.433229446411133,,,,,,,,,-11.143260955810547,-11.471649169921875,,,
CCN1CCN(CC1c1ncc[nH]1)C(=O)c1cncc(c1)F,,,,,,,,,,,,,-10.078962326049805,,,,,,,,,
CCOC(=O)c1c(C)[nH]c(c1C)C(=O)NCc1nnc2n1cccc2,,,,,,,,,-11.897430419921875,,,,,,,,,,,,,
CCc1c(C)c(C#N)c2n(c1Nc1ccc(cc1)C(=O)N)c1ccccc1n2,,,,-13.102691650390625,,,,,,,,,,,,,,,,,,
CCc1cc2c(s1)nc([nH]c2=O)c1nnc[nH]1,,,,,,,,,,,,,-9.887288093566896,,,,,,,,,
CCc1ccc(cc1)Oc1nc(nc2c1cccc2)c1cccnc1,,,,,,,,,,,,-12.125520706176758,,,-11.979354858398438,,,,,,,
CCc1ccc(cc1)c1nnc([nH]1)SCC(=O)NC(c1cccs1)c1ccccc1,,,,,,,,,,,,-11.7574462890625,,,,,,,,,,
CCc1cccc2c1[nH]cc2C(=O)C(c1ccccc1)Sc1nc2sc(c(c2c(=O)n1CC)C)C,,,,,,,,,,,,,,,,,-12.196022987365724,,,,,
CCc1ccccc1NC(=O)c1ccc2c(c1)nn[nH]2,,,,,,,,,,,-10.534172058105467,,-10.756519317626953,,,,,,,,,
CCc1n[nH]c(c1)C(=O)N1C[C@@H]([C@H](C1)c1[nH]nc(n1)C1CC1)C1CC1,,,,,,,-12.01783561706543,,,,,,,,,,,,,,,
CCc1ncncc1C(=O)Nc1cc(Cl)ccc1O,,,,,,,,,,,-10.798347473144533,,,,,,,,,,,
CCc1sc(cc1C)C(=O)N1CCCC(C1)c1n[nH]c(c1)C(=O)N,,,,,,-12.609447479248047,,,,,,,,,,,,,,,,
CCc1scc(n1)C(NC(=O)c1cncc(c1)Br)C,,,,,,,,,,-10.78471565246582,,,,,,,,,,,,
CCn1c(C)cc(c1C)C(=O)N1CCCC(C1)c1ccn[nH]1,,,,,,,,,,,,,,,,-11.685785293579102,,,,,,
CCn1c(c2ccccc2)c(c2c1cccc2)C(=O)CSc1nncn1C,,,,-12.616512298583984,,,,,,,,,,,,,,,,,,
CCn1ccnc1[C@@H]1OCCC[C@H]1c1onc(n1)c1cncnc1N,,,,,,,,,,,-10.519484519958496,,,,,,,,,,,
CN(C(=O)c1cc2c([nH]1)ccs2)C(c1ccncc1)C,,,,,,,,,,,,,-9.904397010803224,,,,,,,,,
CN(C(=O)c1nn2c(n1)nccc2C)C(c1ccc(cc1)n1cncn1)C,,,,,,,,,,,,-11.801499366760256,,,,,,,,,,-12.7115478515625
CN(C(=O)c1noc(c1)c1ccco1)Cc1nc2c([nH]1)cccc2,,,-11.700968742370605,,,,,,,,,,,,,,,,,,,
CN(C(C(C)(C)C)C)C(=O)c1cccnc1,,,,,,,,,,,,,-10.03104019165039,,,,,,,,,
CN(C(c1cscc1)CNC(=O)c1cccnc1O)C,,,,,,,,,,-10.692873001098633,,,,,,,,,,,,
CN(C1CCCN(CC1)C(=O)c1cc[nH]n1)Cc1ccccn1,-11.622880935668945,,,,,,,,,,,,,,,,,,,,,
CN(CCN(C(=O)Cc1cccnc1)CC1CCCCC1)C,,,,,,,,,,,,,,,,,,,,,-12.545808792114258,
CN(c1ccc2c(c1)ccc([n+]2C)/C=C/c1cc(n(c1C)c1ccccc1)C)C,,,,-12.75652313232422,,,,,,,,,,,,,,,,,,
CN(c1nc(nc2c1cccc2)c1cccnc1)CCc1ccccn1,,,,,,,,,,,,,,,,,,,,-12.800884246826172,,
CN1CCN(CC1)c1ccc(cc1C(NCc1cccnc1)C)F,,,,,,,,,,,,,,,,,,,-11.010894775390623,,,
CN1CCc2c3[C@H]1Cc1ccc(c(c1c3ccc2)O)O,,,,,-12.349836349487305,,,,,,,,,,,,,,,,,
CNC(=O)C1CN(Cc2cc(F)cc3c2nccc3)c2c(O1)cccc2,,,,,,,-11.73463535308838,,,,,,,,,,,,,,,
CNC(=O)NC(=O)C(N1CCC(CC1)c1c[nH]nc1)C,,,,,,,-11.990188598632812,,,,,,,,,,,,,,,
CNC(=O)c1[nH]nc(n1)C1CCN(CC1)C(c1ccccc1F)C,,,,,,,,,,,,,,,,,-12.336875915527346,,,,,
CNC(=O)c1cccc(n1)NC(=O)NC1CCCC=C1,,,,,,,,,,,,,,,,,,,,,-12.091474533081055,
CNCCNS(=O)(=O)c1cccc2c1ccnc2,,,,,,,,,,,,,-11.345236778259276,,,,,,,,,
CNc1ccccc1C(=O)N1CCC(CC1)Cc1nc2c([nH]1)cccc2,,-12.440465927124025,,,,,,,,,,,,,,,,,,,,
COC(=O)C(c1ccccc1)(CNC(=O)c1cccnc1)C,,,,,,,,,,,,,,-12.65804672241211,,,,,,,,
COC(=O)C1(CNC(=O)c2nn3c(c2)nccc3)CC1,,,,,,,,,,,,,,-12.26509952545166,,,,,,,-12.557085037231445,
COCCNc1nc(Nc2ccc(cc2)F)nc2c1nccn2,,,,,,,,,,,,,,-12.682737350463867,,,,,,,,
COCc1cc(O)cc2c1O[C@@H](c1ccc(cc1)O)[C@@H]1[C@H]2CC(C1)(F)F,,,,,-11.729488372802734,,,,,,,,,,,,,,,,,
COCc1n[nH]c(n1)[C@H]1CN(C[C@@H]1C1CC1)C(=O)c1[nH]nc(c1)CC,,,,,,,-11.799406051635742,,,,,,,,,,,,,,,
CO[C@@H]1CN(C[C@H]1c1nn[nH]c1)Cc1ccc(o1)c1ccc(cc1C)F,,-12.96484661102295,,,,-12.394598960876465,,,,,,,,,,,,,,,,
CO[C@@H]1CN(C[C@H]1c1nn[nH]c1)Cc1ccc(o1)c1ccccc1Cl,,-12.746023178100586,,,,,,,,,,,,,,,,,,,,
CO[C@@H]1CN([C@@H](C1)C(=O)N)C(=O)Cc1c[nH]c2c1cccc2CC,,,,,,,-12.014123916625975,,,,,,,,,,,,,,,
CO[C@@H]1C[C@H](N(C1)C(=O)c1[nH]ccc1C)COc1cccnc1,,,-11.401229858398438,,,,,,,,,,,,,,,,,,,
CO[C@@H]1C[C@H](N(C1)C(=O)c1cc2c([nH]1)cccc2)COc1cccnc1,,,-11.26304817199707,,,,,,,,,,,,,,,-11.168136596679688,,,,
CO[C@@H]1C[C@H](N(C1)C(=O)c1cc[nH]c1C)COc1cccnc1,,,-11.387398719787598,,,,,,,,,,,,,,,,,,,
CO[C@@H]1C[C@H](N(C1)C(=O)c1ccoc1C1CC1)COc1cccnc1,,,-11.445589065551758,,,,,,,,,,,,,,,-11.235431671142578,-11.228641510009766,,,
CO[C@@H]1C[C@H](N(C1)S(=O)(=O)c1cccnc1)c1[nH]c(c(n1)C)C,-11.647308349609375,,,,,,,,,,,,,,-12.355165481567385,,,,,,,-12.345085144042967
CO[C@@H]1C[C@H](N(C1)S(=O)(=O)c1cncc(c1)F)c1[nH]c(c(n1)C)C,,,,,,,-11.932744026184082,-10.615119934082033,,,,,,,,,,,,,,
CO[C@@H]1C[C@H](N(C1)c1cccc(n1)C#N)COc1cccnc1,,,,-12.959636688232422,,,,,,,,,,,,,,,,,,
CO[C@@H]1C[C@H](N(C1)c1ncccn1)COc1cccnc1,,,-11.399144172668455,,,,,-10.463379859924316,,,,,,,,,,-11.052891731262207,-11.22784423828125,,,
COc1c(OC)cccc1C(=O)N1CCC(=CC1)c1c[nH]c2c1cccn2,,,-11.282575607299805,,,,,,,,,,,,,,,,,,,
COc1cc(C=Cc2ccc3c(n2)c(O)c(cc3Cl)Cl)ccc1OCC(=O)O,,,,-13.060357093811035,,,,,,,,,,,,,,,,,,
COc1ccc(c(c1)C(=O)N1CCN(CC1)Cc1nc2ccccc2c(=O)[nH]1)O,,-12.385022163391113,,,,,,,,,,,,,,,,,,,,
COc1ccc(cc1)C1CC(N(C1)S(=O)(=O)c1cccnc1)C,,,,,,-12.335269927978516,,,-11.89732551574707,,-10.56635856628418,,,,,,,,,-12.481739044189453,,-12.6627779006958
COc1ccc(cc1)N1C(Nc2c(C1=O)cccc2)c1cccnc1,,,,,,,,,,-10.630361557006836,,,,,,,,,,,,
COc1ccc(cc1)NC(=O)NC(c1ccc(cc1)n1cncc1)C,,,,,,,,-10.609898567199707,,,,,,,,,,,,,,
COc1ccc(cc1)c1csc2c1c(=O)[nH]c(n2)c1cccnc1,,,,,,,,-10.7862548828125,,,,,,,,,,,,,,
COc1ccc(cc1)c1n[nH]c(c1c1nc2c(n1C)cccc2)c1ccccc1,-12.24492073059082,,,,,,,,,,,,,,,,,,,,,
COc1ccc(cc1Cl)NC(=O)C(c1ccccc1)Sc1ncnc2c1ccs2,,,,,,,-12.462242126464846,,,,,,,,,,,,,,,
COc1ccc(cc1OC)C(=O)N1CCN(CC1)Cc1nc2ccccc2c(=O)[nH]1,,-12.723200798034668,,,,,,,,,,,,,,,,,,,,
COc1ccc(nn1)NC(=O)c1ccccc1CCc1ccccc1,-12.046714782714846,,,,,,,,,,,,,,,,,,,,,
COc1ccc2c(c1)CCCC2CC(=O)NC(C(=O)N)C(=O)N,,,,,-12.295196533203125,,,,,,,,,,,,,,,,,
COc1ccc2c(c1)CCCC2CNc1cn[nH]c(=O)c1Cl,,,-11.67995548248291,,,,,,,,-11.067548751831056,,,,,,-12.199477195739744,,-10.82275390625,,,
COc1ccc2c(c1)c(c[nH]2)C1=CCN(CC1)C(=O)c1cnccn1,,,,,,,,,,,,,,,,,,-11.108168601989746,,,,
COc1ccc2c(c1)c(c[nH]2)C1CCN(CC1)C(=O)c1ccnnc1,,,,,,,,,,,,,,,,,,-11.6141357421875,,,,
COc1ccc2c(c1)c(c[nH]2)C1CCN(CC1)C(c1cnccn1)C,,,,,,-12.390707969665527,,,-11.53283405303955,,,,,,,,,-12.74469757080078,,,,-11.98550033569336
COc1cccc(c1)C1CC(CN1C(=O)c1cncc(c1)O)O,,,,,,,,,,,-10.44304656982422,,,,,,,,,,,
COc1cccc(c1)CNC(=O)Cc1c(C)nn(c1C)c1ccc(cn1)C(F)(F)F,,-13.011588096618652,,,,-12.517354965209961,,,,,,,,,,,,,,,,
COc1cccc(c1)Oc1nc(nc2c1cccc2)c1cccnc1,,,,,,,,,,,,,,,,,,,,-12.262195587158205,,
COc1ccccc1N1CCN(CC1)c1nc(nc2c1cccc2)c1cccnc1,,,,,,-12.207422256469727,,,,,,,,,,,,,,,,
COc1ccnc(n1)N1CCC(=CC1)c1c[nH]c2c1cccn2,,,,,,,,-10.346470832824707,,,,,,,,,,,,,,
COc1cncc(n1)C(=O)N1CCCC2(CC1)CCCCC2,,,,,,,,,,,-10.287487030029297,,,,,,,,,,,
CS(=O)CC(c1ccccc1)NC(=O)c1[nH]nc2c1CCCC2,,,,,,,,,,,,,,,,,,,,,-12.2981595993042,
C[C@H](CNc1ncnc2c1c(c1ccccc1)c([nH]2)c1ccccc1)O,,,,,,,,,,,,,,-12.39694595336914,,,,,,,,
Cc1[nH]c2c(c1C)cc(cc2)CNS(=O)(=O)c1cccnc1,,,,,,,-12.072992324829102,,,,,,,,,,,,,,,
Cc1[nH]c2c(c1c1csc(n1)c1cnccn1)cccc2,,,,,,,,,,,,,,,,-11.782508850097654,,,,,,
Cc1cc(=O)n2c(n1)sc(n2)N1CCCC(C1)c1nc2c([nH]1)cccc2,,,,,,,,,,,,,,,,,,,-10.814217567443848,,,
Cc1cc(OCCN(C(=O)Nc2cccnc2)C)cc(c1)C,,,,-12.607097625732422,,,,,,,,,,,,,,,,,,
Cc1cc(cc(c1)C)NC(c1c(C)[nH]c2c1cccc2)c1ccncc1,,,,,,,,,,,,,,,,,,,,,,-11.812870025634766
Cc1cc2c([nH]1)ccc(c2)NS(=O)(=O)c1ccc2c(c1)cccc2,,,,-12.816401481628418,,,,,,,,,,,,,,,,,,
Cc1cc2ncn(c2cc1C)c1nc(nc2c1cccc2)c1cccnc1,,,,,,,,,,,,-11.927937507629395,,,-11.914461135864258,,-12.171590805053713,,,-13.316656112670898,,
Cc1ccc(c(=O)[nH]1)C(=O)N1CCCC1c1cccc2c1cccc2,-12.136740684509276,,,,,,,,,,,,,,,,,,,,,
Cc1ccc(c(c1)C)CNC(=O)c1[nH]nc(c1)C,,,,,,,,,,,,,,-12.32548999786377,,,,,,,,
Cc1ccc(c(c1)C)NC(=O)c1[nH]nc(c1)C,,,,,,,-11.868623733520508,,,,,,,-12.38666820526123,,,,,,,,
Cc1ccc(c(c1)C)S(=O)(=O)Nc1cccc2c1[nH]nc2,,,,,,,,,,,,,,-12.894363403320312,,,,,,,,
Cc1ccc(c(c1)Oc1nc(nc2c1cccc2)c1cccnc1)C,,,,,,,,,,,,,,,-12.184932708740234,,,,-10.97199249267578,,,
Cc1ccc(cc1)CC(=O)N(Cc1ccccc1C)Cc1cccnc1,-12.108003616333008,,,,,,,,,,,,,-12.647830963134766,-12.29516315460205,,,,,,,
Cc1ccc(cc1)CCc1c2nc[nH]c2cc2c1nc(N)[nH]c2=O,,,,,,,,,,,-11.038797378540039,,-11.133055686950684,,,,,,-10.951985359191896,,,
Cc1ccc(cc1)Oc1nc(nc2c1cccc2)c1cccnc1,,,,,,,,,,,,-12.26353645324707,,,-12.435498237609865,,,,,-12.716456413269045,,
Cc1ccc(cc1)c1n[nH]cc1CNCc1cccnc1,,,-11.275288581848145,,,,,,,,,,,,,,,-11.47797966003418,-11.21696662902832,-12.477649688720705,,
Cc1ccc(cc1)n1nc(c(c1C)NCc1n[nH]cc1)C.Cl,,,,,,,,,-11.90022087097168,,,,,,,,,,,,,
Cc1ccc(cc1C)Oc1nc(nc2c1cccc2)c1cccnc1,,,,,,,,,-11.75572395324707,,,-12.516192436218262,,,-12.486139297485352,,,,,-12.857206344604492,,
Cc1ccc(cn1)C(=O)N1CCC(=CC1)c1c[nH]c2c1cccn2,,,,,,,,,,,,,,,,,,-11.277122497558596,,,,
Cc1ccc(cn1)C(=O)N1CCN(CC1)C(=O)C(c1ccccc1)(C)C,,,,-12.451504707336426,,,,,,,,,,,,,,,,,,
Cc1ccc(nn1)N1CCCC(C1)NCc1c[nH]nc1c1ccccc1,,,,,,,,-11.570237159729006,,,,-12.199548721313475,,,,,,,,,,
Cc1ccc2n(c1)c(NC(=O)c1cnccn1)c(n2)c1ccccc1,,,,,,,,,,,,,,,,,,,,-12.231294631958008,,
Cc1cccc(c1)C(=O)N1CCN(CC1)C(=O)c1[nH]nc2c1cccc2,,,,,,,,,,,,,,,,-11.223098754882812,,,,,,
Cc1cccc(c1)C=C1CCn2c1nc1c(Cl)cc(cc1c2=O)Cl,,,,,-11.511743545532227,,,,,,,,,,,,,,,,,
Cc1cccc(c1)CNC(=O)c1[nH]nc(c1)C,,,,,-11.843328475952148,,,,,,,,,,,,,,,,,
Cc1cccc(c1)OCCn1c(C)nc2c(c1=O)cccc2,,,,,,,,,,,,,,,,,,,,,-12.47044563293457,
Cc1cccc2c1c(=O)[nH]c(n2)Cc1c[nH]c2c1cccc2,,,,,,,,,,,-11.117583274841307,,,,,,,,,,,
Cc1ccccc1C(=O)N1CCC(=CC1)c1c[nH]c2c1cccn2,,,-11.467227935791016,,,,,,,,,,,,,,,,,,,
Cc1ccnc(c1)NC(c1c(C)[nH]c2c1cccc2)c1ccncc1,,,,,,,,,,,,,,,,,,,,,,-12.414864540100098
Cc1ccnc(n1)N1C[C@@H]2[C@](C1)(CCC2)c1onc(n1)c1cccnc1,,,,,,,,,,,,,,,,,,,-10.914111137390137,,,
Cc1ccncc1N1CCN(CC1)C(=O)c1ccnn1C,,,,,,,,,,,,,-10.47958755493164,,,,,,,,,
Cc1ccncc1N1CCN(CC1)C(=O)c1scnc1C,,,,,,,,,,,,,-9.8974027633667,,,,,,,,,
Cc1cncc(c1)CN1CCC(=C2c3ccc(cc3CCc3c2nccc3)Cl)CC1,,,,,,,-11.956400871276855,,,,,,,,,,,,,,,
Cc1cnccc1N1CCCC(C1)c1nnc[nH]1,,,,,-11.897767066955565,,,,,,,,,,,,,,,,,
Cc1cnn(c1)CC1CCCCN1C(=O)c1c[nH]c2c1cccn2,,,-11.298563003540039,,,,,,,-10.622135162353516,,,,,,,,,,,,
Cc1n[nH]c(c1)C(=O)N1C[C@@H]([C@H](C1)c1[nH]nc(n1)C1CC1)C1CC1,,,,,,,-12.015268325805664,,,,,,,,,,,,,,,
Cc1n[nH]c(c1)C(=O)NC1CCc2c1cccc2,,,,,,,,,,,-10.49580192565918,,,,,,,,,,,
Cc1nc(sc1c1ccccn1)NC(=O)c1cccnc1O,,,,,,,,,,-10.635448455810547,,,,,,,,,,,,
Cc1onc(c1)C1CCCN1C(=O)c1ccc2c(c1)nn[nH]2,,,,,,,,,,,-10.433860778808594,,,,,,,,,,,
Cc1sc2c(c1C)c(NCc1ccncc1)nc(n2)c1cccnc1,,,,,,,,,-11.476726531982422,,,-12.320146560668945,,,,,,,,,,
Cc1scc(n1)C1Nc2ccccc2C(=O)N1Cc1cccnc1,,,,,,,,,-12.106642723083494,,,-12.490728378295898,,,-12.494056701660154,,,,,-12.140316009521484,,-12.05742645263672
Clc1cc(Cl)c2c(c1O)nc(cc2)C=Cc1ccc(cc1)Oc1ccccc1,,,,-12.51539421081543,,,,,,,,,,,,,,,,,,
Clc1cc(Cl)cc(c1)C(=O)N1CCC(=CC1)c1c[nH]c2c1cccn2,,,-11.466398239135742,,,,,,,,,,,,,,,,,,,
Clc1cc(cc(c1)Cl)NC(=O)c1cc(=O)[nH]c(=O)[nH]1,,,,,,,,-10.220537185668944,,-10.828876495361328,,,,,,,,,,,,
Clc1ccc(cc1)C(C1CCC1)NC(=O)c1ncc2c(c1)c(=O)[nH]cn2,-11.719925880432127,,,,,,,,,,,,,,,,,,,,,
Clc1ccc(cc1)C1(CCNCC1)c1ccc(cc1)c1ncnc2c1nc[nH]2,,,,-12.624669075012207,,,,,,,,,,-13.22994613647461,,,,,,,,
Clc1ccc(cc1)C1(CCOCC1)NC(=O)c1cccnc1,-12.505891799926758,,,,,-12.380000114440918,,,,,,,,,,,,,,,,-12.171030044555664
Clc1ccc(cc1)C1Nc2ccccc2Nc2c1c([nH]n2)c1ccccc1,,,,,,,,,,,,,,,,,-12.827085494995115,,,,,
Clc1ccc(cc1)Cn1c(nc2c1c(=O)[nH]c(=O)n2C)N1CCN(CC1)Cc1ccccc1,,,,-12.59886360168457,,,,,,,,,,,,,,,,,,
Clc1ccc(cc1)Oc1nc(nc2c1cccc2)c1cccnc1,,,,,,,,,,,,-11.922761917114258,,,-12.61424446105957,,,,,-12.431680679321287,,
Clc1ccc2c(c1)[nH]c(c2)C(=O)NC(c1nc2c([nH]1)cccc2)C,,,,,,,,,,-10.635838508605957,,,,,,,,,,,,
Clc1ccc2c(c1)c(=O)n1c(n2)C(=Cc2ccc3c(c2)cccc3)CC1,,,,,-11.527223587036133,,,,,,,,,,,,,,,,,
Clc1ccc2c(c1)cc([nH]2)C(=O)NCc1ccccn1,,,,,,,,,-11.435367584228516,,,,,,,,,,,,,
Clc1ccc2c(c1)nccc2Sc1ncnc2c1c1CCCCc1s2,,,,,,,,,,,,,,,,,-12.268567085266113,,,,,
Clc1cccc(c1)C1CC1NC(=O)c1cccnc1,,,,,,,,,,,-10.315978050231934,,,,,,,,,,,
Clc1cccc(c1)NC(=O)c1cc(=O)[nH]c(=O)[nH]1,,,,,,,,,,-10.728590965270996,,,,,,,,,-10.909378051757812,,,
Clc1ccccc1C(c1c[nH]c2c1cccc2)CNCc1ccccn1,,,,,,,,,,-10.763138771057127,,,,,,,,,,,,
Clc1ccccc1Cn1ncc2c1nc(cc2C(=O)N1CCCC1)c1cccnc1,,,-11.367192268371582,,,,,,,,,,,,,,,,,,,
Clc1cnc(c(c1)S(=O)(=O)N1CCC(C1)Oc1cccnc1)N,,,-11.410585403442385,,,,,,,,,,,,,,,,,,,
Clc1cnc2c(c1)nc([nH]2)SCC(=O)N(C(C)C)C(C)C,,,,,,,,,,,,,,,,,,,-10.889273643493652,,,
Cn1ccnc1CN(c1nc(nc2c1cccc2)c1cccnc1)C,,,,,,,,,,,,-11.807724952697756,,,-12.29283046722412,,,,,-12.58781623840332,,
Cn1cnnc1CC1(O)CCCN(C1)Cc1ccc2c(c1)OCCO2,,,-11.46190357208252,,,,,,,,,,,,,,,,,,,
Cn1ncc(c1C)[C@H]1OCC[C@@H]1NCc1cncc2c1cccc2,,,,,,,,,,,,,,,,,-12.32416820526123,,,,,
Cn1ncc2c1ncnc2SCCC12CC3CC(C2)CC(C1)C3,,,,,,,-11.801310539245605,,,,,,,,,,,,,,,
FC(Oc1ccc(cc1)C=Cc1ccc2c(n1)c(O)ccc2)F,,,,-12.623624801635742,,,,,,,,,,,,,,,,,,
FC(c1ccc(cc1)CCNc1ncnc2c1cn[nH]2)(F)F,,,,,,,,,,,,,,,,,-12.963211059570312,,,,,
F[C@@H]1CN([C@@H](C1)CN(C(=O)c1ccoc1C)C)Cc1nccn1C,-12.136804580688475,,,,,,,,,,,,,,,,,,,,,
F[C@@H]1CN([C@@H](C1)CNC1CCc2c(C1)cccc2)Cc1cncnc1,,,,,,,,,,,,-11.825133323669435,,,,,,,,,,
F[C@H]1C[C@H](N(C1)c1ccncn1)CN(C(=O)c1cncnc1)C,,,,,,,,-10.291863441467283,,,,,,,,,,,,,,
Fc1c[nH]c(c1)C(=O)NCc1cccnc1,,,,,,,,,,-10.655014991760254,,,,,,,,,,,,
Fc1c[nH]c(c1)C(=O)NCc1ccncc1,,,,,,,,,,,-10.617036819458008,,,,,,,,,,,
Fc1ccc(c(c1)Br)Oc1nc(nc2c1cccc2)c1cccnc1,,,,,,,,,-11.686269760131836,,,,,,-12.081624984741213,,,,-10.995261192321776,-13.583516120910645,,
Fc1ccc(c(c1)Cl)Oc1nc(nc2c1cccc2)c1cccnc1,,,,,,-12.26873016357422,,,-11.397943496704102,,,,,,,,,,-11.458515167236328,-13.393165588378904,,
Fc1ccc(c(c1)F)N1CCC(C1)NC(c1cncc(c1)F)C,,,,,,,,,,,,,,,,,,-11.085169792175293,,,,
Fc1ccc(c(c1)F)NC(=O)c1cc(=O)[nH]c(=O)[nH]1,,,,,,,,,,,,,,,,,,,-10.850577354431152,,,
Fc1ccc(c(c1)NC(=O)c1cc(=O)[nH]c(=O)[nH]1)F,,,,,,,,,,-10.712770462036133,,,,,,,,,,,,
Fc1ccc(c2c1CN(CC2)C(=O)c1cccnc1)Br,,,,,,,,-10.841547012329102,,,,,,,,,,,,,,
Fc1ccc(c2c1CN(CC2)C(=O)c1ccnnc1)Br,,,,,,,,-10.862222671508787,,,,,,,,,,,,,,
Fc1ccc(cc1)C(c1nccn1C)NCc1cnn(c1)C.Cl,-11.929303169250488,,,,,,,,,,,,,,,,,,,,,
Fc1ccc(cc1)C1(CCCC1)CNC(=O)c1cccnc1,,,,,,,,,,,,,,-13.654754638671875,,,,,,,,
Fc1ccc(cc1)C1CCCN1Cc1[nH]c(=O)c2c(n1)n(C)nc2,,,,,,,,,,,,,,-12.729753494262695,,,,,,,,
Fc1ccc(cc1)C1OCCN(C1)c1cn[nH]c(=O)c1Cl,,,,,,,,,,,,,-9.9398193359375,,,,,,,,,
Fc1ccc(cc1)CCN(C(=O)Cc1ccc(nc1)C)C1CCCC1,,,,,,,,,,,,,,,-12.218130111694336,,,,,,,
Fc1ccc(cc1)N1CCN(CC1)c1nc(nc2c1cccc2)c1cccnc1,,,,,,,,,-11.736309051513672,,,-12.636924743652346,,,,,,,,-12.279276847839355,,
Fc1ccc(cc1)S(=O)(=O)N(C1CC1)Cc1cccnc1,,,,,,,,,,,,,,-12.298317909240724,,,,,,,,
Fc1ccc(cc1)c1nc2n(c1NC(=O)c1cnccn1)ccs2,,,,,,,,,,,,-12.044557571411133,,,,,,,,,,
Fc1ccc2c(c1)[nH]cc2C1=CCN(CC1)C(=O)c1cnccn1,,,,,,,,,,,,,,,,,,-11.166486740112305,,,,
Fc1ccc2c(c1)[nH]cc2C1CCN(CC1)C(c1cnccn1)C,,,,,,,,,-11.43272876739502,,,,,,,,,-13.043630599975586,,,,-11.85873031616211
Fc1ccc2c(c1)[nH]cc2C1CCN(CC1)C(c1nnnn1C)C,,,,,,,,,,,,,,,,,,-11.098976135253906,,,,
Fc1ccc2c(c1)c(c1nc3c([nH]1)cccc3)c([nH]2)c1ccccc1,,,,-12.60708999633789,,,,,,,,,,,,,,,,,,
Fc1ccc2c(c1)ncn(c2=O)CCOc1cccc(c1)C,,,,,,,,,,,,,,,,,,,,,-12.089750289916992,
Fc1cccc(c1CSc1nc2ccccc2c(=O)[nH]1)Cl,,,,,,,,,,,,,,-13.120561599731445,,,,,,,,
Fc1cccc(c1c1n[nH]cc1CNc1ccc2c(c1)cn[nH]2)F,,,,,-11.558298110961914,,,,,,,,,,,,,,,,,
Fc1ccccc1N1CCC(C1)NCc1cncnc1,,,,,,,-12.058040618896484,,,,,,,,,,,,,,,
Fc1cncc(c1)C(=O)N1CCC2(CC1)CCCCC2,,,,,,,,,,,,,,,,,,,,,-12.046526908874512,
Fc1cncc(c1)C(=O)N1CCCC1CN(c1ccccc1)C,,,,,,,-11.883185386657715,,,,,,,,,,,,,,,
Fc1cncc(c1)C(=O)N1CCCc2c1c(O)ccc2,,,,,,,,,,,,,-10.07858943939209,,,,,,,,,
Fc1cncc(c1)C(=O)NCCOC1CCCCCC1,,,-11.305060386657715,,,,,,,,,,,,,,,,,,,
Fc1cncc(c1)C(=O)Nc1ccc2c(c1)n(nc2)C(C)C,,,,,,,-11.772469520568848,,,,,,,,,,,,,,,
Fc1cncc(c1)S(=O)(=O)N1CCC2(C1)CCCCC2,,,,,,,,,,,-11.05954360961914,,,,,,,,-10.937987327575684,-12.548891067504885,,
N#CCCN(C12CC3CC(C2)CC(C1)C3)C(=O)C(c1cccnc1)C,,,,,,,,-10.249269485473633,,,,,,,,,,,,,,
N#CCCN(C12CC3CC(C2)CC(C1)C3)C(=O)Cc1cccnc1,,,,-12.495518684387207,,,,,-11.412323951721193,,,,,,,,,,-11.63422966003418,,,
N#Cc1c(C=Cc2cccs2)cc(n2c1nc1c2cccc1)c1cccc(c1)F,,,,,,-12.35517120361328,,,,,,,,,,,,,,,,
N#Cc1c(CN2CCCC(C2)c2[nH]cnn2)cn2c1cccc2,,,,,-11.531261444091795,,,,,,,,,,,,,,,,,
N#Cc1c(NC(=O)c2cccnc2)sc2c1CCCC2,,,,,,,-11.88707447052002,,,,,,,,,,,,,,,
N#Cc1c[nH]c(c1)C(=O)N(C[C@@H]1C[C@@H](CN1c1ccncn1)F)C,,,,,,,,-10.222269058227539,,,,,,,,,,,,,,
N#Cc1ccc(nc1)C(=O)N1CCCC1c1[nH]nc(n1)c1ccccc1,,,,,,,,,,,,-11.984298706054688,,,,,,,,,,
N#Cc1ccccc1Oc1nc(nc2c1cccc2)c1cccnc1,,,,,,,,,,,,,,,,,,,,-12.512255668640135,,
N#Cc1cccnc1NCCNc1cncc(c1)Br,,,,,,,,,,,,,,,,,-12.271075248718262,,,,,
N#Cc1cncc(n1)N1CCC(C1)(F)c1cc(C)cc(c1)C,,,,,,,,,,,,,,,,,,,-11.506539344787598,,,
N#Cc1cncc(n1)N1CCN(C(C1)Cc1ccccc1)C,,,,,,,,,,,,,,,,,,-11.610968589782715,-10.896016120910645,,,
N#Cc1nccnc1N(Cc1nc2c(s1)CCCC2)C,,-12.37611484527588,,,,,,,,,,,,,,,,,,,,
NC(=O)C1CC(C)N(c2c1cccc2)Cc1nc2ccccc2c(=O)[nH]1,,,,,,,,,,,-10.660283088684082,,,,,,,,,,,-11.644960403442385
NC(=O)CCC/N=C(\c1cc(F)ccc1O)/c1ccc(cc1)Cl,-12.460000038146973,,,,,,,,,,,,,,,,,,,,,
NC(=O)NC(=O)C(C(C)C)Sc1ccc2c(c1)cccc2,,,,,-11.556833267211914,,,,,,,,,,,,,,,,,
NC(=O)[C@@H]1C[C@H](CN1C(=O)Cc1c[nH]c2c1cccn2)F,,,,,,,-11.754608154296875,,,,,,,,,,,,,,,
NC(=O)c1ccc(cc1)Nc1nc(nc2c1cccc2)c1cccnc1,,,,,,,,,,,,,,,,,,,,-12.446735382080078,,
NC(=O)c1ccc(cc1)S(=O)(=O)NCc1cccnc1,,,,,,,,-10.385139465332033,,,,,,,,,,,,-12.322941780090332,,
NC(=O)c1cccc(c1)CN(C1CCNCCC1)Cc1cncnc1,,,,,,,,,,,-10.427863121032717,,,,,,,,,,,
NC(=O)c1cccc2c1CCCN2S(=O)(=O)c1ccc2c(c1)oc(=O)n2C,,,,,,,,,,,,,,,,-11.145879745483398,,,,,,
NC(=O)c1cnn2c1CCC(C2)CNCc1sccc1C,,,,,,,,,,,,,,,,,-12.400146484375,,,,,
N[C@@H](c1ccccc1)c1ccc(cc1)c1ncnc2c1nc[nH]2,,-12.919886589050293,,,,,,,,,,,,,,,,,,,,
Nc1[nH]c(=O)c2c(n1)c(CCc1ccccc1)c1c(c2)[nH]cn1,,,,,,,,,,,,,-10.987523078918457,,,,,,-11.122215270996094,,,
Nc1c(ncnc1n1cccn1)NCc1ccncc1,,,,,,,,,,,,,-10.522340774536133,,,,,,,,,
Nc1cc(=O)[nH]c(n1)SC(C(=O)c1c[nH]c2c1cccc2)c1ccccc1,,,,,,,,,,,,,,-12.296501159667967,,,,,,,,
Nc1ccc(nn1)C1CCCN1C(=O)c1cnccc1N(C)C,,,,,,,,,,,-10.933506965637207,,,,,,,,,,,
Nc1ccccc1CC(c1c[nH]c2c1cccc2)c1c[nH]c2c1cccc2,,,,,,,,,,,,,,,,,,,,-12.2744140625,,
Nc1nc(NCc2ccncc2)cc(n1)n1cccn1,,,,,,,,,,,,,-10.971272468566896,,,,,,,,,
Nc1nc2cc3nc([nH]c3cc2c(=O)[nH]1)NCc1cccs1,,,,,,,,,,,,,-10.707282066345217,,,,,,,,,
Nc1nnc(s1)SCc1coc(n1)c1ccccc1,,,,,,,,,,,-10.46196460723877,,,,,,,,,,,
O=C(C(=O)c1c(C)nn(c1C)c1ccccc1)N1CCN(CC1)c1ccccc1O,,,,-13.443208694458008,,,,,,,,,,,,,,,,,,
O=C(C(NC(=O)c1ccccc1)Cc1ccccc1)N1CCN(CC1)Cc1nc2ccccc2c(=O)[nH]1,,,,,,,,,-11.44100284576416,,,,,,,,,,,,,
O=C(C(Sc1nnc(s1)N)C)Nc1ccccc1C(=O)c1ccccc1,,,,,,,,,,,,,,,,-11.200902938842773,,,,,,
O=C(C(c1ccccc1)c1ccccc1)Nc1cccnc1,-12.269648551940918,,,,,,,,,,,,,,-12.645913124084473,,,,,,,
O=C(C1(CCCC1)c1ccc2c(c1)OCCO2)Nc1cccnc1O,,,-12.271844863891602,,,,,,,,,,,,,,,-11.20916748046875,-11.398054122924805,,,
O=C(C1CC1c1cccc(c1)Br)Nc1nnc[nH]1,,,,,-11.536439895629885,,,,,,,,,,,,,,,,,
O=C(C1CC1c1ccccc1Br)Nc1nnc[nH]1,,,,,-11.64946174621582,,,,,,,,,,,,,,,,,
O=C(C1CCCCN1Cc1cccnc1)NCCCc1onc(n1)C,,,,,,,,,,,,,,,,-11.453993797302244,,,,,,
O=C(C1CCCN1C(=O)C12CC3CC(C2)CC(C1)C3)NCc1cccc(c1)Cl,,,,,,,,,,,,,,,,-11.117547988891602,,,,,,
O=C(C1CCCN1C(=O)C12CC3CC(C2)CC(C1)C3)Nc1cnccc1O,,,,,,,,,,,,,,,,,,-11.380860328674315,,,,
O=C(C1CCCOC1C)NCc1nc2c([nH]1)nccc2,,,,-12.550800323486328,,,,,,,,,,-14.09282684326172,,-11.050174713134766,,,,,,
O=C(C1CCCc2c1cccc2O)NCC1CCn2c(C1)c(cn2)C(=O)N,,,,,,,-11.979867935180664,,,,,,,,,,,,,,,
O=C(C1CCCc2c1cn[nH]2)NCCOc1ccccc1,,,,,,,,,,,,,,,,,,,,,-12.436212539672852,
O=C(C1CCN(C1)c1ccccc1Cl)NCc1c[nH]cn1,,,,,,,,,,,,,,,,-10.978777885437012,,,,,,
O=C(C1CCc2c(C1)[nH]c(n2)C(C)C)NC(c1cccnc1)C,,,,,,,,,,-10.834991455078123,,,,,,,,,,,,
O=C(C1CCc2c(C1)[nH]c(n2)C(C)C)NCCc1ccccc1,,,,,,,,,,,,,,,,-11.25467300415039,,,,,,
O=C(C1CCc2c(C1)[nH]c(n2)C(C)C)NCCn1cccc1,,,,,,,,,,,,,,,,-11.051712036132812,,,,,,
O=C(C1CCn2c(C1)cnc2)Nc1ccc2c(c1)C(=O)NC2,,,,,,,,,,,,,,,,,,,,,-12.244768142700195,
O=C(CC(c1ccccc1)c1ccccc1)Nc1cccnc1,,,,,,-12.449433326721193,,-10.479755401611328,-12.464632987976074,,,,,,,,,-11.137935638427734,,,,-11.74604606628418
O=C(CC12CC3CC(C1)CC(C2)(C3)O)Nc1cnccc1O,,,,,,,,,,,,,,,,,,-11.72822380065918,-11.90286636352539,,,
O=C(CCC(=O)c1cccs1)NCCc1c[nH]c2c1cccc2,,,,,-11.576042175292967,,,,,,,,,,,,,,,,,
O=C(CN1CCOc2c1cc(Cl)cc2)NCCCn1cncc1,,,,,,,-11.932531356811525,,,,,,,,,,,,,,,
O=C(CNC(=O)N)NCC(c1c[nH]c2c1cccc2)c1ccccc1Cl,,,,,,,,,,,,,-9.873194694519043,,,,,,,,,
O=C(CSc1nnnn1c1ccc(cc1)C)NCCc1c[nH]c2c1cccc2,,,,,,,,,,,,,,,,-11.076984405517578,,,,,,
O=C(Cc1c(C)nc2c(c1C)cccc2)NCc1ccc(cc1)F,,,,,,,,,,,,,,,,-11.179598808288574,,,,,,
O=C(Cc1c(C)nn(c1C)CC(C)C)NC(c1cccc(c1)C(F)(F)F)C,,-12.399553298950195,,,,,,,,,,,,,,,,,,,,
O=C(Cc1c(C)nn(c1C)CC(C)C)NCc1ccccc1,,,,,,,,,,,,,,,,-11.175753593444824,,,,,,
O=C(Cc1c(C)nn(c1C)c1ccc(cc1)Cl)NC(c1cccnc1)C,,-13.652510643005373,,,,-13.207891464233398,,,,,,,,,,,,,,,,-11.744068145751953
O=C(Cc1c(C)nn(c1C)c1ccc(cc1)Cl)NCc1cccs1,,-12.784936904907227,,,,-13.5721435546875,,,,,,,,,,,,,,,,-11.951425552368164
O=C(Cc1c(C)nn(c1C)c1ccc(cc1Cl)Cl)NC(c1ccncc1)C,,-12.536033630371096,,,,-12.621185302734375,,,,,,,,,,,,,,,,
O=C(Cc1c(C)nn(c1C)c1ccc(cn1)C(F)(F)F)NC(c1cccc(c1)F)C,,-13.728350639343262,,,,-13.84347152709961,,,-11.532857894897461,,,,,,,,,,,,,-11.829389572143555
O=C(Cc1c(C)nn(c1C)c1ccc(cn1)C(F)(F)F)NC(c1ccccc1F)C,,-12.954251289367676,,,,-13.1751708984375,,,,,,,,,,,,,,,,-11.980042457580565
O=C(Cc1c(C)nn(c1C)c1ccc(cn1)C(F)(F)F)NCc1cc[nH]n1,,,,,,-12.366987228393555,,,,,,,,,,,,,,,,
O=C(Cc1c(C)nn(c1C)c1ccc(cn1)C(F)(F)F)NCc1ccc(c(c1)C)F,,-13.20949935913086,,,,-12.908750534057615,,,,,,,,,,,,,,,,
O=C(Cc1c(C)nn(c1C)c1ccc(cn1)C(F)(F)F)NCc1ccc(cc1)Cl,,-12.807493209838867,,,,-12.586640357971193,,,,,,,,,,,,,,,,-11.662028312683105
O=C(Cc1c(C)nn(c1C)c1cccc(c1)C(F)(F)F)NC(c1ccncc1)C,,-12.746787071228027,,,,-12.643868446350098,,,,,,,,,,,,,,,,
O=C(Cc1c(C)nn(c1C)c1cccc(c1)C(F)(F)F)NCCNc1nccnc1,,,,,,-12.515510559082033,,,,,,,,,,,,,,,,
O=C(Cc1c(C)nn(c1C)c1cccc(c1)C(F)(F)F)NCc1ccncc1,,-12.738795280456545,,,,-12.505196571350098,,,,,,,,,,,,,,,,
O=C(Cc1c(C)nn(c1C)c1ccccc1)NCc1ccc(n1C)C,,-12.349164009094238,,,,,,,,,,,,,,,,,,,,
O=C(Cc1c(C)nn(c1C)c1ccccc1)NCc1ccco1,,-13.118430137634276,,,,-12.894577026367188,,,,,,,,,,-12.795818328857422,,,,,,
O=C(Cc1c(C)nn(c1C)c1ccccc1F)NC(c1ccncc1)C,,-13.408991813659668,,,,-12.449094772338867,,,,,,,,,,,,,,,,-11.669754028320312
O=C(Cc1coc2c1cc(C)c(c2)C)NCc1ccco1,,,,,,,,,,,,,,,,-11.32884407043457,,,,,,
O=C(Cc1coc2c1ccc(c2)C)NCc1ccccc1F,,,,,,,,,,,,,,,,-11.116493225097656,,,,,,
O=C(Cc1coc2c1ccc(c2)C)NCc1ccco1,,,,,,,,,,,,,,,,-11.316619873046875,,,,,,
O=C(Cc1scc(n1)C12CC3CC(C2)CC(C1)C3)NCc1ccccc1.Br,,,,,,,,,,,,,,,,-11.33613109588623,,,,,,
O=C(Cn1[nH]c(=O)ccc1=O)Nc1cccc(c1)C=Cc1ccccn1,,,,,-12.051630973815918,,,,,,,,,,,,,,,,,
O=C(Cn1c(=O)c(ccc1C(F)(F)F)C(=O)N)NCCc1cccs1,,,,,,,-12.449285507202148,,,,,,,,,,,,,,,
O=C(Cn1c(=O)oc2c1cccc2)NC(c1cccs1)c1ccccc1,,,,,,,,,,,,,,,,,,,,,-12.021245956420898,
O=C(Cn1c(nc2c1cccc2)CS(=O)(=O)C)Nc1cccc(c1)c1ccn[nH]1,,,,,,,-11.814620971679688,,,,,,,,,,,,,,,
O=C(Cn1c2ccccc2nc1C(F)(F)F)Nc1cnccc1O,,,,-12.88571071624756,,,,,,,,,,,,,,,,,,
O=C(Cn1ccc(=O)[nH]c1=O)Nc1ccccc1N1CCc2c(C1)cccc2,,,,,,,,,,,,,,,,,,,,,,-11.633916854858398
O=C(Cn1ccccc1=O)NC1CCCCNC1=O,,,,,,,,,,,,,,,,,,,,,-12.072927474975586,
O=C(Cn1cn[nH]c1=O)NC(C(C)(C)C)Cc1ccccc1,,,,,,,,,,,,,,,,-11.286394119262695,-12.752856254577635,,,,,
O=C(N(C1CCCC1)CCc1ccccc1)c1cn2c(n1)nccc2,-12.263665199279785,,,,,,,,,,,,,-12.765199661254885,,,,,,,,
O=C(N(C1CCCc2c1cccc2)C1CC1)Cc1cncnc1,,,,,-12.36244010925293,,,,,,,,,,,-12.131784439086914,-12.507749557495115,,,,,
O=C(N(C1CCN(CC1C)Cc1ccccc1)C)Cc1cccnc1,,,,,,,,,-11.69672966003418,,,,,,,,,,,,,
O=C(N(C1CCOC1)CCc1ccccc1)c1cccnc1,,,,,,,,,,-11.189199447631836,,,,,,,,,,,,
O=C(N(CC(O)(C)C)Cc1ccccc1)Cc1cccnc1,,,-11.706060409545898,,,,,,,,-11.445989608764648,,,,,,,,-11.540590286254885,,,
O=C(N(Cc1cccnc1)Cc1ccco1)CC1CC2CC1CC2,-12.01410675048828,,,,,-12.38463020324707,,,,,,,,,,,,,,,,
O=C(N(Cc1nc2ccccc2c(=O)[nH]1)C)c1sc2c(c1)CCC2,,,-11.32584285736084,,,,,,,,,,,,,,,,,,,
O=C(N1CC2(C1c1ccccc1)CCCCC2)Cn1cn[nH]c1=O,-12.224361419677734,,,,,,,,,,,,,,,,,,,,-12.325730323791506,
O=C(N1CC2CC3CC1CC(C2)C3)c1cn2c(n1)nccc2,,,,,,,,,,,,,-10.26575756072998,,,,,,,,,
O=C(N1CCCC1)CSc1ccccc1C(=O)N1CCC(=CC1)c1c[nH]c2c1cccn2,,,-11.752338409423828,,,,,,,,,-12.171661376953125,,,,,,,,,,
O=C(N1CCCC1)[C@@H]1CC[C@@H](C1)NC(c1cccnc1)c1ncc[nH]1,,,,,,,,,-11.425331115722654,,,,,,,,,,,,,-11.844215393066404
O=C(N1CCCC1C1CCCc2c1cccc2)c1cn2c(n1)nccc2,,,,,,,,,,,,,,,,-11.446215629577635,,,,,,
O=C(N1CCCC1c1nc2c([nH]1)cccc2)Cn1c(C)cc2c1cccc2,,,-11.263195991516113,,,,,,,,,,,,,,,,,,,
O=C(N1CCCc2c1cc(cc2)[N+](=O)[O-])CCCOc1cccnc1,,,,,-12.203266143798828,,,,,,,,,,,,,,,,,
O=C(N1CCCc2c1cccc2)c1cn(nc1c1cccnc1)Cc1ccccc1,,,,-12.733665466308596,,,,,,,,,,,,,,,,,,
O=C(N1CCCc2c1cccc2[N+](=O)[O-])c1nccc(c1)n1cccn1,,,,,,,-11.92175006866455,,,,,,,,,,,,,,,
O=C(N1CCNC(=O)c2c1cccc2C)C1CC1c1ccc2c(c1)cccc2,,,,,,,,,,,,,,,,-11.208353042602539,,,,,,
O=C(N1CCOC(C1)c1ccnc(n1)N(C)C)Cc1cccnc1,,,,,,,,,,,,-12.033370971679688,,,,,,,,,,
O=C(N1CCSc2c1cc(cc2)C(F)(F)F)c1cccnc1,,,,-12.503496170043945,,,,,,,,,,,,,,,,,,
O=C(N1CCc2c(C1C(=O)N)cccc2)Cc1c(C)n[nH]c1C,,,,,,,,,,,,,,,-11.923815727233887,,,,,,,
O=C(NC(=O)N)CCN(Cc1ccccc1)Cc1ccccc1,,,,,,-12.248003005981445,,,,,,,,,,,,,,,,
O=C(NC(=O)N)CCn1c(C)nc2c(c1=O)cccc2,,,,,-11.873297691345215,,,,,,,,,,,,,,,,,
O=C(NC(C(=O)N)C(=O)N)NCC(c1ccc2c(c1)OCCO2)(C)C,,,,,-11.663818359375,,,,,,,,,,,,,,,,,
O=C(NC(C(=O)N)C(=O)N)NCC1(CCCCC1)c1cccc(c1)C,,,,,,,,,,,,,,-13.005163192749025,,,,,,,,
O=C(NC(C(=O)N)C(=O)N)NCc1cccc(c1)Cn1ccnc1C,,,,,,,,-10.30746364593506,-11.429129600524902,,,,,,,,,,,,,
O=C(NC(c1ccc(cc1)n1cncc1)C)Nc1ccc(c(c1)Cl)Cl,,,,,,,,-11.03009796142578,,,,,,,,,,,,,,
O=C(NC(c1ccc2c(c1)CC(=O)N2)C)Nc1ccccn1,,,,,,,,-10.506335258483887,,,,,,,,,,,,,,
O=C(NC(c1ccc2c(c1)CCCC2)C)CSc1nnc(n1CCC(=O)N)C1CC1,,,,,,-12.501739501953125,,,,,,,,,,,,,,,,
O=C(NC(c1nc2c([nH]1)cccc2)C)Nc1cccc(c1)C(F)(F)F,,,,-12.500860214233398,,,,,,,,,,,,,,,,,,
O=C(NC(c1ncc[nH]1)C)Cc1coc(n1)c1ccc(cc1)Cl,,,,,,,,,,,,,,,-12.10163116455078,,,,,,,
O=C(NC1CCCCC1)CSc1ncnc2c1oc1c2cccc1,,,,,,,,,,,,,,,,,,,,,-12.004509925842285,
O=C(NCC(c1ccccc1)(C)C)CCc1cccnc1,,,,-13.158369064331055,,,,,,,,,,,,,,,,,,
O=C(Nc1c[nH]nc1)NCc1cccc(c1)N1CC=CC1,,,,,-11.509980201721193,,,,,,,,,,,,-12.43976879119873,,,,,
O=C(Nc1cc(Br)c[nH]c1=O)C[C@@H]1C[C@H]1c1ccccc1,,,,,,,,,,,,,,,,,-12.25027561187744,,,,,
O=C(Nc1ccc(cc1)F)CSc1ccccc1C(=O)N1CCN(CC1)Cc1ccncc1,,,,,,,,,,,,-11.887164115905762,,,,,,,,,,
O=C(Nc1ccc2c(c1)OC1(O2)CCCC1)CCCc1nc2ccccc2c(=O)[nH]1,,,,,,,,,-11.894140243530273,,,,,,,,,,,,,
O=C(Nc1cccc(c1)n1cnnn1)CCc1ccc(o1)c1ccccc1,,,,,,,,,,,,,,,,-11.455205917358398,,,,,,
O=C(Nc1ccccc1Oc1ccccc1)CSc1nnc(o1)c1n[nH]c2c1cccc2,,,,,,,,,,,,,,,,-11.430444717407227,,,,,,
O=C(Nc1ccccn1)CCNC(=O)C(=O)c1ccc(cc1)C,,,,,-11.457630157470705,,,,,,,,,,,,,,,,,
O=C(Nc1ccccn1)NC1CCN2C1CCCC2,,,,,,,,,,,,-11.966636657714846,,,,,,,,,,
O=C(Nc1cccnc1)CNC(=O)c1c[nH]cc1c1ccc(cc1)F,,,,,,,,-10.49605941772461,,,,,,,,,,,,,,
O=C(Nc1cccnc1)NCC1CCCc2c1nc(s2)C,,,,,,,,,,,,,,,,,,,,,,-11.840712547302244
O=C(Nc1cccnc1)NCCc1ccn(n1)c1ccc(cc1)F,-11.62464714050293,,,,,,,,,,,,,,,-11.745712280273438,,,,,,-11.771279335021973
O=C(Nc1nc2c(s1)cc(cc2)F)CCc1onc(n1)c1ccncc1,,,,,,,,,,,,,,,,,,,,,-12.768527030944824,
O=C(Nc1nnc(s1)c1ccccn1)CCc1cccc(c1F)F,,,,,,,,,,-10.689647674560547,,,,,,,,,,,,
O=C(Nc1scc(n1)c1cccnc1)CCn1[nH]c(=O)c2c(c1=O)cccc2,,,,,,,,,,,-10.530051231384276,,,,,,,,,,,
O=C([C@H]1CCO[C@@H]1c1c(C)nn(c1C)c1ccccc1)N1CCc2c(C1)c(=O)[nH]cn2,,-12.330297470092773,,,,,,,,,,,,,,,,,,,,-12.012447357177734
O=C(c1[nH]c(c(c1C)C(=O)C)C)N1CCCC1c1cccnc1,,,,,,,,,,-10.961627960205078,,,,,,,,,,,,
O=C(c1[nH]ccc1C1CC1)N[C@H]1CCO[C@H]1c1ncn[nH]1,,,,,,,,,,-11.34427547454834,,,,,,,,,,,,
O=C(c1[nH]nc2c1CCCC2)NC1CCCN(C1)c1ncc[nH]c1=O,,,,,,,,-10.296463966369627,,,,,,,,,,,,,,
O=C(c1[nH]nc2c1CCCC2)NCC1(O)CSCC1,,,,,,,,,,,,,,-12.326796531677244,,,,,,,,
O=C(c1[nH]nc2c1CCCC2)Nc1ccc(c(c1)Cl)C,,,,,,,-12.226961135864258,,,,,,,,,,,,,,,
O=C(c1[nH]nc2c1CCCC2)Nc1ccc(cc1)Cc1nnn[nH]1,,,,,,,,,-11.463507652282715,,,,,,,,,,,,,
O=C(c1c(C)[nH]c2c1cccc2)CSc1nc2sccc2c(=O)[nH]1,,-12.63273811340332,,,,,,,,,,,,,,,,,,,,
O=C(c1c(c2ccccc2)n(c2c1cccc2)C)CSc1nnc([nH]1)N,,,,-13.394457817077635,,,,,,,,,,,,,,,,,,
O=C(c1c(c2ccccc2)n(c2c1cccc2)C)CSc1nnc[nH]1,,,,,,,-12.07325839996338,,,,,,,,,,,,,,,
O=C(c1c[nH]c2c1cccc2)C(c1ccccc1)Nc1cccc(c1)S(=O)(=O)N,,,,,,,,,,,,,,,,,,,,,-12.000125885009766,
O=C(c1c[nH]c2c1cccc2)C(c1ccccc1)Sc1nc2ccccc2c(=O)[nH]1,,,,,,,,,,,,,,-12.433993339538574,,,-12.287481307983398,,,,,
O=C(c1c[nH]c2c1cccc2)CSc1ncnc2c1c(C)c(s2)C,,,,,,,,,-11.906736373901367,,,,,,,,,,,,,
O=C(c1c[nH]c2c1cccc2)CSc1nnc([nH]1)N,,,,,-11.755060195922852,,,,,,,,,,,,,,,,,
O=C(c1c[nH]c2c1cccn2)N1CCCC(C1)n1cccn1,,,,,,,,,,-11.03337287902832,,,,,,,,,,,,
O=C(c1cc(n(c1C)C1CC1)C)N1CCCC(C1)c1ccn[nH]1,,,,,,,,,,,,,,,,-11.24641227722168,,,,,,
O=C(c1cc(nc2c1cccc2)N(C)C)N1CCc2c(C1)nc[nH]c2=O,,,,,,,,,,,,-12.644387245178224,,,-12.246589660644533,,,,,,,
O=C(c1ccc([nH]c1=O)C(F)(F)F)NCC(c1c[nH]c2c1cccc2)c1ccccc1Cl,,,,,,,,,,-11.230587005615234,,,,,,,,,,,,
O=C(c1ccc([nH]c1=O)C)N1CCC(=CC1)c1c[nH]c2c1cccn2,,,-11.335148811340332,,,,,,,,,,,,,,,,,,,
O=C(c1ccc([nH]c1=O)C)NCC1CCCc2c1cccc2,,,-11.291668891906738,,,,,,,,,,,,,,,,,,,
O=C(c1ccc(c(c1)F)N(C)C)N1CCC(=CC1)c1c[nH]c2c1cccn2,,,-11.858809471130373,,,,,,,,,,,,,,,,,,,
O=C(c1ccc(c(c1)[N+](=O)[O-])Nc1ccccc1)N1CCC(=CC1)c1c[nH]c2c1cccn2,,-12.65869426727295,,,,,,,,,,,,,,,,,,,,
O=C(c1ccc(cc1)CSc1nnc[nH]1)N1CCC(CC1)c1ccccc1,,-12.366216659545898,,,,,,,,,,,,,,,,,,,,
O=C(c1ccc(cc1)OC(F)(F)F)NCCOP(=O)(O)O,,,,,,,,,,,-11.03070068359375,,,,,,,,,,,
O=C(c1ccc(cc1)c1nnn[nH]1)NC(c1ccccc1)c1ccccc1,-11.888145446777346,,,,,,,,,,,,,,,,,,,,,
O=C(c1ccc2c(c1)cccc2)CSc1nnc(o1)c1ccncc1,,,,,,,,,,,,,,,,,-12.435428619384766,,,,-13.921100616455078,
O=C(c1ccc2c(c1)nc[nH]2)N1CCC(CC1)n1c(=O)[nH]c2c1cccc2,,,-11.710416793823242,,,,,,,,,,,,,,,,,,,
O=C(c1ccc2c(c1)nn[nH]2)N1CCC(=CC1)c1c[nH]c2c1cccn2,,,,,,,,,,,,-11.761934280395508,,,,,,-11.918888092041016,,,,
O=C(c1ccc2c(c1)nn[nH]2)N1CCCC(C1)n1cccn1,,,,,,,,,,,-10.413936614990234,,,,,,,,,,,
O=C(c1ccc2c(c1)nn[nH]2)N1CCc2c(C1)ccs2,,,,,,,,,,,,,-9.89066219329834,,,,,,,,,
O=C(c1ccc2c(n1)cccc2)N1CCCC(C1)(O)Cn1nncc1,-11.660012245178224,,,,,,,,,,,,,,,,,,,,,
O=C(c1cccc(c1C)C)N1CCC(=CC1)c1c[nH]c2c1cccn2,,,-11.317652702331545,,,,,,,,,,,,,,,,,,,
O=C(c1cccc2c1cccn2)NCCc1c[nH]c2c1cccc2,,,,,-11.556987762451172,,,,,,,,,,,,,,,,,
O=C(c1cccc2c1ccnc2)N1CCC(CC1)Cc1nc2c([nH]1)cccc2,,-12.332653999328613,,,,,,,,,,,,,,,,,,,,
O=C(c1ccccc1)N1CCCC(C1)NCc1cccnc1,,,,-12.945528030395508,,,,,,,,,,,,,,,,,,
O=C(c1ccccc1)Nc1ccccc1n1ncc2c1nc[nH]c2=O,,,,,,,,-11.32981014251709,,,,,,,,,,,,,,
O=C(c1ccccn1)Nc1cnccc1O,,,,,,,,,,-10.627765655517578,,,,,,,,,,,,
O=C(c1cccnc1)N1CCC(=CC1)c1c[nH]c2c1cccc2,,,,,,,,,,,,,,,,,,-11.04501247406006,,,,
O=C(c1cccnc1)NC(c1ccc2c(c1)CCCC2)c1cccs1,,,,,,,,,,,,,,,-12.576456069946287,,,,,,,
O=C(c1cccnc1)NC(c1ccccc1)Cc1ccccc1,,,,,,,-11.88611125946045,,,,,,,,,,,,,-12.317800521850586,,
O=C(c1cccnc1)NC(c1nccn1C)c1ccccc1,,,,,,,,-11.074249267578123,,,,,,,,,,,,,,
O=C(c1cccnc1)NC(c1nnc2n1CCCCC2)C,,,,,,,,,,,,,,,,,,,,,-12.356659889221193,
O=C(c1cccnc1)NCC(c1c[nH]c2c1cccc2)c1ccccc1Cl,,,,,,,,,,,,,,,-12.41842555999756,,,,,-13.236506462097168,,
O=C(c1cccnc1)NCCCc1cc(n(n1)c1ccccc1)N,,,-11.285039901733398,,,,,,,,,,,,,,,,,,,
O=C(c1cccnc1)NCCN1CCc2c(C1)cccc2,,,,,,,,,,,,,-9.906942367553713,,,-11.079275131225586,,,,,-12.833073616027832,
O=C(c1cccnc1)NCc1cccc(c1)CN1CCCC1,,,,,,,,,,,,,,,,-11.152645111083984,,,,,,
O=C(c1cccnc1)Nc1ccn(n1)c1ncccc1Cl,,,,,,,,,,-11.498933792114258,,,,,,,,,,,,
O=C(c1cccnc1N1CCCC1)N1CCCC(C1)c1nnc[nH]1,,,,,-12.509379386901855,,,,,,,,,,,,,,,,,
O=C(c1cccnc1NCCOc1cccnc1)N1CCCCC1,,,,,,,,-10.70645809173584,,,,,,,,,,,,,,
O=C(c1cccnc1O)NCCc1nccs1,,,,,,,,,,-10.866462707519533,,,,,,,,,,,,
O=C(c1ccco1)N1CCN(CC1)c1nc(nc2c1cccc2)c1cccnc1,,,,,,-12.338848114013672,,,,,,,,,,,,,,,,
O=C(c1ccco1)Nc1sc2c(c1c1nc3c([nH]1)cccc3)CCCC2,,,,,,,,,,,,,,,-12.485416412353516,,,,,,,
O=C(c1ccco1)Nc1sc2c(c1c1nc3c(s1)cccc3)CCCC2,,,,,,,,,,,,,,,-12.676149368286133,,,,,,,
O=C(c1ccnc2c1cncc2)N1CCC(C1)C1CCOCC1,,,,,,,,,,,,,,,,,,,-10.83939266204834,,,
O=C(c1ccnc2c1cncc2)N1CCC(CC1)C(C)(C)C,,,,,,,,,,,,,-10.388679504394533,,,,,,,,,
O=C(c1ccnc2c1cncc2)N1CCCC(C1)C(C)(C)C,,,,,,,,,,,,,-10.514907836914062,,,,,,,,,
O=C(c1ccnc2c1cncc2)NCCc1ccc2c(c1)CCO2,,,,,,,,,,,-10.629852294921877,,-10.5562105178833,,,,,,,,,
O=C(c1ccnn1c1ccccc1)N1CCCC(C1)c1nnc[nH]1,,,,,-11.561800003051758,,,,,,,,,,,,,,,,,
O=C(c1cn(nc1c1cccnc1)Cc1ccccc1)NCCc1cccs1,,,,,,,,,,,,,,-12.816885948181152,,,,,,,,
O=C(c1cn(nc1c1cccnc1)Cc1ccccc1)Nc1ccc2c(c1)OCO2,,,,,,,,,,,,-12.295489311218262,,,,,,,,,,
O=C(c1cnc2c(c1)c(C)no2)N1CCC(=CC1)c1c[nH]c2c1cccc2,,,,,,,,,,,,,,,,,,,,,,-12.329949378967285
O=C(c1cncc(c1C)Cl)N[C@H]1CCC[C@H]1Oc1c[nH]nc1,,,,,,,,,,,,,,,,,,,-11.259504318237305,,,
O=C(c1cnccc1N(C)C)N1CCOC(C1)(C)c1ccccc1,,,,,,,,,,,,,,,,,,,,,-12.216757774353027,
O=C(c1cnccn1)NCCC(c1ccccc1)c1ccccc1,-13.616771697998047,-12.35918140411377,,-13.126235008239744,,-12.903974533081055,,-11.860137939453125,,,,,,,-12.790247917175293,,,,,,,-11.813106536865234
O=C(c1cnccn1)Nc1c(nc2n1cccc2C)c1ccccc1,,,,,,,,,,,,,,,-12.071524620056152,,,,,,,
O=C(c1cnccn1)Nc1cc(ccc1n1cccn1)C(F)(F)F,,,,-13.054983139038086,,,-11.756580352783205,,,,,,,,,,,,,,,
O=C(c1cncnc1C)NC[C@@H]1CCCO[C@H]1c1ccn[nH]1,,,,,,,,,,,,,-10.236135482788086,,,,,,,,,
O=C(c1cncnc1N)N(C1CCCCC1)Cc1ccccc1,,,,,,,,,,,,,,,-12.184642791748047,,,,,,,-11.970584869384766
O=C(c1cnn(c1C)C)NCC(c1c[nH]c2c1cccc2)c1ccccc1,-11.77672290802002,,,,,-12.454835891723633,,,,,,,,,,,,,,,,
O=C(c1cocc1)NCC(c1c[nH]c2c1cccc2)c1ccccc1,-11.728141784667967,,,,,,,,,,,,,,-12.689142227172852,,,,,,,
O=C(c1csc(n1)c1cnccn1)N1CCCC(C1)n1cccn1,,,,,,,,-10.567647933959961,,,,,,,,,,,,,,
O=C(c1n[nH]c(c1)C1CC1)N1CCC(=CC1)c1c[nH]c2c1cccn2,,,-11.633744239807127,,,,,,,,,,,,,,,,,,,
O=C(c1n[nH]c(c1[N+](=O)[O-])C)NCC1(CC1)c1ccccc1,,,,,-12.57339859008789,,,,,,,,,,,,,,,,,
O=C(c1nc(C)c([nH]c1=O)C)NC(c1cccnc1)C1CCCCC1,,,,,,,,,,-11.336532592773438,,,,,,,,,,,,
O=C(c1nccnc1)NC(c1ccc2c(c1)CCC2)c1cccs1,,,,,,,,,,,,,,,-12.151448249816895,,,,,,,-11.691832542419435
O=C(c1nccnc1)NC(c1ccc2c(c1)CCCC2)c1cccs1,,,,,,,,,,,,,,,-12.573433876037598,,,,,,,-12.004621505737305
O=C(c1nccnc1N)NCC(c1c[nH]c2c1cccc2)c1ccccc1,-11.853483200073242,,,,,-12.811936378479006,,,,,,,,,-12.492843627929688,,,,,,,
O=C(c1oc2c(c1CSc1nnc[nH]1)cccc2)N1CCCCC1,,,,,,-12.730587005615234,-12.481035232543945,,,,,,,,,,,,,,,
O=C1CC2(C(=O)N1Cc1nc3n(c1)cccn3)CCc1c2cccc1,,,,,,,,,,,,,,,,,,,-10.836624145507812,,,
O=C1CCC2c3c1cccc3N(C2)S(=O)(=O)c1cccnc1,,,,,,,,,,,,,,,,,,-11.116573333740234,-11.224310874938963,,,
O=C1CCCCN1c1cccc(c1)CNC(=O)c1ccc([nH]c1=O)C,,,,-12.440277099609375,,,,,,,,,,,,,,,,,,
O=C1CCCN1c1ccc(cc1)C(=O)N1CCN(CC1)Cc1nc2ccccc2c(=O)[nH]1,,-12.336594581604006,,,,,,,,,,,,,,,,,,,,
O=C1COc2c(N1)cc(cc2)C(Nc1cncc(c1)Br)C,,,,,,,,-10.959394454956056,,,,,,,,,,,,,,
O=C1N(C)CC2N1CCN(C2)c1nc(nc(c1C)C)c1cccnc1,,,,,,,,,,,,-12.417492866516113,,,,,,,,,,
O=C1N(C2CC2)C(Nc2c1cccc2)c1cn(nc1c1cccnc1)c1ccccc1,,,,,,,,,,,,,,-12.454297065734865,,,,,,,,
O=C1NC2CCCCC2N(C1)C(=O)Nc1cccc(c1Cl)C,,,,,,,,,,-10.64088535308838,,,,,,,,,,,,
O=C1NCCN(C1)C(=O)CCCc1nc2c(s1)cccc2,,,,,,,,,,,,,,,,,-12.217321395874025,,,,,
O=C1NCCN(C1)c1nc(nc2c1c(cs2)c1ccccc1)c1cccnc1,,,,,,,,,,,,,,,,,,-11.19589900970459,,,,
O=C1NCc2c1c1c([nH]c3c1cccc3)c1c2c2ccccc2[nH]1,,,,,,,,,,,,,,-12.782100677490234,,,,,,,,
O=C1Nc2c(C1(C)C)ccc(c2)C(=O)N1CCN(CC1)c1cccnn1,,,,-12.51905918121338,,,,,,,,,,,,,,,,,,
O=C1Nc2ccccc2N(C1)C(=O)CN(Cc1ccccc1Cl)C,,,,,,,,,,,,,,,,,-12.223820686340332,,,,,
O=C1Nc2ccccc2N(C1)C(=O)CN(Cc1ccco1)Cc1ccco1,,,,,,,,,,,,,,,,,-12.379992485046387,,,,,
O=C1Nc2ccccc2N(C1)C(=O)COc1c(Cl)cc(c2c1nc(C)cc2)Cl,,,,,,,,,,,,,,,,,-12.532896041870115,,,,,
O=C1Nc2cnccc2N(C1)C(=O)C1CCN(C1)c1ccccc1Cl,,,,,,,,,,,,,,,,,-12.65273380279541,,,,,
O=C1O[C@H]([C@H](N1)C(=O)N[C@H](C(=O)N1CCC[C@H]1C)Cc1cscn1)C,,,,,,,,,,,,,,-12.605684280395508,,,,,,,,
O=S(=O)(c1ccc(cc1)C(C)(C)C)NCCc1c[nH]nc1,,,,,,,,,,,,,,,,,-12.317399978637695,,,,,
O=S(=O)(c1ccc(cc1)C(F)(F)F)Nc1cccc(c1)Oc1cnccn1,,,,,,,,,,,,,,,,,-12.934419631958008,,,,,
O=S(=O)(c1cccc2c1ccnc2)N1CC2(C1c1ccccc1)CCOCC2,,,,,,,,,,,,,,,,,,,,,,-11.666059494018555
O=S1(=O)CCC(C1)N1CCN(CC1)c1nc(nc2c1cccc2)c1cccnc1,-11.775080680847168,,,,,,,,-11.918539047241213,,,,,,,,,,,-13.02336883544922,,
O=c1[nH][nH]c(n1)CSc1nc(nc2c1cccc2)c1ccco1,,,,,,,,,,,,,,,,,,,,,-12.326265335083008,
O=c1[nH]c(=O)c(c([nH]1)C(=O)N1CCC2(CC1)C1CC3CC2CC(C1)C3)N,,,,,,,,-10.443296432495117,,,,,,,,,,,,,,
O=c1[nH]c(Cc2c[nH]c3c2cccc3)nc2c1cccc2,,,,,,,,,,,-10.523408889770508,,,,,,,,,,,
O=c1[nH]c2c(o1)ccc(c2)C(=O)N1CCCC1c1c(C)n[nH]c1C,,,,,,,,,,,,,,-13.120235443115234,,,,,,,,
O=c1[nH]c2ccccc2c2n1nc(n2)c1ccccn1,-11.713483810424805,,,,,,,,-11.49663257598877,,,,,-12.668326377868652,,,,,,,,
O=c1[nH]ncc(c1Cl)N1CCN(CC1)c1nccs1,,,,,,,,,,,,,,,,,-12.297954559326172,,,,,
O=c1[nH]ncc(c1Cl)NCC(c1ccc2c(c1)OCCO2)(C)C,,,,,,,,,,,-10.560041427612305,,,,,,,,,,,
O=c1[nH]ncc(c1Cl)NCCNc1ccccn1,,,,,,,,,,,,,,,,,-12.740793228149414,,,,,
O=c1[nH]ncc(c1Cl)NCCc1c[nH]c2c1cccc2,,,,,,,,,,,,,,,,,-12.170483589172365,,,,,
O=c1ccc(c[nH]1)C(=O)NC(c1nc2c([nH]1)cccc2)Cc1ccccc1,,,-11.82363510131836,,,,,,,,,,,,,,,-11.170618057250977,,,,
O=c1ccc(cn1Cc1nn(c2c1CCC2)c1ccccc1)c1nnco1,,,,,,,,,,,,,,,,,-12.54038906097412,,,,,
O=c1ccnc2n1nc(s2)NC(c1ccccc1)CC(C)(C)C,,,,,,,,,,,,,,,,,,,,,-12.09009838104248,
OC(=O)/C=C/c1ccc(cc1)Oc1c(sc2c1ccc(c2)O)c1ccc(cc1C(F)(F)C)F,-11.936208724975586,,,,,,,,,,,,,,,,,,,,,
OC(=O)C(=O)O.Fc1ccc(cc1)Oc1c(CNCc2nc3c([nH]2)cccc3)c(nn1c1ccccc1)C,,-13.127420425415039,,,,,,,,,,,,,,,,,,,,
OC(=O)C(=O)O.OCC(CNCC(c1c[nH]c2c1cccc2)c1ccc(cc1)OC)O,,,,,,,,,-11.48910140991211,,,,,,,,,,,,,
OC(=O)C1CC2C(N1C(=O)Cc1cccnc1)CCCC2,,,,,,,,,,,,,,,,,,,,,-12.71265983581543,
OC(=O)CCC(=O)N(Cc1cn(nc1c1cccnc1)c1ccccc1)C,,,,,,,,,,,,,,,,,,,-11.068792343139648,,,
OC(C(=O)NC1CC1)C1CCN(CC1)c1cncc(n1)n1ccnc1C,,,,-12.99112033843994,,,,,,,,,,,,,,,,,,
OC(Cn1c2ccccc2c2c1cccc2)CN1C(=O)NC(C1=O)(C)C,,,,,-11.709512710571287,,,,,,,,,,,,,,,,,
OC(Cn1ccnc1C(=O)c1cccnc1)CN1CCC(CC1)C,,,,,,,,,,,-10.416828155517578,,,,,,,,,,,
OC1CCN(CC1)Cc1cc(Cl)ccc1OCc1cccnc1,,,,,,,,,,,,,,,,,,,-10.940109252929688,,,
OC1CN(C(C1)c1cc(F)ccc1F)C(=O)Cc1ccon1,-11.652466773986815,,,,,,,,,,,,,,,,,,,,,
OCC(NC(=O)c1cnc(c(c1)Cl)N)Cc1ccccc1,,,,,,,,,,-10.57352352142334,,,,,,,,,,,,
OCC1C2CCC(C1NC(=O)Nc1nncs1)C2,,,,,,,,,,,,,,-12.329469680786133,,,,,,,,
OCC1c2ccccc2CCN1C(=O)c1cncc(c1)C,,,,,,,,,,,,,,,,,,,-10.931904792785645,,,
OCCC(Nc1nc2ccccc2cc1CO)C,,,,,-11.457948684692385,,,,,,,,,,,,,,,,,
OCCCC(c1ccccc1)Nc1nc2c(n1C)c(=O)[nH]c(=O)n2C,,,,,,,,,,,,,,-12.618108749389648,,,,,,,,
OCCN(c1nc(nc2c1cccc2)c1cccnc1)C,,,,,,,,,,,-10.439874649047852,-12.004076957702635,,,,,,,,-12.146559715270994,,
OCCNc1nc(c(s1)c1ccccc1)c1ccccc1,-11.869671821594238,,,,,,,,,,,,,,,,,,,,,
OC[C@@H]1CN(C[C@H]1c1cnn(c1)C)c1ccnc2c1cncc2,,,,,,,,,,,,,-10.029335021972656,,,,,,,,,
OC[C@H]1C=C[C@H](C1)Nc1nc(nc2c1cccc2)c1cccnc1,,,,,,,,,,,,-12.108259201049805,,,,,,,,,,
OC[C@H]1CN(CC[C@H]1c1ccccc1)C(=O)c1cncc2c1cccc2,,,-12.320757865905762,,,,,,,,,,,,,,,,,,,
OCc1ccncc1NC(=O)c1ccc(cc1C)F,,,,,,,,,,,,,-9.907373428344727,,,,,,,,,
OCc1ccncc1NCc1cc(Cl)cc2c1nccc2,,,,,,,,,,,-10.346610069274902,,,,,,,,,,,
OP(=O)(C(P(=O)(O)O)(Cc1cccc(c1)c1ccc(cc1)c1ccccc1)O)O,,,,,,,,,,,,,,,,,-12.532257080078125,,,,,
O[C@@H]1[C@@H](COP(=O)(OP(=O)(OP(=O)(O)O)O)O)O[C@H]([C@@H]1O)n1c[n+](c2c1nc(N)[nH]c2=O)C,,,,,,,,,,,,,,,,,,,,,,-11.698058128356935
O[C@@H]1[C@@H](O)[C@@H](O[C@H]1[n+]1cccc(c1)C(=O)N)COP(=O)(O)O,,,,,,,,,,,-11.136924743652344,,,,,,,,,,,
O[C@@H]1[C@H](O)[C@H](O[C@H]1c1[nH]nc2c1ncnc2N)COP(=O)(O)O,,,,,,,,,,,,,-10.140637397766113,,,,,,,,,
O[C@H]1CCN(C1)C(=O)c1ncn(c1)c1ccc(cc1)Br,,,,,,,,,,,,,-9.9229097366333,,,,,,,,,
O[C@H]1C[C@@H](O[C@@H]1CO[P@@](=O)(NP(=O)(O)O)O)n1ccc(=O)[nH]c1=O,,,,,,,,-10.815610885620117,,,,,,,,,,,,,,
Oc1cc(O)c2c(c1)O[C@@H]([C@@H](C2)OC(=O)c1cc(O)c(c(c1)O)O)c1cc(O)c(c(c1)O)O,,,,,,,,,,,,,,,,,-12.17550277709961,,,,,-11.677817344665527
Oc1ccc(cc1)CCNc1nc(nc2c1cccc2)c1cccnc1,,,,,,,,,,,,-12.661531448364258,,,,,,,,,,-11.74066925048828
Oc1ccc(cc1)SCC(=O)N1CCCC(C1)c1[nH]nc(c1)C,-11.692410469055176,,,,,,,,,,,,,,,,,,,,,
Oc1ccc(cc1)[C@@H]1Oc2ccc(cc2[C@H]2[C@@H]1CC(C2)(F)F)O,,,,,-11.976624488830565,,,,,,,,,,,,,,,,,
Oc1ccc(cc1)c1scc(n1)c1cc(n(c1C)c1nccs1)C,,,,-12.869929313659668,,,,,,,,,,,,,,,,,,
Oc1ccc(cn1)C(=O)N1CCc2c(C1)cc(cc2)O,,,,,,,,-10.495885848999023,,,,,,,,,,,,,,
Oc1ccc2c(c1)C=CC1=CCC=C[C@@H]1N2Cc1cnc2c(n1)c(N)nc(n2)N,,,,,,,,,,,-10.370469093322754,,,,,,,,,,,
Oc1ccccc1N1CCN(CC1)c1nc(nc2c1cccc2)c1cccnc1,,,,,,-12.594550132751465,,,,,,-12.545175552368164,,,,,,,,-12.707515716552734,,
Oc1ccccc1c1n[nH]c(c1c1nc2c(n1C)cccc2)c1ccccc1,-11.76956558227539,,,,,,,,,,,,,,,,,,,,,
Oc1ccncc1NC(=O)c1cc(n(c1C)c1cccnc1)C,,,,,,,,-10.367948532104492,,,,,,,,,,,,,,
Oc1ncccc1C(=O)N1CCC(=CC1)c1c[nH]c2c1cccn2,,,,,,,,,,,,,,,,,,-11.681194305419922,,,,
S=c1[nH]c(=O)c(c([nH]1)c1ccccc1)Cc1c(O)ccc2c1cccc2,,,,,,,-11.75706672668457,,,,,,,,,,,,,,,
c1ccc(cc1)C(c1ccccc1)CNc1ncnc2c1cn[nH]2,,,,,,,,,,,,,,,,,,,,,,-11.804272651672365
c1ccc(cc1)C(c1ccccc1)N1CCN(CC1)c1ncnc2c1cn[nH]2,-11.837011337280273,,,,,,,,,,,,,,,,,,,,,
c1ccc(cc1)C(c1ccccc1)NCc1cccnc1.OC(=O)C(=O)O,,,,,,,,,,,,,,,-12.333614349365234,,,,,,,
c1ccc(cc1)C(c1ccccn1)Nc1cncc(n1)n1cccn1,,,,,,,,,,,,,,,,,,,,,-12.058465957641602,
c1ccc(cc1)C1=CCN(CC1)c1nc(nc2c1cccc2)c1cccnc1,,,,,,,,,,,,-12.229011535644533,,,,,,,,,,
c1ccc(cc1)C1CN(C2C1CCC2)c1nccn2c1nnc2,,,,,,,,,,,,,,,,,,,,,-12.118663787841795,
c1ccc(cc1)C1Oc2ccccc2C2N1N=C(C2)c1cccnc1,,,,,,,,,,,,-11.827898025512695,,,,,,,,,,
c1ccc(cc1)CCn1cnc2c1CCN(C2)c1cnccn1,,,,,,,,,-11.419697761535645,,-10.52788543701172,,,,,,,,,,,
c1ccc(cc1)Oc1nc(nc2c1cccc2)c1cccnc1,,,,,,,,,,,,-12.015021324157715,,,-12.585308074951172,,,,,-13.541997909545898,,
c1ccc(cc1)c1[nH]c2c(c1c1csc(n1)c1cnccn1)cccc2,,,,-13.400350570678713,,,,,,,,,,-14.15615940093994,,,,,,,,
c1ccc(cc1)c1ccc(cc1)Oc1nc(nc2c1cccc2)c1cccnc1,,,,,,,,,,-11.190437316894533,,,,,,,,,,,,
c1ccc(cc1)c1csc(n1)Nc1cccnc1,,,,,,,,,,,,,,,,,,,,,-12.296435356140135,
c1ccc(cn1)CNCc1c[nH]nc1c1cc2c(o1)cccc2,,,,,,,,,,,,,,,,,,-11.270031929016113,-11.423107147216795,-12.2196683883667,,
c1ccc(cn1)CNCc1ccncc1,,,,,,,,,,,,,,,,,,,,,-12.267011642456055,
c1ccc(cn1)Oc1nc(nc2c1cccc2)c1cccnc1,,,,,,,,,,-11.172807693481444,,,,,-11.955272674560547,,,,,-12.565216064453125,,
c1ccc(cn1)c1nc(Oc2ccc3c(c2)OCO3)c2c(n1)cccc2,,,,,,,,,,,,,,,,,,,,-12.158971786499025,,
c1ccc(cn1)c1nc(Oc2ccc3c(c2)cccc3)c2c(n1)cccc2,,,,,,,,,-11.492778778076172,-10.60124397277832,,,,,,,,,,-13.702503204345705,,
c1ccc(cn1)c1nc(Oc2cccc3c2cccc3)c2c(n1)cccc2,,,,,,,,,-11.391130447387695,,,-11.853010177612305,,,,,,,,-13.27734661102295,,
c1ccc2c(c1)[nH]c(n2)CNc1ncnc2c1ccs2,,,,,-12.416306495666506,,,,,,,,,,,,,,,,,
c1ccc2c(c1)c(c[nH]2)C1=CCN(CC1)c1ncnc2c1cn[nH]2,,,,,,,,,,,,,,,,,,-11.938943862915039,,,,
c1cnc2c(c1)c(c[nH]2)C1=CCN(CC1)c1ncnc2c1cn[nH]2,,-12.666276931762695,,,,,,,,,,,,,,,,-11.6182861328125,,,,
c1cnc2c(c1)c(c[nH]2)C1=CCN(CC1)c1ncnc2c1scc2,,-12.458423614501953,,,,,,,,,,,,,,,,,,,,
